#
# There is insufficient memory for the Java Runtime Environment to continue.
# Native memory allocation (malloc) failed to allocate 2097152 bytes for AllocateHeap
# Possible reasons:
#   The system is out of physical RAM or swap space
#   The process is running with CompressedOops enabled, and the Java Heap may be blocking the growth of the native heap
# Possible solutions:
#   Reduce memory load on the system
#   Increase physical memory or swap space
#   Check if swap backing store is full
#   Decrease Java heap size (-Xmx/-Xms)
#   Decrease number of Java threads
#   Decrease Java thread stack sizes (-Xss)
#   Set larger code cache with -XX:ReservedCodeCacheSize=
#   JVM is running with Zero Based Compressed Oops mode in which the Java heap is
#     placed in the first 32GB address space. The Java Heap base address is the
#     maximum limit for the native heap growth. Please use -XX:HeapBaseMinAddress
#     to set the Java Heap base and to place the Java Heap above 32GB virtual address.
# This output file may be truncated or incomplete.
#
#  Out of Memory Error (allocation.cpp:44), pid=5896, tid=6968
#
# JRE version: OpenJDK Runtime Environment Temurin-21.0.1+12 (21.0.1+12) (build 21.0.1+12-LTS)
# Java VM: OpenJDK 64-Bit Server VM Temurin-21.0.1+12 (21.0.1+12-LTS, mixed mode, sharing, tiered, compressed oops, compressed class ptrs, g1 gc, windows-amd64)
# No core dump will be written. Minidumps are not enabled by default on client versions of Windows
#

---------------  S U M M A R Y ------------

Command Line: -Dsun.java2d.pmoffscreen=false -Dhttps.protocols=TLSv1,TLSv1.1,TLSv1.2 -Dsun.java2d.xrender=false -Dsun.java2d.d3d=false -Dsun.awt.nopixfmt=true -Dsun.java2d.dpiaware=true -Dsun.java2d.uiScale.enabled=false -Dswing.aatext=true -XX:-UsePerfData -Djdk.map.althashing.threshold=512 -XX:StringTableSize=4072 -XX:+UseStringDeduplication -XX:MaxGCPauseMillis=200 -XX:+ParallelRefProcEnabled --add-opens=java.desktop/javax.swing.plaf.synth=ALL-UNNAMED --add-opens=java.base/java.nio=ALL-UNNAMED --add-opens=java.desktop/sun.swing=ALL-UNNAMED --add-opens=java.desktop/javax.swing=ALL-UNNAMED --add-opens=java.desktop/javax.swing.tree=ALL-UNNAMED --add-opens=java.desktop/javax.swing.plaf.basic=ALL-UNNAMED --add-opens=java.desktop/javax.swing.plaf.synth=ALL-UNNAMED --add-opens=java.desktop/javax.swing.plaf.basic=ALL-UNNAMED --add-opens=java.desktop/javax.swing=ALL-UNNAMED --add-opens=java.desktop/javax.swing.tree=ALL-UNNAMED --add-opens=java.desktop/java.awt.event=ALL-UNNAMED --add-exports=java.desktop/javax.swing.plaf.synth=ALL-UNNAMED --add-exports=java.base/java.nio=ALL-UNNAMED --add-exports=java.desktop/sun.swing=ALL-UNNAMED --add-exports=java.desktop/javax.swing=ALL-UNNAMED --add-exports=java.desktop/javax.swing.tree=ALL-UNNAMED --add-exports=java.desktop/javax.swing.plaf.basic=ALL-UNNAMED --add-exports=java.desktop/sun.swing=ALL-UNNAMED --add-exports=java.desktop/sun.swing.table=ALL-UNNAMED --add-exports=java.desktop/sun.swing.plaf.synth=ALL-UNNAMED --add-exports=java.desktop/sun.awt.shell=ALL-UNNAMED --add-exports=java.base/sun.security.action=ALL-UNNAMED --add-exports=java.desktop/sun.font=ALL-UNNAMED -XX:NewSize=80m -XX:MaxNewSize=80m -Xms512m -Xmx4072m -Xss10m 

Host: Intel(R) Core(TM) i9-9880H CPU @ 2.30GHz, 16 cores, 31G,  Windows 10 , 64 bit Build 19041 (10.0.19041.5198)
Time: Sat Dec 14 11:50:32 2024 Pacific Standard Time elapsed time: 293.314676 seconds (0d 0h 4m 53s)

---------------  T H R E A D  ---------------

Current thread (0x000001e820afa630):  VMThread "VM Thread"          [id=6968, stack(0x0000008c0c000000,0x0000008c0c100000) (1024K)]

Stack: [0x0000008c0c000000,0x0000008c0c100000]
Native frames: (J=compiled Java code, j=interpreted, Vv=VM code, C=native code)
V  [jvm.dll+0x6c7789]
V  [jvm.dll+0x8a2011]
V  [jvm.dll+0x8a44ae]
V  [jvm.dll+0x8a4b83]
V  [jvm.dll+0x27f936]
V  [jvm.dll+0xbf4e7]
V  [jvm.dll+0x34415e]
V  [jvm.dll+0x33ea8e]
V  [jvm.dll+0x327348]
V  [jvm.dll+0x369594]
V  [jvm.dll+0x8aa48f]
V  [jvm.dll+0x8ab594]
V  [jvm.dll+0x8abad0]
V  [jvm.dll+0x8abd73]
V  [jvm.dll+0x84af3b]
V  [jvm.dll+0x6c5ebd]
C  [ucrtbase.dll+0x21bb2]
C  [KERNEL32.DLL+0x17374]
C  [ntdll.dll+0x4cc91]

VM_Operation (0x0000008c1acff240): G1CollectFull, mode: safepoint, requested by thread 0x000001e82da60410


---------------  P R O C E S S  ---------------

Threads class SMR info:
_java_thread_list=0x000001e8965dfb60, length=39, elements={
0x000001e814d38850, 0x000001e8296e22d0, 0x000001e82ae0c2b0, 0x000001e82ae0d930,
0x000001e82a3146b0, 0x000001e81cc64680, 0x000001e81cc660c0, 0x000001e8234b4970,
0x000001e8234b5020, 0x000001e81cc67b00, 0x000001e82da5d620, 0x000001e82da5dcb0,
0x000001e82da5c270, 0x000001e82da5cf90, 0x000001e82da5fd80, 0x000001e82da60aa0,
0x000001e82da61e50, 0x000001e82da624e0, 0x000001e82da5b550, 0x000001e82da5c900,
0x000001e82da5f6f0, 0x000001e82da617c0, 0x000001e899a1b1c0, 0x000001e899a19e10,
0x000001e899a183d0, 0x000001e899a1b850, 0x000001e899a18a60, 0x000001e899a1c570,
0x000001e899a1bee0, 0x000001e899a1cc00, 0x000001e899a15c70, 0x000001e899a17d40,
0x000001e899a16300, 0x000001e82e09e310, 0x000001e82e0a31d0, 0x000001e82e0a52a0,
0x000001e897f22020, 0x000001e897f1f8c0, 0x000001e82da60410
}

Java Threads: ( => current thread )
  0x000001e814d38850 JavaThread "main"                              [_thread_blocked, id=9884, stack(0x0000008c09e00000,0x0000008c09f00000) (1024K)]
  0x000001e8296e22d0 JavaThread "Reference Handler"          daemon [_thread_blocked, id=9472, stack(0x0000008c0c100000,0x0000008c0cb00000) (10240K)]
  0x000001e82ae0c2b0 JavaThread "Finalizer"                  daemon [_thread_blocked, id=4232, stack(0x0000008c0cb00000,0x0000008c0d500000) (10240K)]
  0x000001e82ae0d930 JavaThread "Signal Dispatcher"          daemon [_thread_blocked, id=9156, stack(0x0000008c0d500000,0x0000008c0df00000) (10240K)]
  0x000001e82a3146b0 JavaThread "Attach Listener"            daemon [_thread_blocked, id=13532, stack(0x0000008c0df00000,0x0000008c0e900000) (10240K)]
  0x000001e81cc64680 JavaThread "Service Thread"             daemon [_thread_blocked, id=11704, stack(0x0000008c0e900000,0x0000008c0f300000) (10240K)]
  0x000001e81cc660c0 JavaThread "Monitor Deflation Thread"   daemon [_thread_blocked, id=4500, stack(0x0000008c0f300000,0x0000008c0fd00000) (10240K)]
  0x000001e8234b4970 JavaThread "C2 CompilerThread0"         daemon [_thread_blocked, id=13032, stack(0x0000008c0fd00000,0x0000008c0fe00000) (1024K)]
  0x000001e8234b5020 JavaThread "C1 CompilerThread0"         daemon [_thread_blocked, id=12080, stack(0x0000008c0fe00000,0x0000008c0ff00000) (1024K)]
  0x000001e81cc67b00 JavaThread "StringDedupThread"          daemon [_thread_blocked, id=4896, stack(0x0000008c0ff00000,0x0000008c10900000) (10240K)]
  0x000001e82da5d620 JavaThread "Common-Cleaner"             daemon [_thread_blocked, id=3032, stack(0x0000008c10d00000,0x0000008c11700000) (10240K)]
  0x000001e82da5dcb0 JavaThread "Notification Thread"        daemon [_thread_blocked, id=12120, stack(0x0000008c11700000,0x0000008c12100000) (10240K)]
  0x000001e82da5c270 JavaThread "Java2D Disposer"            daemon [_thread_blocked, id=12376, stack(0x0000008c12100000,0x0000008c12b00000) (10240K)]
  0x000001e82da5cf90 JavaThread "AWT-Windows"                daemon [_thread_in_native, id=13320, stack(0x0000008c13500000,0x0000008c13f00000) (10240K)]
  0x000001e82da5fd80 JavaThread "TimerQueue"                 daemon [_thread_blocked, id=6684, stack(0x0000008c12b00000,0x0000008c13500000) (10240K)]
  0x000001e82da60aa0 JavaThread "AWT-Shutdown"                      [_thread_blocked, id=3144, stack(0x0000008c14a00000,0x0000008c15400000) (10240K)]
  0x000001e82da61e50 JavaThread "AWT-EventQueue-0"                  [_thread_blocked, id=2792, stack(0x0000008c15400000,0x0000008c15e00000) (10240K)]
  0x000001e82da624e0 JavaThread "Thread-1"                          [_thread_in_native, id=14604, stack(0x0000008c09f00000,0x0000008c0b300000) (20480K)]
  0x000001e82da5b550 JavaThread "Process Messages Thread"           [_thread_blocked, id=4260, stack(0x0000008c17900000,0x0000008c18300000) (10240K)]
  0x000001e82da5c900 JavaThread "Batik CleanerThread"        daemon [_thread_blocked, id=5604, stack(0x0000008c16f00000,0x0000008c17900000) (10240K)]
  0x000001e82da5f6f0 JavaThread "SyntheticaCleanerThread"    daemon [_thread_blocked, id=6588, stack(0x0000008c18f00000,0x0000008c19900000) (10240K)]
  0x000001e82da617c0 JavaThread "Refresh Filesets Swing Worker Thread"        [_thread_blocked, id=10592, stack(0x0000008c19900000,0x0000008c1a300000) (10240K)]
  0x000001e899a1b1c0 JavaThread "Timer-0"                           [_thread_blocked, id=14448, stack(0x0000008c1ad00000,0x0000008c1b700000) (10240K)]
  0x000001e899a19e10 JavaThread "Monitor File Timestamp Swing Worker Thread"        [_thread_blocked, id=7692, stack(0x0000008c1b700000,0x0000008c1c100000) (10240K)]
  0x000001e899a183d0 JavaThread "hw_ila_monitor"                    [_thread_blocked, id=5492, stack(0x0000008c1c100000,0x0000008c1cb00000) (10240K)]
  0x000001e899a1b850 JavaThread "pool-1-thread-1"                   [_thread_blocked, id=13704, stack(0x0000008c1df00000,0x0000008c1e900000) (10240K)]
  0x000001e899a18a60 JavaThread "Timer-1"                           [_thread_blocked, id=11024, stack(0x0000008c1e900000,0x0000008c1f300000) (10240K)]
  0x000001e899a1c570 JavaThread "pool-2-thread-1"                   [_thread_blocked, id=6288, stack(0x0000008c1f300000,0x0000008c1fd00000) (10240K)]
  0x000001e899a1bee0 JavaThread "Timer-2"                           [_thread_blocked, id=1048, stack(0x0000008c1fd00000,0x0000008c20700000) (10240K)]
  0x000001e899a1cc00 JavaThread "pool-3-thread-1"                   [_thread_blocked, id=9964, stack(0x0000008c20700000,0x0000008c21100000) (10240K)]
  0x000001e899a15c70 JavaThread "Timer-3"                           [_thread_blocked, id=12356, stack(0x0000008c21100000,0x0000008c21b00000) (10240K)]
  0x000001e899a17d40 JavaThread "SyntheticaAnimation 50"     daemon [_thread_blocked, id=14940, stack(0x0000008c21b00000,0x0000008c22500000) (10240K)]
  0x000001e899a16300 JavaThread "Update Runs Swing Worker Thread"        [_thread_blocked, id=3920, stack(0x0000008c22500000,0x0000008c22f00000) (10240K)]
  0x000001e82e09e310 JavaThread "Monitor HEventQueue for Sluggish Gui Thread"        [_thread_blocked, id=10264, stack(0x0000008c23000000,0x0000008c23a00000) (10240K)]
  0x000001e82e0a31d0 JavaThread "SyntheticaAnimation 25"     daemon [_thread_blocked, id=14464, stack(0x0000008c23a00000,0x0000008c24400000) (10240K)]
  0x000001e82e0a52a0 JavaThread "SyntheticaAnimation 70"     daemon [_thread_blocked, id=4712, stack(0x0000008c18500000,0x0000008c18f00000) (10240K)]
  0x000001e897f22020 JavaThread "SyntheticaAnimation 50"     daemon [_thread_blocked, id=6328, stack(0x0000008c15e00000,0x0000008c16800000) (10240K)]
  0x000001e897f1f8c0 JavaThread "Run Linter Thread"                 [_thread_in_native, id=13124, stack(0x0000008c1cb00000,0x0000008c1d500000) (10240K)]
  0x000001e82da60410 JavaThread "Trashcan Thread"                   [_thread_blocked, id=8304, stack(0x0000008c1a300000,0x0000008c1ad00000) (10240K)]
Total: 39

Other Threads:
=>0x000001e820afa630 VMThread "VM Thread"                           [id=6968, stack(0x0000008c0c000000,0x0000008c0c100000) (1024K)]
  0x000001e815e6fce0 WatcherThread "VM Periodic Task Thread"        [id=12296, stack(0x0000008c0bf00000,0x0000008c0c000000) (1024K)]
  0x000001e820b00bb0 WorkerThread "GC Thread#0"                     [id=13836, stack(0x0000008c0ba00000,0x0000008c0bb00000) (1024K)]
  0x000001e820b04cf0 WorkerThread "GC Thread#1"                     [id=10192, stack(0x0000008c10b00000,0x0000008c10c00000) (1024K)]
  0x000001e820b057d0 WorkerThread "GC Thread#2"                     [id=4092, stack(0x0000008c10c00000,0x0000008c10d00000) (1024K)]
  0x000001e820b04210 WorkerThread "GC Thread#3"                     [id=11112, stack(0x0000008c13f00000,0x0000008c14000000) (1024K)]
  0x000001e820b05090 WorkerThread "GC Thread#4"                     [id=13808, stack(0x0000008c14000000,0x0000008c14100000) (1024K)]
  0x000001e820b074d0 WorkerThread "GC Thread#5"                     [id=10952, stack(0x0000008c14100000,0x0000008c14200000) (1024K)]
  0x000001e820b07870 WorkerThread "GC Thread#6"                     [id=10004, stack(0x0000008c14200000,0x0000008c14300000) (1024K)]
  0x000001e820b086f0 WorkerThread "GC Thread#7"                     [id=12104, stack(0x0000008c14300000,0x0000008c14400000) (1024K)]
  0x000001e820b08a90 WorkerThread "GC Thread#8"                     [id=12028, stack(0x0000008c14500000,0x0000008c14600000) (1024K)]
  0x000001e8154c51c0 WorkerThread "GC Thread#9"                     [id=6420, stack(0x0000008c14600000,0x0000008c14700000) (1024K)]
  0x000001e896029700 WorkerThread "GC Thread#10"                    [id=6292, stack(0x0000008c14700000,0x0000008c14800000) (1024K)]
  0x000001e896029360 WorkerThread "GC Thread#11"                    [id=14964, stack(0x0000008c14800000,0x0000008c14900000) (1024K)]
  0x000001e89601d340 WorkerThread "GC Thread#12"                    [id=4884, stack(0x0000008c14900000,0x0000008c14a00000) (1024K)]
  0x000001e812a94380 ConcurrentGCThread "G1 Main Marker"            [id=10168, stack(0x0000008c0bb00000,0x0000008c0bc00000) (1024K)]
  0x000001e820b00f50 WorkerThread "G1 Conc#0"                       [id=15240, stack(0x0000008c0bc00000,0x0000008c0bd00000) (1024K)]
  0x000001e89601de20 WorkerThread "G1 Conc#1"                       [id=11296, stack(0x0000008c18300000,0x0000008c18400000) (1024K)]
  0x000001e89601fec0 WorkerThread "G1 Conc#2"                       [id=12060, stack(0x0000008c18400000,0x0000008c18500000) (1024K)]
  0x000001e815e6f8b0 ConcurrentGCThread "G1 Refine#0"               [id=6068, stack(0x0000008c0bd00000,0x0000008c0be00000) (1024K)]
  0x000001e82d76afb0 ConcurrentGCThread "G1 Service"                [id=5380, stack(0x0000008c0be00000,0x0000008c0bf00000) (1024K)]
Total: 21

Threads with active compile tasks:
Total: 0

VM state: at safepoint (normal execution)

VM Mutex/Monitor currently owned by a thread:  ([mutex/lock_event])
[0x00007ffa23311a28] Threads_lock - owner thread: 0x000001e820afa630
[0x00007ffa23311b28] Heap_lock - owner thread: 0x000001e82da60410

Heap address: 0x0000000701800000, size: 4072 MB, Compressed Oops mode: Zero based, Oop shift amount: 3

CDS archive(s) mapped at: [0x000001e84e000000-0x000001e84ec90000-0x000001e84ec90000), size 13172736, SharedBaseAddress: 0x000001e84e000000, ArchiveRelocationMode: 1.
Compressed class space mapped at: 0x000001e84f000000-0x000001e88f000000, reserved size: 1073741824
Narrow klass base: 0x000001e84e000000, Narrow klass shift: 0, Narrow klass range: 0x100000000

GC Precious Log:
 CardTable entry size: 512
 Card Set container configuration: InlinePtr #cards 4 size 8 Array Of Cards #cards 16 size 48 Howl #buckets 8 coarsen threshold 3686 Howl Bitmap #cards 512 size 80 coarsen threshold 460 Card regions per heap region 1 cards per card region 4096
 CPUs: 16 total, 16 available
 Memory: 32662M
 Large Page Support: Disabled
 NUMA Support: Disabled
 Compressed Oops: Enabled (Zero based)
 Heap Region Size: 2M
 Heap Min Capacity: 512M
 Heap Initial Capacity: 512M
 Heap Max Capacity: 4072M
 Pre-touch: Disabled
 Parallel Workers: 13
 Concurrent Workers: 3
 Concurrent Refinement Workers: 13
 Periodic GC: Disabled
 String Deduplication is enabled

Heap:
 garbage-first heap   total 524288K, used 115138K [0x0000000701800000, 0x0000000800000000)
  region size 2048K, 13 young (26624K), 0 survivors (0K)
 Metaspace       used 75778K, committed 76416K, reserved 1179648K
  class space    used 10407K, committed 10688K, reserved 1048576K

Heap Regions: E=young(eden), S=young(survivor), O=old, HS=humongous(starts), HC=humongous(continues), CS=collection set, F=free, TAMS=top-at-mark-start, PB=parsable bottom
|   0|0x0000000701800000, 0x0000000701a00000, 0x0000000701a00000|100%|HS|  |TAMS 0x0000000701800000| PB 0x0000000701800000| Untracked 
|   1|0x0000000701a00000, 0x0000000701bfff50, 0x0000000701c00000| 99%| O|  |TAMS 0x0000000701a00000| PB 0x0000000701a00000| Untracked 
|   2|0x0000000701c00000, 0x0000000701e00000, 0x0000000701e00000|100%| O|  |TAMS 0x0000000701c00000| PB 0x0000000701c00000| Untracked 
|   3|0x0000000701e00000, 0x0000000701ffffd8, 0x0000000702000000| 99%| O|  |TAMS 0x0000000701e00000| PB 0x0000000701e00000| Untracked 
|   4|0x0000000702000000, 0x00000007021ffff0, 0x0000000702200000| 99%| O|  |TAMS 0x0000000702000000| PB 0x0000000702000000| Untracked 
|   5|0x0000000702200000, 0x0000000702400000, 0x0000000702400000|100%| O|  |TAMS 0x0000000702200000| PB 0x0000000702200000| Untracked 
|   6|0x0000000702400000, 0x0000000702600000, 0x0000000702600000|100%| O|  |TAMS 0x0000000702400000| PB 0x0000000702400000| Untracked 
|   7|0x0000000702600000, 0x0000000702800000, 0x0000000702800000|100%| O|  |TAMS 0x0000000702600000| PB 0x0000000702600000| Untracked 
|   8|0x0000000702800000, 0x0000000702a00000, 0x0000000702a00000|100%| O|  |TAMS 0x0000000702800000| PB 0x0000000702800000| Untracked 
|   9|0x0000000702a00000, 0x0000000702bfffe8, 0x0000000702c00000| 99%| O|  |TAMS 0x0000000702a00000| PB 0x0000000702a00000| Untracked 
|  10|0x0000000702c00000, 0x0000000702dffff8, 0x0000000702e00000| 99%| O|  |TAMS 0x0000000702c00000| PB 0x0000000702c00000| Untracked 
|  11|0x0000000702e00000, 0x0000000702ffffe8, 0x0000000703000000| 99%| O|  |TAMS 0x0000000702e00000| PB 0x0000000702e00000| Untracked 
|  12|0x0000000703000000, 0x00000007031ffff0, 0x0000000703200000| 99%| O|  |TAMS 0x0000000703000000| PB 0x0000000703000000| Untracked 
|  13|0x0000000703200000, 0x0000000703400000, 0x0000000703400000|100%| O|  |TAMS 0x0000000703200000| PB 0x0000000703200000| Untracked 
|  14|0x0000000703400000, 0x00000007035ffff0, 0x0000000703600000| 99%| O|  |TAMS 0x0000000703400000| PB 0x0000000703400000| Untracked 
|  15|0x0000000703600000, 0x0000000703800000, 0x0000000703800000|100%|HS|  |TAMS 0x0000000703600000| PB 0x0000000703600000| Untracked 
|  16|0x0000000703800000, 0x00000007039fe0b8, 0x0000000703a00000| 99%| O|  |TAMS 0x0000000703800000| PB 0x0000000703800000| Untracked 
|  17|0x0000000703a00000, 0x0000000703c00000, 0x0000000703c00000|100%|HS|  |TAMS 0x0000000703a00000| PB 0x0000000703a00000| Untracked 
|  18|0x0000000703c00000, 0x0000000703e00000, 0x0000000703e00000|100%|HC|  |TAMS 0x0000000703c00000| PB 0x0000000703c00000| Untracked 
|  19|0x0000000703e00000, 0x0000000704000000, 0x0000000704000000|100%|HC|  |TAMS 0x0000000703e00000| PB 0x0000000703e00000| Untracked 
|  20|0x0000000704000000, 0x0000000704200000, 0x0000000704200000|100%|HC|  |TAMS 0x0000000704000000| PB 0x0000000704000000| Untracked 
|  21|0x0000000704200000, 0x0000000704400000, 0x0000000704400000|100%|HC|  |TAMS 0x0000000704200000| PB 0x0000000704200000| Untracked 
|  22|0x0000000704400000, 0x0000000704600000, 0x0000000704600000|100%|HC|  |TAMS 0x0000000704400000| PB 0x0000000704400000| Untracked 
|  23|0x0000000704600000, 0x00000007047f6708, 0x0000000704800000| 98%| O|  |TAMS 0x0000000704600000| PB 0x0000000704600000| Untracked 
|  24|0x0000000704800000, 0x00000007049fffd8, 0x0000000704a00000| 99%| O|  |TAMS 0x0000000704800000| PB 0x0000000704800000| Untracked 
|  25|0x0000000704a00000, 0x0000000704bffff8, 0x0000000704c00000| 99%| O|  |TAMS 0x0000000704a00000| PB 0x0000000704a00000| Untracked 
|  26|0x0000000704c00000, 0x0000000704d4b790, 0x0000000704e00000| 64%| O|  |TAMS 0x0000000704c00000| PB 0x0000000704c00000| Untracked 
|  27|0x0000000704e00000, 0x0000000704f7ac30, 0x0000000705000000| 73%| O|  |TAMS 0x0000000704e00000| PB 0x0000000704e00000| Untracked 
|  28|0x0000000705000000, 0x000000070507c5a0, 0x0000000705200000| 24%| O|  |TAMS 0x0000000705000000| PB 0x0000000705000000| Untracked 
|  29|0x0000000705200000, 0x00000007053b6238, 0x0000000705400000| 85%| O|  |TAMS 0x0000000705200000| PB 0x0000000705200000| Untracked 
|  30|0x0000000705400000, 0x00000007055f8ad8, 0x0000000705600000| 98%| O|  |TAMS 0x0000000705400000| PB 0x0000000705400000| Untracked 
|  31|0x0000000705600000, 0x00000007057b86a8, 0x0000000705800000| 86%| O|  |TAMS 0x0000000705600000| PB 0x0000000705600000| Untracked 
|  32|0x0000000705800000, 0x000000070596b2a0, 0x0000000705a00000| 70%| O|  |TAMS 0x0000000705800000| PB 0x0000000705800000| Untracked 
|  33|0x0000000705a00000, 0x0000000705b7bcf8, 0x0000000705c00000| 74%| O|  |TAMS 0x0000000705a00000| PB 0x0000000705a00000| Untracked 
|  34|0x0000000705c00000, 0x0000000705c65768, 0x0000000705e00000| 19%| O|  |TAMS 0x0000000705c00000| PB 0x0000000705c00000| Untracked 
|  35|0x0000000705e00000, 0x0000000705e09c98, 0x0000000706000000|  1%| O|  |TAMS 0x0000000705e00000| PB 0x0000000705e00000| Untracked 
|  36|0x0000000706000000, 0x00000007060cc508, 0x0000000706200000| 39%| O|  |TAMS 0x0000000706000000| PB 0x0000000706000000| Untracked 
|  37|0x0000000706200000, 0x0000000706400000, 0x0000000706400000|100%|HS|  |TAMS 0x0000000706200000| PB 0x0000000706200000| Untracked 
|  38|0x0000000706400000, 0x0000000706600000, 0x0000000706600000|100%|HC|  |TAMS 0x0000000706400000| PB 0x0000000706400000| Untracked 
|  39|0x0000000706600000, 0x0000000706800000, 0x0000000706800000|100%|HC|  |TAMS 0x0000000706600000| PB 0x0000000706600000| Untracked 
|  40|0x0000000706800000, 0x0000000706a00000, 0x0000000706a00000|100%|HC|  |TAMS 0x0000000706800000| PB 0x0000000706800000| Untracked 
|  41|0x0000000706a00000, 0x0000000706c00000, 0x0000000706c00000|100%|HC|  |TAMS 0x0000000706a00000| PB 0x0000000706a00000| Untracked 
|  42|0x0000000706c00000, 0x0000000706e00000, 0x0000000706e00000|100%|HC|  |TAMS 0x0000000706c00000| PB 0x0000000706c00000| Untracked 
|  43|0x0000000706e00000, 0x0000000707000000, 0x0000000707000000|100%|HC|  |TAMS 0x0000000706e00000| PB 0x0000000706e00000| Untracked 
|  44|0x0000000707000000, 0x0000000707200000, 0x0000000707200000|100%|HC|  |TAMS 0x0000000707000000| PB 0x0000000707000000| Untracked 
|  45|0x0000000707200000, 0x0000000707400000, 0x0000000707400000|100%|HC|  |TAMS 0x0000000707200000| PB 0x0000000707200000| Untracked 
|  46|0x0000000707400000, 0x0000000707600000, 0x0000000707600000|100%|HC|  |TAMS 0x0000000707400000| PB 0x0000000707400000| Untracked 
|  47|0x0000000707600000, 0x0000000707800000, 0x0000000707800000|100%|HC|  |TAMS 0x0000000707600000| PB 0x0000000707600000| Untracked 
|  48|0x0000000707800000, 0x0000000707836768, 0x0000000707a00000| 10%| O|  |TAMS 0x0000000707800000| PB 0x0000000707800000| Untracked 
|  49|0x0000000707a00000, 0x0000000707b79588, 0x0000000707c00000| 73%| O|  |TAMS 0x0000000707a00000| PB 0x0000000707a00000| Untracked 
|  50|0x0000000707c00000, 0x0000000707c00000, 0x0000000707e00000|  0%| F|  |TAMS 0x0000000707c00000| PB 0x0000000707c00000| Untracked 
|  51|0x0000000707e00000, 0x0000000707e00000, 0x0000000708000000|  0%| F|  |TAMS 0x0000000707e00000| PB 0x0000000707e00000| Untracked 
|  52|0x0000000708000000, 0x0000000708000000, 0x0000000708200000|  0%| F|  |TAMS 0x0000000708000000| PB 0x0000000708000000| Untracked 
|  53|0x0000000708200000, 0x0000000708200000, 0x0000000708400000|  0%| F|  |TAMS 0x0000000708200000| PB 0x0000000708200000| Untracked 
|  54|0x0000000708400000, 0x0000000708400000, 0x0000000708600000|  0%| F|  |TAMS 0x0000000708400000| PB 0x0000000708400000| Untracked 
|  55|0x0000000708600000, 0x0000000708600000, 0x0000000708800000|  0%| F|  |TAMS 0x0000000708600000| PB 0x0000000708600000| Untracked 
|  56|0x0000000708800000, 0x0000000708800000, 0x0000000708a00000|  0%| F|  |TAMS 0x0000000708800000| PB 0x0000000708800000| Untracked 
|  57|0x0000000708a00000, 0x0000000708a00000, 0x0000000708c00000|  0%| F|  |TAMS 0x0000000708a00000| PB 0x0000000708a00000| Untracked 
|  58|0x0000000708c00000, 0x0000000708c00000, 0x0000000708e00000|  0%| F|  |TAMS 0x0000000708c00000| PB 0x0000000708c00000| Untracked 
|  59|0x0000000708e00000, 0x0000000708e00000, 0x0000000709000000|  0%| F|  |TAMS 0x0000000708e00000| PB 0x0000000708e00000| Untracked 
|  60|0x0000000709000000, 0x0000000709000000, 0x0000000709200000|  0%| F|  |TAMS 0x0000000709000000| PB 0x0000000709000000| Untracked 
|  61|0x0000000709200000, 0x0000000709200000, 0x0000000709400000|  0%| F|  |TAMS 0x0000000709200000| PB 0x0000000709200000| Untracked 
|  62|0x0000000709400000, 0x0000000709400000, 0x0000000709600000|  0%| F|  |TAMS 0x0000000709400000| PB 0x0000000709400000| Untracked 
|  63|0x0000000709600000, 0x0000000709600000, 0x0000000709800000|  0%| F|  |TAMS 0x0000000709600000| PB 0x0000000709600000| Untracked 
|  64|0x0000000709800000, 0x0000000709800000, 0x0000000709a00000|  0%| F|  |TAMS 0x0000000709800000| PB 0x0000000709800000| Untracked 
|  65|0x0000000709a00000, 0x0000000709a00000, 0x0000000709c00000|  0%| F|  |TAMS 0x0000000709a00000| PB 0x0000000709a00000| Untracked 
|  66|0x0000000709c00000, 0x0000000709c00000, 0x0000000709e00000|  0%| F|  |TAMS 0x0000000709c00000| PB 0x0000000709c00000| Untracked 
|  67|0x0000000709e00000, 0x0000000709e00000, 0x000000070a000000|  0%| F|  |TAMS 0x0000000709e00000| PB 0x0000000709e00000| Untracked 
|  68|0x000000070a000000, 0x000000070a000000, 0x000000070a200000|  0%| F|  |TAMS 0x000000070a000000| PB 0x000000070a000000| Untracked 
|  69|0x000000070a200000, 0x000000070a200000, 0x000000070a400000|  0%| F|  |TAMS 0x000000070a200000| PB 0x000000070a200000| Untracked 
|  70|0x000000070a400000, 0x000000070a400000, 0x000000070a600000|  0%| F|  |TAMS 0x000000070a400000| PB 0x000000070a400000| Untracked 
|  71|0x000000070a600000, 0x000000070a600000, 0x000000070a800000|  0%| F|  |TAMS 0x000000070a600000| PB 0x000000070a600000| Untracked 
|  72|0x000000070a800000, 0x000000070a800000, 0x000000070aa00000|  0%| F|  |TAMS 0x000000070a800000| PB 0x000000070a800000| Untracked 
|  73|0x000000070aa00000, 0x000000070aa00000, 0x000000070ac00000|  0%| F|  |TAMS 0x000000070aa00000| PB 0x000000070aa00000| Untracked 
|  74|0x000000070ac00000, 0x000000070ac00000, 0x000000070ae00000|  0%| F|  |TAMS 0x000000070ac00000| PB 0x000000070ac00000| Untracked 
|  75|0x000000070ae00000, 0x000000070ae00000, 0x000000070b000000|  0%| F|  |TAMS 0x000000070ae00000| PB 0x000000070ae00000| Untracked 
|  76|0x000000070b000000, 0x000000070b000000, 0x000000070b200000|  0%| F|  |TAMS 0x000000070b000000| PB 0x000000070b000000| Untracked 
|  77|0x000000070b200000, 0x000000070b200000, 0x000000070b400000|  0%| F|  |TAMS 0x000000070b200000| PB 0x000000070b200000| Untracked 
|  78|0x000000070b400000, 0x000000070b400000, 0x000000070b600000|  0%| F|  |TAMS 0x000000070b400000| PB 0x000000070b400000| Untracked 
|  79|0x000000070b600000, 0x000000070b600000, 0x000000070b800000|  0%| F|  |TAMS 0x000000070b600000| PB 0x000000070b600000| Untracked 
|  80|0x000000070b800000, 0x000000070b800000, 0x000000070ba00000|  0%| F|  |TAMS 0x000000070b800000| PB 0x000000070b800000| Untracked 
|  81|0x000000070ba00000, 0x000000070ba00000, 0x000000070bc00000|  0%| F|  |TAMS 0x000000070ba00000| PB 0x000000070ba00000| Untracked 
|  82|0x000000070bc00000, 0x000000070bc00000, 0x000000070be00000|  0%| F|  |TAMS 0x000000070bc00000| PB 0x000000070bc00000| Untracked 
|  83|0x000000070be00000, 0x000000070be00000, 0x000000070c000000|  0%| F|  |TAMS 0x000000070be00000| PB 0x000000070be00000| Untracked 
|  84|0x000000070c000000, 0x000000070c000000, 0x000000070c200000|  0%| F|  |TAMS 0x000000070c000000| PB 0x000000070c000000| Untracked 
|  85|0x000000070c200000, 0x000000070c200000, 0x000000070c400000|  0%| F|  |TAMS 0x000000070c200000| PB 0x000000070c200000| Untracked 
|  86|0x000000070c400000, 0x000000070c400000, 0x000000070c600000|  0%| F|  |TAMS 0x000000070c400000| PB 0x000000070c400000| Untracked 
|  87|0x000000070c600000, 0x000000070c600000, 0x000000070c800000|  0%| F|  |TAMS 0x000000070c600000| PB 0x000000070c600000| Untracked 
|  88|0x000000070c800000, 0x000000070c800000, 0x000000070ca00000|  0%| F|  |TAMS 0x000000070c800000| PB 0x000000070c800000| Untracked 
|  89|0x000000070ca00000, 0x000000070ca00000, 0x000000070cc00000|  0%| F|  |TAMS 0x000000070ca00000| PB 0x000000070ca00000| Untracked 
|  90|0x000000070cc00000, 0x000000070cc00000, 0x000000070ce00000|  0%| F|  |TAMS 0x000000070cc00000| PB 0x000000070cc00000| Untracked 
|  91|0x000000070ce00000, 0x000000070ce00000, 0x000000070d000000|  0%| F|  |TAMS 0x000000070ce00000| PB 0x000000070ce00000| Untracked 
|  92|0x000000070d000000, 0x000000070d000000, 0x000000070d200000|  0%| F|  |TAMS 0x000000070d000000| PB 0x000000070d000000| Untracked 
|  93|0x000000070d200000, 0x000000070d200000, 0x000000070d400000|  0%| F|  |TAMS 0x000000070d200000| PB 0x000000070d200000| Untracked 
|  94|0x000000070d400000, 0x000000070d400000, 0x000000070d600000|  0%| F|  |TAMS 0x000000070d400000| PB 0x000000070d400000| Untracked 
|  95|0x000000070d600000, 0x000000070d600000, 0x000000070d800000|  0%| F|  |TAMS 0x000000070d600000| PB 0x000000070d600000| Untracked 
|  96|0x000000070d800000, 0x000000070d800000, 0x000000070da00000|  0%| F|  |TAMS 0x000000070d800000| PB 0x000000070d800000| Untracked 
|  97|0x000000070da00000, 0x000000070da00000, 0x000000070dc00000|  0%| F|  |TAMS 0x000000070da00000| PB 0x000000070da00000| Untracked 
|  98|0x000000070dc00000, 0x000000070dc00000, 0x000000070de00000|  0%| F|  |TAMS 0x000000070dc00000| PB 0x000000070dc00000| Untracked 
|  99|0x000000070de00000, 0x000000070de00000, 0x000000070e000000|  0%| F|  |TAMS 0x000000070de00000| PB 0x000000070de00000| Untracked 
| 100|0x000000070e000000, 0x000000070e000000, 0x000000070e200000|  0%| F|  |TAMS 0x000000070e000000| PB 0x000000070e000000| Untracked 
| 101|0x000000070e200000, 0x000000070e200000, 0x000000070e400000|  0%| F|  |TAMS 0x000000070e200000| PB 0x000000070e200000| Untracked 
| 102|0x000000070e400000, 0x000000070e400000, 0x000000070e600000|  0%| F|  |TAMS 0x000000070e400000| PB 0x000000070e400000| Untracked 
| 103|0x000000070e600000, 0x000000070e600000, 0x000000070e800000|  0%| F|  |TAMS 0x000000070e600000| PB 0x000000070e600000| Untracked 
| 104|0x000000070e800000, 0x000000070e800000, 0x000000070ea00000|  0%| F|  |TAMS 0x000000070e800000| PB 0x000000070e800000| Untracked 
| 105|0x000000070ea00000, 0x000000070ea00000, 0x000000070ec00000|  0%| F|  |TAMS 0x000000070ea00000| PB 0x000000070ea00000| Untracked 
| 106|0x000000070ec00000, 0x000000070ec00000, 0x000000070ee00000|  0%| F|  |TAMS 0x000000070ec00000| PB 0x000000070ec00000| Untracked 
| 107|0x000000070ee00000, 0x000000070ee00000, 0x000000070f000000|  0%| F|  |TAMS 0x000000070ee00000| PB 0x000000070ee00000| Untracked 
| 108|0x000000070f000000, 0x000000070f000000, 0x000000070f200000|  0%| F|  |TAMS 0x000000070f000000| PB 0x000000070f000000| Untracked 
| 109|0x000000070f200000, 0x000000070f200000, 0x000000070f400000|  0%| F|  |TAMS 0x000000070f200000| PB 0x000000070f200000| Untracked 
| 110|0x000000070f400000, 0x000000070f400000, 0x000000070f600000|  0%| F|  |TAMS 0x000000070f400000| PB 0x000000070f400000| Untracked 
| 111|0x000000070f600000, 0x000000070f600000, 0x000000070f800000|  0%| F|  |TAMS 0x000000070f600000| PB 0x000000070f600000| Untracked 
| 112|0x000000070f800000, 0x000000070f800000, 0x000000070fa00000|  0%| F|  |TAMS 0x000000070f800000| PB 0x000000070f800000| Untracked 
| 113|0x000000070fa00000, 0x000000070fa00000, 0x000000070fc00000|  0%| F|  |TAMS 0x000000070fa00000| PB 0x000000070fa00000| Untracked 
| 114|0x000000070fc00000, 0x000000070fc00000, 0x000000070fe00000|  0%| F|  |TAMS 0x000000070fc00000| PB 0x000000070fc00000| Untracked 
| 115|0x000000070fe00000, 0x000000070fe00000, 0x0000000710000000|  0%| F|  |TAMS 0x000000070fe00000| PB 0x000000070fe00000| Untracked 
| 116|0x0000000710000000, 0x0000000710000000, 0x0000000710200000|  0%| F|  |TAMS 0x0000000710000000| PB 0x0000000710000000| Untracked 
| 117|0x0000000710200000, 0x0000000710200000, 0x0000000710400000|  0%| F|  |TAMS 0x0000000710200000| PB 0x0000000710200000| Untracked 
| 118|0x0000000710400000, 0x0000000710400000, 0x0000000710600000|  0%| F|  |TAMS 0x0000000710400000| PB 0x0000000710400000| Untracked 
| 119|0x0000000710600000, 0x0000000710600000, 0x0000000710800000|  0%| F|  |TAMS 0x0000000710600000| PB 0x0000000710600000| Untracked 
| 120|0x0000000710800000, 0x0000000710800000, 0x0000000710a00000|  0%| F|  |TAMS 0x0000000710800000| PB 0x0000000710800000| Untracked 
| 121|0x0000000710a00000, 0x0000000710a00000, 0x0000000710c00000|  0%| F|  |TAMS 0x0000000710a00000| PB 0x0000000710a00000| Untracked 
| 122|0x0000000710c00000, 0x0000000710c00000, 0x0000000710e00000|  0%| F|  |TAMS 0x0000000710c00000| PB 0x0000000710c00000| Untracked 
| 123|0x0000000710e00000, 0x0000000710e00000, 0x0000000711000000|  0%| F|  |TAMS 0x0000000710e00000| PB 0x0000000710e00000| Untracked 
| 124|0x0000000711000000, 0x0000000711000000, 0x0000000711200000|  0%| F|  |TAMS 0x0000000711000000| PB 0x0000000711000000| Untracked 
| 125|0x0000000711200000, 0x0000000711200000, 0x0000000711400000|  0%| F|  |TAMS 0x0000000711200000| PB 0x0000000711200000| Untracked 
| 126|0x0000000711400000, 0x0000000711400000, 0x0000000711600000|  0%| F|  |TAMS 0x0000000711400000| PB 0x0000000711400000| Untracked 
| 127|0x0000000711600000, 0x0000000711600000, 0x0000000711800000|  0%| F|  |TAMS 0x0000000711600000| PB 0x0000000711600000| Untracked 
| 128|0x0000000711800000, 0x0000000711800000, 0x0000000711a00000|  0%| F|  |TAMS 0x0000000711800000| PB 0x0000000711800000| Untracked 
| 129|0x0000000711a00000, 0x0000000711a00000, 0x0000000711c00000|  0%| F|  |TAMS 0x0000000711a00000| PB 0x0000000711a00000| Untracked 
| 130|0x0000000711c00000, 0x0000000711c00000, 0x0000000711e00000|  0%| F|  |TAMS 0x0000000711c00000| PB 0x0000000711c00000| Untracked 
| 131|0x0000000711e00000, 0x0000000711e00000, 0x0000000712000000|  0%| F|  |TAMS 0x0000000711e00000| PB 0x0000000711e00000| Untracked 
| 132|0x0000000712000000, 0x0000000712000000, 0x0000000712200000|  0%| F|  |TAMS 0x0000000712000000| PB 0x0000000712000000| Untracked 
| 133|0x0000000712200000, 0x0000000712200000, 0x0000000712400000|  0%| F|  |TAMS 0x0000000712200000| PB 0x0000000712200000| Untracked 
| 134|0x0000000712400000, 0x0000000712400000, 0x0000000712600000|  0%| F|  |TAMS 0x0000000712400000| PB 0x0000000712400000| Untracked 
| 135|0x0000000712600000, 0x0000000712600000, 0x0000000712800000|  0%| F|  |TAMS 0x0000000712600000| PB 0x0000000712600000| Untracked 
| 136|0x0000000712800000, 0x0000000712800000, 0x0000000712a00000|  0%| F|  |TAMS 0x0000000712800000| PB 0x0000000712800000| Untracked 
| 137|0x0000000712a00000, 0x0000000712a00000, 0x0000000712c00000|  0%| F|  |TAMS 0x0000000712a00000| PB 0x0000000712a00000| Untracked 
| 138|0x0000000712c00000, 0x0000000712c00000, 0x0000000712e00000|  0%| F|  |TAMS 0x0000000712c00000| PB 0x0000000712c00000| Untracked 
| 139|0x0000000712e00000, 0x0000000712e00000, 0x0000000713000000|  0%| F|  |TAMS 0x0000000712e00000| PB 0x0000000712e00000| Untracked 
| 140|0x0000000713000000, 0x0000000713000000, 0x0000000713200000|  0%| F|  |TAMS 0x0000000713000000| PB 0x0000000713000000| Untracked 
| 141|0x0000000713200000, 0x0000000713200000, 0x0000000713400000|  0%| F|  |TAMS 0x0000000713200000| PB 0x0000000713200000| Untracked 
| 142|0x0000000713400000, 0x0000000713400000, 0x0000000713600000|  0%| F|  |TAMS 0x0000000713400000| PB 0x0000000713400000| Untracked 
| 143|0x0000000713600000, 0x0000000713600000, 0x0000000713800000|  0%| F|  |TAMS 0x0000000713600000| PB 0x0000000713600000| Untracked 
| 144|0x0000000713800000, 0x0000000713800000, 0x0000000713a00000|  0%| F|  |TAMS 0x0000000713800000| PB 0x0000000713800000| Untracked 
| 145|0x0000000713a00000, 0x0000000713a00000, 0x0000000713c00000|  0%| F|  |TAMS 0x0000000713a00000| PB 0x0000000713a00000| Untracked 
| 146|0x0000000713c00000, 0x0000000713c00000, 0x0000000713e00000|  0%| F|  |TAMS 0x0000000713c00000| PB 0x0000000713c00000| Untracked 
| 147|0x0000000713e00000, 0x0000000713e00000, 0x0000000714000000|  0%| F|  |TAMS 0x0000000713e00000| PB 0x0000000713e00000| Untracked 
| 148|0x0000000714000000, 0x0000000714000000, 0x0000000714200000|  0%| F|  |TAMS 0x0000000714000000| PB 0x0000000714000000| Untracked 
| 149|0x0000000714200000, 0x0000000714200000, 0x0000000714400000|  0%| F|  |TAMS 0x0000000714200000| PB 0x0000000714200000| Untracked 
| 150|0x0000000714400000, 0x0000000714400000, 0x0000000714600000|  0%| F|  |TAMS 0x0000000714400000| PB 0x0000000714400000| Untracked 
| 151|0x0000000714600000, 0x0000000714600000, 0x0000000714800000|  0%| F|  |TAMS 0x0000000714600000| PB 0x0000000714600000| Untracked 
| 152|0x0000000714800000, 0x0000000714800000, 0x0000000714a00000|  0%| F|  |TAMS 0x0000000714800000| PB 0x0000000714800000| Untracked 
| 153|0x0000000714a00000, 0x0000000714a00000, 0x0000000714c00000|  0%| F|  |TAMS 0x0000000714a00000| PB 0x0000000714a00000| Untracked 
| 154|0x0000000714c00000, 0x0000000714c00000, 0x0000000714e00000|  0%| F|  |TAMS 0x0000000714c00000| PB 0x0000000714c00000| Untracked 
| 155|0x0000000714e00000, 0x0000000714e00000, 0x0000000715000000|  0%| F|  |TAMS 0x0000000714e00000| PB 0x0000000714e00000| Untracked 
| 156|0x0000000715000000, 0x0000000715000000, 0x0000000715200000|  0%| F|  |TAMS 0x0000000715000000| PB 0x0000000715000000| Untracked 
| 157|0x0000000715200000, 0x0000000715200000, 0x0000000715400000|  0%| F|  |TAMS 0x0000000715200000| PB 0x0000000715200000| Untracked 
| 158|0x0000000715400000, 0x0000000715400000, 0x0000000715600000|  0%| F|  |TAMS 0x0000000715400000| PB 0x0000000715400000| Untracked 
| 159|0x0000000715600000, 0x0000000715600000, 0x0000000715800000|  0%| F|  |TAMS 0x0000000715600000| PB 0x0000000715600000| Untracked 
| 160|0x0000000715800000, 0x0000000715800000, 0x0000000715a00000|  0%| F|  |TAMS 0x0000000715800000| PB 0x0000000715800000| Untracked 
| 161|0x0000000715a00000, 0x0000000715a00000, 0x0000000715c00000|  0%| F|  |TAMS 0x0000000715a00000| PB 0x0000000715a00000| Untracked 
| 162|0x0000000715c00000, 0x0000000715c00000, 0x0000000715e00000|  0%| F|  |TAMS 0x0000000715c00000| PB 0x0000000715c00000| Untracked 
| 163|0x0000000715e00000, 0x0000000715e00000, 0x0000000716000000|  0%| F|  |TAMS 0x0000000715e00000| PB 0x0000000715e00000| Untracked 
| 164|0x0000000716000000, 0x0000000716000000, 0x0000000716200000|  0%| F|  |TAMS 0x0000000716000000| PB 0x0000000716000000| Untracked 
| 165|0x0000000716200000, 0x0000000716200000, 0x0000000716400000|  0%| F|  |TAMS 0x0000000716200000| PB 0x0000000716200000| Untracked 
| 166|0x0000000716400000, 0x0000000716400000, 0x0000000716600000|  0%| F|  |TAMS 0x0000000716400000| PB 0x0000000716400000| Untracked 
| 167|0x0000000716600000, 0x0000000716600000, 0x0000000716800000|  0%| F|  |TAMS 0x0000000716600000| PB 0x0000000716600000| Untracked 
| 168|0x0000000716800000, 0x0000000716800000, 0x0000000716a00000|  0%| F|  |TAMS 0x0000000716800000| PB 0x0000000716800000| Untracked 
| 169|0x0000000716a00000, 0x0000000716a00000, 0x0000000716c00000|  0%| F|  |TAMS 0x0000000716a00000| PB 0x0000000716a00000| Untracked 
| 170|0x0000000716c00000, 0x0000000716c00000, 0x0000000716e00000|  0%| F|  |TAMS 0x0000000716c00000| PB 0x0000000716c00000| Untracked 
| 171|0x0000000716e00000, 0x0000000716e00000, 0x0000000717000000|  0%| F|  |TAMS 0x0000000716e00000| PB 0x0000000716e00000| Untracked 
| 172|0x0000000717000000, 0x0000000717000000, 0x0000000717200000|  0%| F|  |TAMS 0x0000000717000000| PB 0x0000000717000000| Untracked 
| 173|0x0000000717200000, 0x0000000717200000, 0x0000000717400000|  0%| F|  |TAMS 0x0000000717200000| PB 0x0000000717200000| Untracked 
| 174|0x0000000717400000, 0x0000000717400000, 0x0000000717600000|  0%| F|  |TAMS 0x0000000717400000| PB 0x0000000717400000| Untracked 
| 175|0x0000000717600000, 0x0000000717600000, 0x0000000717800000|  0%| F|  |TAMS 0x0000000717600000| PB 0x0000000717600000| Untracked 
| 176|0x0000000717800000, 0x0000000717800000, 0x0000000717a00000|  0%| F|  |TAMS 0x0000000717800000| PB 0x0000000717800000| Untracked 
| 177|0x0000000717a00000, 0x0000000717a00000, 0x0000000717c00000|  0%| F|  |TAMS 0x0000000717a00000| PB 0x0000000717a00000| Untracked 
| 178|0x0000000717c00000, 0x0000000717c00000, 0x0000000717e00000|  0%| F|  |TAMS 0x0000000717c00000| PB 0x0000000717c00000| Untracked 
| 179|0x0000000717e00000, 0x0000000717e00000, 0x0000000718000000|  0%| F|  |TAMS 0x0000000717e00000| PB 0x0000000717e00000| Untracked 
| 180|0x0000000718000000, 0x0000000718000000, 0x0000000718200000|  0%| F|  |TAMS 0x0000000718000000| PB 0x0000000718000000| Untracked 
| 181|0x0000000718200000, 0x0000000718200000, 0x0000000718400000|  0%| F|  |TAMS 0x0000000718200000| PB 0x0000000718200000| Untracked 
| 182|0x0000000718400000, 0x0000000718400000, 0x0000000718600000|  0%| F|  |TAMS 0x0000000718400000| PB 0x0000000718400000| Untracked 
| 183|0x0000000718600000, 0x0000000718600000, 0x0000000718800000|  0%| F|  |TAMS 0x0000000718600000| PB 0x0000000718600000| Untracked 
| 184|0x0000000718800000, 0x0000000718800000, 0x0000000718a00000|  0%| F|  |TAMS 0x0000000718800000| PB 0x0000000718800000| Untracked 
| 185|0x0000000718a00000, 0x0000000718a00000, 0x0000000718c00000|  0%| F|  |TAMS 0x0000000718a00000| PB 0x0000000718a00000| Untracked 
| 186|0x0000000718c00000, 0x0000000718c00000, 0x0000000718e00000|  0%| F|  |TAMS 0x0000000718c00000| PB 0x0000000718c00000| Untracked 
| 187|0x0000000718e00000, 0x0000000718e00000, 0x0000000719000000|  0%| F|  |TAMS 0x0000000718e00000| PB 0x0000000718e00000| Untracked 
| 188|0x0000000719000000, 0x0000000719000000, 0x0000000719200000|  0%| F|  |TAMS 0x0000000719000000| PB 0x0000000719000000| Untracked 
| 189|0x0000000719200000, 0x0000000719200000, 0x0000000719400000|  0%| F|  |TAMS 0x0000000719200000| PB 0x0000000719200000| Untracked 
| 190|0x0000000719400000, 0x0000000719400000, 0x0000000719600000|  0%| F|  |TAMS 0x0000000719400000| PB 0x0000000719400000| Untracked 
| 191|0x0000000719600000, 0x0000000719600000, 0x0000000719800000|  0%| F|  |TAMS 0x0000000719600000| PB 0x0000000719600000| Untracked 
| 192|0x0000000719800000, 0x0000000719800000, 0x0000000719a00000|  0%| F|  |TAMS 0x0000000719800000| PB 0x0000000719800000| Untracked 
| 193|0x0000000719a00000, 0x0000000719a00000, 0x0000000719c00000|  0%| F|  |TAMS 0x0000000719a00000| PB 0x0000000719a00000| Untracked 
| 194|0x0000000719c00000, 0x0000000719c00000, 0x0000000719e00000|  0%| F|  |TAMS 0x0000000719c00000| PB 0x0000000719c00000| Untracked 
| 195|0x0000000719e00000, 0x0000000719e00000, 0x000000071a000000|  0%| F|  |TAMS 0x0000000719e00000| PB 0x0000000719e00000| Untracked 
| 196|0x000000071a000000, 0x000000071a000000, 0x000000071a200000|  0%| F|  |TAMS 0x000000071a000000| PB 0x000000071a000000| Untracked 
| 197|0x000000071a200000, 0x000000071a200000, 0x000000071a400000|  0%| F|  |TAMS 0x000000071a200000| PB 0x000000071a200000| Untracked 
| 198|0x000000071a400000, 0x000000071a400000, 0x000000071a600000|  0%| F|  |TAMS 0x000000071a400000| PB 0x000000071a400000| Untracked 
| 199|0x000000071a600000, 0x000000071a600000, 0x000000071a800000|  0%| F|  |TAMS 0x000000071a600000| PB 0x000000071a600000| Untracked 
| 200|0x000000071a800000, 0x000000071a800000, 0x000000071aa00000|  0%| F|  |TAMS 0x000000071a800000| PB 0x000000071a800000| Untracked 
| 201|0x000000071aa00000, 0x000000071aa00000, 0x000000071ac00000|  0%| F|  |TAMS 0x000000071aa00000| PB 0x000000071aa00000| Untracked 
| 202|0x000000071ac00000, 0x000000071ac00000, 0x000000071ae00000|  0%| F|  |TAMS 0x000000071ac00000| PB 0x000000071ac00000| Untracked 
| 203|0x000000071ae00000, 0x000000071ae00000, 0x000000071b000000|  0%| F|  |TAMS 0x000000071ae00000| PB 0x000000071ae00000| Untracked 
| 204|0x000000071b000000, 0x000000071b000000, 0x000000071b200000|  0%| F|  |TAMS 0x000000071b000000| PB 0x000000071b000000| Untracked 
| 205|0x000000071b200000, 0x000000071b200000, 0x000000071b400000|  0%| F|  |TAMS 0x000000071b200000| PB 0x000000071b200000| Untracked 
| 206|0x000000071b400000, 0x000000071b400000, 0x000000071b600000|  0%| F|  |TAMS 0x000000071b400000| PB 0x000000071b400000| Untracked 
| 207|0x000000071b600000, 0x000000071b600000, 0x000000071b800000|  0%| F|  |TAMS 0x000000071b600000| PB 0x000000071b600000| Untracked 
| 208|0x000000071b800000, 0x000000071b800000, 0x000000071ba00000|  0%| F|  |TAMS 0x000000071b800000| PB 0x000000071b800000| Untracked 
| 209|0x000000071ba00000, 0x000000071ba00000, 0x000000071bc00000|  0%| F|  |TAMS 0x000000071ba00000| PB 0x000000071ba00000| Untracked 
| 210|0x000000071bc00000, 0x000000071bc00000, 0x000000071be00000|  0%| F|  |TAMS 0x000000071bc00000| PB 0x000000071bc00000| Untracked 
| 211|0x000000071be00000, 0x000000071be00000, 0x000000071c000000|  0%| F|  |TAMS 0x000000071be00000| PB 0x000000071be00000| Untracked 
| 212|0x000000071c000000, 0x000000071c000000, 0x000000071c200000|  0%| F|  |TAMS 0x000000071c000000| PB 0x000000071c000000| Untracked 
| 213|0x000000071c200000, 0x000000071c200000, 0x000000071c400000|  0%| F|  |TAMS 0x000000071c200000| PB 0x000000071c200000| Untracked 
| 214|0x000000071c400000, 0x000000071c400000, 0x000000071c600000|  0%| F|  |TAMS 0x000000071c400000| PB 0x000000071c400000| Untracked 
| 215|0x000000071c600000, 0x000000071c600000, 0x000000071c800000|  0%| F|  |TAMS 0x000000071c600000| PB 0x000000071c600000| Untracked 
| 216|0x000000071c800000, 0x000000071c800000, 0x000000071ca00000|  0%| F|  |TAMS 0x000000071c800000| PB 0x000000071c800000| Untracked 
| 217|0x000000071ca00000, 0x000000071ca00000, 0x000000071cc00000|  0%| F|  |TAMS 0x000000071ca00000| PB 0x000000071ca00000| Untracked 
| 218|0x000000071cc00000, 0x000000071cc00000, 0x000000071ce00000|  0%| F|  |TAMS 0x000000071cc00000| PB 0x000000071cc00000| Untracked 
| 219|0x000000071ce00000, 0x000000071ce00000, 0x000000071d000000|  0%| F|  |TAMS 0x000000071ce00000| PB 0x000000071ce00000| Untracked 
| 220|0x000000071d000000, 0x000000071d000000, 0x000000071d200000|  0%| F|  |TAMS 0x000000071d000000| PB 0x000000071d000000| Untracked 
| 221|0x000000071d200000, 0x000000071d200000, 0x000000071d400000|  0%| F|  |TAMS 0x000000071d200000| PB 0x000000071d200000| Untracked 
| 222|0x000000071d400000, 0x000000071d400000, 0x000000071d600000|  0%| F|  |TAMS 0x000000071d400000| PB 0x000000071d400000| Untracked 
| 223|0x000000071d600000, 0x000000071d600000, 0x000000071d800000|  0%| F|  |TAMS 0x000000071d600000| PB 0x000000071d600000| Untracked 
| 224|0x000000071d800000, 0x000000071d800000, 0x000000071da00000|  0%| F|  |TAMS 0x000000071d800000| PB 0x000000071d800000| Untracked 
| 225|0x000000071da00000, 0x000000071da00000, 0x000000071dc00000|  0%| F|  |TAMS 0x000000071da00000| PB 0x000000071da00000| Untracked 
| 226|0x000000071dc00000, 0x000000071dc00000, 0x000000071de00000|  0%| F|  |TAMS 0x000000071dc00000| PB 0x000000071dc00000| Untracked 
| 227|0x000000071de00000, 0x000000071de00000, 0x000000071e000000|  0%| F|  |TAMS 0x000000071de00000| PB 0x000000071de00000| Untracked 
| 228|0x000000071e000000, 0x000000071e000000, 0x000000071e200000|  0%| F|  |TAMS 0x000000071e000000| PB 0x000000071e000000| Untracked 
| 229|0x000000071e200000, 0x000000071e200000, 0x000000071e400000|  0%| F|  |TAMS 0x000000071e200000| PB 0x000000071e200000| Untracked 
| 230|0x000000071e400000, 0x000000071e400000, 0x000000071e600000|  0%| F|  |TAMS 0x000000071e400000| PB 0x000000071e400000| Untracked 
| 231|0x000000071e600000, 0x000000071e600000, 0x000000071e800000|  0%| F|  |TAMS 0x000000071e600000| PB 0x000000071e600000| Untracked 
| 232|0x000000071e800000, 0x000000071e800000, 0x000000071ea00000|  0%| F|  |TAMS 0x000000071e800000| PB 0x000000071e800000| Untracked 
| 233|0x000000071ea00000, 0x000000071ea00000, 0x000000071ec00000|  0%| F|  |TAMS 0x000000071ea00000| PB 0x000000071ea00000| Untracked 
| 234|0x000000071ec00000, 0x000000071ec00000, 0x000000071ee00000|  0%| F|  |TAMS 0x000000071ec00000| PB 0x000000071ec00000| Untracked 
| 235|0x000000071ee00000, 0x000000071ee00000, 0x000000071f000000|  0%| F|  |TAMS 0x000000071ee00000| PB 0x000000071ee00000| Untracked 
| 236|0x000000071f000000, 0x000000071f000000, 0x000000071f200000|  0%| F|  |TAMS 0x000000071f000000| PB 0x000000071f000000| Untracked 
| 237|0x000000071f200000, 0x000000071f200000, 0x000000071f400000|  0%| F|  |TAMS 0x000000071f200000| PB 0x000000071f200000| Untracked 
| 238|0x000000071f400000, 0x000000071f400000, 0x000000071f600000|  0%| F|  |TAMS 0x000000071f400000| PB 0x000000071f400000| Untracked 
| 239|0x000000071f600000, 0x000000071f600000, 0x000000071f800000|  0%| F|  |TAMS 0x000000071f600000| PB 0x000000071f600000| Untracked 
| 240|0x000000071f800000, 0x000000071f800000, 0x000000071fa00000|  0%| F|  |TAMS 0x000000071f800000| PB 0x000000071f800000| Untracked 
| 241|0x000000071fa00000, 0x000000071fa00000, 0x000000071fc00000|  0%| F|  |TAMS 0x000000071fa00000| PB 0x000000071fa00000| Untracked 
| 242|0x000000071fc00000, 0x000000071fc00000, 0x000000071fe00000|  0%| F|  |TAMS 0x000000071fc00000| PB 0x000000071fc00000| Untracked 
| 243|0x000000071fe00000, 0x000000071ff57e88, 0x0000000720000000| 67%| E|  |TAMS 0x000000071fe00000| PB 0x000000071fe00000| Complete 
| 244|0x0000000720000000, 0x0000000720200000, 0x0000000720200000|100%| E|CS|TAMS 0x0000000720000000| PB 0x0000000720000000| Complete 
| 245|0x0000000720200000, 0x0000000720400000, 0x0000000720400000|100%| E|CS|TAMS 0x0000000720200000| PB 0x0000000720200000| Complete 
| 246|0x0000000720400000, 0x0000000720600000, 0x0000000720600000|100%| E|CS|TAMS 0x0000000720400000| PB 0x0000000720400000| Complete 
| 247|0x0000000720600000, 0x0000000720800000, 0x0000000720800000|100%| E|CS|TAMS 0x0000000720600000| PB 0x0000000720600000| Complete 
| 248|0x0000000720800000, 0x0000000720a00000, 0x0000000720a00000|100%| E|CS|TAMS 0x0000000720800000| PB 0x0000000720800000| Complete 
| 249|0x0000000720a00000, 0x0000000720c00000, 0x0000000720c00000|100%| E|CS|TAMS 0x0000000720a00000| PB 0x0000000720a00000| Complete 
| 250|0x0000000720c00000, 0x0000000720e00000, 0x0000000720e00000|100%| E|CS|TAMS 0x0000000720c00000| PB 0x0000000720c00000| Complete 
| 251|0x0000000720e00000, 0x0000000721000000, 0x0000000721000000|100%| E|CS|TAMS 0x0000000720e00000| PB 0x0000000720e00000| Complete 
| 252|0x0000000721000000, 0x0000000721200000, 0x0000000721200000|100%| E|CS|TAMS 0x0000000721000000| PB 0x0000000721000000| Complete 
| 253|0x0000000721200000, 0x0000000721400000, 0x0000000721400000|100%| E|CS|TAMS 0x0000000721200000| PB 0x0000000721200000| Complete 
| 254|0x0000000721400000, 0x0000000721600000, 0x0000000721600000|100%| E|CS|TAMS 0x0000000721400000| PB 0x0000000721400000| Complete 
| 341|0x000000072c200000, 0x000000072c400000, 0x000000072c400000|100%| E|CS|TAMS 0x000000072c200000| PB 0x000000072c200000| Complete 

Card table byte_map: [0x000001e846400000,0x000001e846c00000] _byte_map_base: 0x000001e842bf4000

Marking Bits: (CMBitMap*) 0x000001e828dbd560
 Bits: [0x000001e846c00000, 0x000001e84aba0000)

Polling page: 0x000001e8145a0000

Metaspace:

Usage:
  Non-class:     63.84 MB used.
      Class:     10.16 MB used.
       Both:     74.00 MB used.

Virtual space:
  Non-class space:      128.00 MB reserved,      64.19 MB ( 50%) committed,  2 nodes.
      Class space:        1.00 GB reserved,      10.44 MB (  1%) committed,  1 nodes.
             Both:        1.12 GB reserved,      74.62 MB (  6%) committed. 

Chunk freelists:
   Non-Class:  15.44 MB
       Class:  5.41 MB
        Both:  20.84 MB

MaxMetaspaceSize: unlimited
CompressedClassSpaceSize: 1.00 GB
Initial GC threshold: 21.00 MB
Current GC threshold: 124.19 MB
CDS: on
 - commit_granule_bytes: 65536.
 - commit_granule_words: 8192.
 - virtual_space_node_default_size: 8388608.
 - enlarge_chunks_in_place: 1.
 - use_allocation_guard: 0.


Internal statistics:

num_allocs_failed_limit: 15.
num_arena_births: 902.
num_arena_deaths: 0.
num_vsnodes_births: 3.
num_vsnodes_deaths: 0.
num_space_committed: 1188.
num_space_uncommitted: 0.
num_chunks_returned_to_freelist: 15.
num_chunks_taken_from_freelist: 2878.
num_chunk_merges: 9.
num_chunk_splits: 2073.
num_chunks_enlarged: 1483.
num_inconsistent_stats: 0.

CodeHeap 'non-profiled nmethods': size=119168Kb used=5879Kb max_used=12902Kb free=113288Kb
 bounds [0x000001e83e7a0000, 0x000001e83f440000, 0x000001e845c00000]
CodeHeap 'profiled nmethods': size=119104Kb used=4604Kb max_used=29032Kb free=114499Kb
 bounds [0x000001e836c00000, 0x000001e838860000, 0x000001e83e050000]
CodeHeap 'non-nmethods': size=7488Kb used=2133Kb max_used=3881Kb free=5354Kb
 bounds [0x000001e83e050000, 0x000001e83e430000, 0x000001e83e7a0000]
 total_blobs=3922 nmethods=2838 adapters=986
 compilation: enabled
              stopped_count=0, restarted_count=0
 full_count=0

Compilation events (20 events):
Event: 271.711 Thread 0x000001e8234b4970 15629   !   4       javax.swing.RepaintManager::prePaintDirtyRegions (91 bytes)
Event: 271.735 Thread 0x000001e8234b4970 nmethod 15629 0x000001e83e9f3790 code [0x000001e83e9f39e0, 0x000001e83e9f46e0]
Event: 271.761 Thread 0x000001e8234b4970 15630   !   4       javax.swing.RepaintManager$ProcessingRunnable::run (41 bytes)
Event: 271.781 Thread 0x000001e8234b4970 nmethod 15630 0x000001e83e7b7b90 code [0x000001e83e7b7ea0, 0x000001e83e7b92e0]
Event: 272.625 Thread 0x000001e8234b5020 15632       3       ui.views.y.b.ab::w (108 bytes)
Event: 272.631 Thread 0x000001e8234b5020 nmethod 15632 0x000001e837553c90 code [0x000001e837553f60, 0x000001e8375551d0]
Event: 272.631 Thread 0x000001e8234b5020 15631       3       ui.views.y.b.al::bna (16 bytes)
Event: 272.632 Thread 0x000001e8234b5020 nmethod 15631 0x000001e837c92a90 code [0x000001e837c92c40, 0x000001e837c92d98]
Event: 272.632 Thread 0x000001e8234b5020 15633       3       ui.views.y.b.al::bnb (88 bytes)
Event: 272.633 Thread 0x000001e8234b5020 nmethod 15633 0x000001e8372bb190 code [0x000001e8372bb3c0, 0x000001e8372bbeb0]
Event: 275.623 Thread 0x000001e8234b5020 15634       3       ui.views.y.b.b::timerActionPerformed (9 bytes)
Event: 275.630 Thread 0x000001e8234b5020 nmethod 15634 0x000001e837deaf10 code [0x000001e837deb0c0, 0x000001e837deb228]
Event: 275.630 Thread 0x000001e8234b5020 15635       3       java.lang.Thread$ThreadNumbering::next (14 bytes)
Event: 275.632 Thread 0x000001e8234b5020 nmethod 15635 0x000001e83785b410 code [0x000001e83785b5a0, 0x000001e83785b6a8]
Event: 277.711 Thread 0x000001e8234b4970 15636       4       javax.swing.JComponent::repaint (22 bytes)
Event: 277.713 Thread 0x000001e8234b4970 nmethod 15636 0x000001e83eb83a90 code [0x000001e83eb83c20, 0x000001e83eb83cf8]
Event: 278.306 Thread 0x000001e8234b4970 15637   !   4       java.io.WinNTFileSystem::getBooleanAttributes (27 bytes)
Event: 278.315 Thread 0x000001e8234b4970 nmethod 15637 0x000001e83ed56610 code [0x000001e83ed567c0, 0x000001e83ed568f0]
Event: 282.011 Thread 0x000001e8234b4970 15638       4       sun.java2d.SunGraphics2D::makeHints (183 bytes)
Event: 282.117 Thread 0x000001e8234b4970 nmethod 15638 0x000001e83f349e90 code [0x000001e83f34a4a0, 0x000001e83f34e560]

GC Heap History (20 events):
Event: 111.649 GC heap after
{Heap after GC invocations=39 (full 4):
 garbage-first heap   total 524288K, used 90543K [0x0000000701800000, 0x0000000800000000)
  region size 2048K, 0 young (0K), 0 survivors (0K)
 Metaspace       used 75629K, committed 76288K, reserved 1179648K
  class space    used 10407K, committed 10688K, reserved 1048576K
}
Event: 113.317 GC heap before
{Heap before GC invocations=39 (full 4):
 garbage-first heap   total 524288K, used 90543K [0x0000000701800000, 0x0000000800000000)
  region size 2048K, 1 young (2048K), 0 survivors (0K)
 Metaspace       used 75631K, committed 76288K, reserved 1179648K
  class space    used 10407K, committed 10688K, reserved 1048576K
}
Event: 113.355 GC heap after
{Heap after GC invocations=40 (full 5):
 garbage-first heap   total 524288K, used 90526K [0x0000000701800000, 0x0000000800000000)
  region size 2048K, 0 young (0K), 0 survivors (0K)
 Metaspace       used 75631K, committed 76288K, reserved 1179648K
  class space    used 10407K, committed 10688K, reserved 1048576K
}
Event: 131.605 GC heap before
{Heap before GC invocations=40 (full 5):
 garbage-first heap   total 524288K, used 106910K [0x0000000701800000, 0x0000000800000000)
  region size 2048K, 9 young (18432K), 0 survivors (0K)
 Metaspace       used 75636K, committed 76288K, reserved 1179648K
  class space    used 10407K, committed 10688K, reserved 1048576K
}
Event: 131.641 GC heap after
{Heap after GC invocations=41 (full 6):
 garbage-first heap   total 524288K, used 90518K [0x0000000701800000, 0x0000000800000000)
  region size 2048K, 0 young (0K), 0 survivors (0K)
 Metaspace       used 75636K, committed 76288K, reserved 1179648K
  class space    used 10407K, committed 10688K, reserved 1048576K
}
Event: 143.383 GC heap before
{Heap before GC invocations=41 (full 6):
 garbage-first heap   total 524288K, used 96662K [0x0000000701800000, 0x0000000800000000)
  region size 2048K, 4 young (8192K), 0 survivors (0K)
 Metaspace       used 75643K, committed 76288K, reserved 1179648K
  class space    used 10407K, committed 10688K, reserved 1048576K
}
Event: 143.419 GC heap after
{Heap after GC invocations=42 (full 7):
 garbage-first heap   total 524288K, used 90512K [0x0000000701800000, 0x0000000800000000)
  region size 2048K, 0 young (0K), 0 survivors (0K)
 Metaspace       used 75643K, committed 76288K, reserved 1179648K
  class space    used 10407K, committed 10688K, reserved 1048576K
}
Event: 161.609 GC heap before
{Heap before GC invocations=42 (full 7):
 garbage-first heap   total 524288K, used 100752K [0x0000000701800000, 0x0000000800000000)
  region size 2048K, 6 young (12288K), 0 survivors (0K)
 Metaspace       used 75645K, committed 76288K, reserved 1179648K
  class space    used 10407K, committed 10688K, reserved 1048576K
}
Event: 161.648 GC heap after
{Heap after GC invocations=43 (full 8):
 garbage-first heap   total 524288K, used 90525K [0x0000000701800000, 0x0000000800000000)
  region size 2048K, 0 young (0K), 0 survivors (0K)
 Metaspace       used 75645K, committed 76288K, reserved 1179648K
  class space    used 10407K, committed 10688K, reserved 1048576K
}
Event: 173.435 GC heap before
{Heap before GC invocations=43 (full 8):
 garbage-first heap   total 524288K, used 102813K [0x0000000701800000, 0x0000000800000000)
  region size 2048K, 7 young (14336K), 0 survivors (0K)
 Metaspace       used 75662K, committed 76288K, reserved 1179648K
  class space    used 10407K, committed 10688K, reserved 1048576K
}
Event: 173.471 GC heap after
{Heap after GC invocations=44 (full 9):
 garbage-first heap   total 524288K, used 90518K [0x0000000701800000, 0x0000000800000000)
  region size 2048K, 0 young (0K), 0 survivors (0K)
 Metaspace       used 75662K, committed 76288K, reserved 1179648K
  class space    used 10407K, committed 10688K, reserved 1048576K
}
Event: 191.612 GC heap before
{Heap before GC invocations=44 (full 9):
 garbage-first heap   total 524288K, used 100758K [0x0000000701800000, 0x0000000800000000)
  region size 2048K, 6 young (12288K), 0 survivors (0K)
 Metaspace       used 75684K, committed 76288K, reserved 1179648K
  class space    used 10407K, committed 10688K, reserved 1048576K
}
Event: 191.666 GC heap after
{Heap after GC invocations=45 (full 10):
 garbage-first heap   total 524288K, used 90531K [0x0000000701800000, 0x0000000800000000)
  region size 2048K, 0 young (0K), 0 survivors (0K)
 Metaspace       used 75684K, committed 76288K, reserved 1179648K
  class space    used 10407K, committed 10688K, reserved 1048576K
}
Event: 203.486 GC heap before
{Heap before GC invocations=45 (full 10):
 garbage-first heap   total 524288K, used 102819K [0x0000000701800000, 0x0000000800000000)
  region size 2048K, 7 young (14336K), 0 survivors (0K)
 Metaspace       used 75694K, committed 76288K, reserved 1179648K
  class space    used 10407K, committed 10688K, reserved 1048576K
}
Event: 203.508 GC heap after
{Heap after GC invocations=46 (full 11):
 garbage-first heap   total 524288K, used 90526K [0x0000000701800000, 0x0000000800000000)
  region size 2048K, 0 young (0K), 0 survivors (0K)
 Metaspace       used 75694K, committed 76288K, reserved 1179648K
  class space    used 10407K, committed 10688K, reserved 1048576K
}
Event: 221.616 GC heap before
{Heap before GC invocations=46 (full 11):
 garbage-first heap   total 524288K, used 106910K [0x0000000701800000, 0x0000000800000000)
  region size 2048K, 9 young (18432K), 0 survivors (0K)
 Metaspace       used 75701K, committed 76288K, reserved 1179648K
  class space    used 10407K, committed 10688K, reserved 1048576K
}
Event: 221.642 GC heap after
{Heap after GC invocations=47 (full 12):
 garbage-first heap   total 524288K, used 90539K [0x0000000701800000, 0x0000000800000000)
  region size 2048K, 0 young (0K), 0 survivors (0K)
 Metaspace       used 75701K, committed 76288K, reserved 1179648K
  class space    used 10407K, committed 10688K, reserved 1048576K
}
Event: 251.625 GC heap before
{Heap before GC invocations=47 (full 12):
 garbage-first heap   total 524288K, used 108971K [0x0000000701800000, 0x0000000800000000)
  region size 2048K, 10 young (20480K), 0 survivors (0K)
 Metaspace       used 75751K, committed 76416K, reserved 1179648K
  class space    used 10407K, committed 10688K, reserved 1048576K
}
Event: 251.663 GC heap after
{Heap after GC invocations=48 (full 13):
 garbage-first heap   total 524288K, used 90562K [0x0000000701800000, 0x0000000800000000)
  region size 2048K, 0 young (0K), 0 survivors (0K)
 Metaspace       used 75751K, committed 76416K, reserved 1179648K
  class space    used 10407K, committed 10688K, reserved 1048576K
}
Event: 293.295 GC heap before
{Heap before GC invocations=48 (full 13):
 garbage-first heap   total 524288K, used 115138K [0x0000000701800000, 0x0000000800000000)
  region size 2048K, 13 young (26624K), 0 survivors (0K)
 Metaspace       used 75778K, committed 76416K, reserved 1179648K
  class space    used 10407K, committed 10688K, reserved 1048576K
}

Dll operation events (20 events):
Event: 5.515 Loaded shared library C:\Xilinx\Vivado\2024.1\lib\win64.o\librdi_ipservicestasks.dll
Event: 5.516 Loaded shared library C:\Xilinx\Vivado\2024.1\lib\win64.o\librdi_vivadotasks.dll
Event: 5.517 Loaded shared library C:\Xilinx\Vivado\2024.1\lib\win64.o\librdi_board.dll
Event: 5.517 Loaded shared library C:\Xilinx\Vivado\2024.1\lib\win64.o\librdi_boarddep.dll
Event: 5.518 Loaded shared library C:\Xilinx\Vivado\2024.1\lib\win64.o\librdi_boardcommontasks.dll
Event: 5.519 Loaded shared library C:\Xilinx\Vivado\2024.1\lib\win64.o\librdi_ptgen.dll
Event: 5.520 Loaded shared library C:\Xilinx\Vivado\2024.1\lib\win64.o\librdi_ip.dll
Event: 5.521 Loaded shared library C:\Xilinx\Vivado\2024.1\lib\win64.o\librdi_mig.dll
Event: 5.522 Loaded shared library C:\Xilinx\Vivado\2024.1\lib\win64.o\librdi_implflow.dll
Event: 5.523 Loaded shared library C:\Xilinx\Vivado\2024.1\lib\win64.o\librdi_xhubtasks.dll
Event: 5.606 Loaded shared library C:\Xilinx\Vivado\2024.1\lib\win64.o\librdi_iptasks.dll
Event: 5.608 Loaded shared library C:\Xilinx\Vivado\2024.1\lib\win64.o\librdi_synth.dll
Event: 7.676 Loaded shared library C:\Xilinx\Vivado\2024.1\tps\win64\jre21.0.1_12\bin\verify.dll
Event: 7.951 Loaded shared library C:\Xilinx\Vivado\2024.1\tps\win64\jre21.0.1_12\bin\javajpeg.dll
Event: 7.962 Loaded shared library C:\Xilinx\Vivado\2024.1\tps\win64\jre21.0.1_12\bin\lcms.dll
Event: 8.320 Loaded shared library C:\Xilinx\Vivado\2024.1\tps\win64\jre21.0.1_12\bin\freetype.dll
Event: 8.324 Loaded shared library C:\Xilinx\Vivado\2024.1\tps\win64\jre21.0.1_12\bin\fontmanager.dll
Event: 12.201 Loaded shared library C:\Xilinx\Vivado\2024.1\lib\win64.o\librdi_xhub.dll
Event: 20.586 Loaded shared library C:\Xilinx\Vivado\2024.1\tps\win64\jre21.0.1_12\bin\management.dll
Event: 20.589 Loaded shared library C:\Xilinx\Vivado\2024.1\tps\win64\jre21.0.1_12\bin\management_ext.dll

Deoptimization events (20 events):
Event: 83.228 Thread 0x000001e82da61e50 DEOPT PACKING pc=0x000001e83f395c90 sp=0x0000008c15dfda40
Event: 83.228 Thread 0x000001e82da61e50 DEOPT UNPACKING pc=0x000001e83e0a46a2 sp=0x0000008c15dfd9e8 mode 2
Event: 83.915 Thread 0x000001e82da61e50 Uncommon trap: trap_request=0xffffff45 fr.pc=0x000001e83edd5504 relative=0x0000000000000f24
Event: 83.915 Thread 0x000001e82da61e50 Uncommon trap: reason=unstable_if action=reinterpret pc=0x000001e83edd5504 method=java.awt.Container.getMouseEventTargetImpl(IIZLjava/awt/Container$EventTargetFilter;ZZ)Ljava/awt/Component; @ 218 c2
Event: 83.915 Thread 0x000001e82da61e50 DEOPT PACKING pc=0x000001e83edd5504 sp=0x0000008c15dfd660
Event: 83.915 Thread 0x000001e82da61e50 DEOPT UNPACKING pc=0x000001e83e0a46a2 sp=0x0000008c15dfd568 mode 2
Event: 92.320 Thread 0x000001e82da61e50 Uncommon trap: trap_request=0xffffff45 fr.pc=0x000001e83ed9440c relative=0x0000000000001b0c
Event: 92.320 Thread 0x000001e82da61e50 Uncommon trap: reason=unstable_if action=reinterpret pc=0x000001e83ed9440c method=javax.swing.text.Utilities.getTabbedTextWidth(Ljavax/swing/text/View;Ljavax/swing/text/Segment;Ljava/awt/FontMetrics;FLjavax/swing/text/TabExpander;I[IZ)F @ 132 c2
Event: 92.320 Thread 0x000001e82da61e50 DEOPT PACKING pc=0x000001e83ed9440c sp=0x0000008c15dfd110
Event: 92.320 Thread 0x000001e82da61e50 DEOPT UNPACKING pc=0x000001e83e0a46a2 sp=0x0000008c15dfd090 mode 2
Event: 92.491 Thread 0x000001e82da61e50 DEOPT PACKING pc=0x000001e83882eea2 sp=0x0000008c15dfc940
Event: 92.491 Thread 0x000001e82da61e50 DEOPT UNPACKING pc=0x000001e83e0a4e42 sp=0x0000008c15dfbdd0 mode 0
Event: 92.500 Thread 0x000001e82da61e50 DEOPT PACKING pc=0x000001e83882eea2 sp=0x0000008c15dfc8a0
Event: 92.500 Thread 0x000001e82da61e50 DEOPT UNPACKING pc=0x000001e83e0a4e42 sp=0x0000008c15dfbd30 mode 0
Event: 100.668 Thread 0x000001e899a17d40 DEOPT PACKING pc=0x000001e837932d82 sp=0x0000008c224ff630
Event: 100.668 Thread 0x000001e899a17d40 DEOPT UNPACKING pc=0x000001e83e0a4e42 sp=0x0000008c224feb78 mode 0
Event: 114.980 Thread 0x000001e82e0a52a0 DEOPT PACKING pc=0x000001e837932d82 sp=0x0000008c18eff560
Event: 114.980 Thread 0x000001e82e0a52a0 DEOPT UNPACKING pc=0x000001e83e0a4e42 sp=0x0000008c18efeaa8 mode 0
Event: 132.339 Thread 0x000001e82e0a31d0 DEOPT PACKING pc=0x000001e837932d82 sp=0x0000008c243ff2c0
Event: 132.339 Thread 0x000001e82e0a31d0 DEOPT UNPACKING pc=0x000001e83e0a4e42 sp=0x0000008c243fe808 mode 0

Classes loaded (20 events):
Event: 48.687 Loading class java/util/concurrent/SynchronousQueue$TransferStack$SNode
Event: 48.687 Loading class java/util/concurrent/SynchronousQueue$TransferStack$SNode done
Event: 48.689 Loading class java/lang/ProcessImpl$2
Event: 48.689 Loading class java/lang/ProcessImpl$2 done
Event: 48.689 Loading class java/lang/Process$PipeInputStream
Event: 48.690 Loading class java/lang/Process$PipeInputStream done
Event: 48.690 Loading class jdk/internal/event/ProcessStartEvent
Event: 48.690 Loading class jdk/internal/event/ProcessStartEvent done
Event: 49.460 Loading class javax/swing/text/JTextComponent$InputMethodRequestsHandler
Event: 49.461 Loading class javax/swing/text/JTextComponent$InputMethodRequestsHandler done
Event: 50.349 Loading class java/lang/invoke/BoundMethodHandle$Species_LLLLLLLLLL
Event: 50.349 Loading class java/lang/invoke/BoundMethodHandle$Species_LLLLLLLLLL done
Event: 50.350 Loading class java/lang/invoke/BoundMethodHandle$Species_LLLLLLLLLLL
Event: 50.350 Loading class java/lang/invoke/BoundMethodHandle$Species_LLLLLLLLLLL done
Event: 52.555 Loading class java/security/DomainCombiner
Event: 52.555 Loading class java/security/DomainCombiner done
Event: 54.583 Loading class com/sun/java/swing/SwingUtilities3$UnscaledBorderPainter
Event: 54.583 Loading class com/sun/java/swing/SwingUtilities3$UnscaledBorderPainter done
Event: 59.981 Loading class javax/swing/JTextField$AccessibleJTextField
Event: 59.981 Loading class javax/swing/JTextField$AccessibleJTextField done

Classes unloaded (0 events):
No events

Classes redefined (0 events):
No events

Internal exceptions (20 events):
Event: 244.582 Thread 0x000001e82da61e50 Exception <a 'java/io/FileNotFoundException'{0x0000000720bc20e8}> (0x0000000720bc20e8) 
thrown [s\src\hotspot\share\prims\jni.cpp, line 520]
Event: 244.605 Thread 0x000001e82da61e50 Exception <a 'java/io/FileNotFoundException'{0x0000000720bc4ac0}> (0x0000000720bc4ac0) 
thrown [s\src\hotspot\share\prims\jni.cpp, line 520]
Event: 249.583 Thread 0x000001e82da61e50 Exception <a 'java/io/FileNotFoundException'{0x000000072068fc90}> (0x000000072068fc90) 
thrown [s\src\hotspot\share\prims\jni.cpp, line 520]
Event: 249.605 Thread 0x000001e82da61e50 Exception <a 'java/io/FileNotFoundException'{0x0000000720691670}> (0x0000000720691670) 
thrown [s\src\hotspot\share\prims\jni.cpp, line 520]
Event: 254.583 Thread 0x000001e82da61e50 Exception <a 'java/io/FileNotFoundException'{0x000000072c3b7f10}> (0x000000072c3b7f10) 
thrown [s\src\hotspot\share\prims\jni.cpp, line 520]
Event: 254.607 Thread 0x000001e82da61e50 Exception <a 'java/io/FileNotFoundException'{0x000000072c3b98f0}> (0x000000072c3b98f0) 
thrown [s\src\hotspot\share\prims\jni.cpp, line 520]
Event: 259.585 Thread 0x000001e82da61e50 Exception <a 'java/io/FileNotFoundException'{0x0000000721284b50}> (0x0000000721284b50) 
thrown [s\src\hotspot\share\prims\jni.cpp, line 520]
Event: 259.608 Thread 0x000001e82da61e50 Exception <a 'java/io/FileNotFoundException'{0x0000000721288640}> (0x0000000721288640) 
thrown [s\src\hotspot\share\prims\jni.cpp, line 520]
Event: 264.585 Thread 0x000001e82da61e50 Exception <a 'java/io/FileNotFoundException'{0x00000007211b1da8}> (0x00000007211b1da8) 
thrown [s\src\hotspot\share\prims\jni.cpp, line 520]
Event: 264.608 Thread 0x000001e82da61e50 Exception <a 'java/io/FileNotFoundException'{0x00000007211b2bc0}> (0x00000007211b2bc0) 
thrown [s\src\hotspot\share\prims\jni.cpp, line 520]
Event: 269.585 Thread 0x000001e82da61e50 Exception <a 'java/io/FileNotFoundException'{0x0000000720c72e78}> (0x0000000720c72e78) 
thrown [s\src\hotspot\share\prims\jni.cpp, line 520]
Event: 269.608 Thread 0x000001e82da61e50 Exception <a 'java/io/FileNotFoundException'{0x0000000720c73c90}> (0x0000000720c73c90) 
thrown [s\src\hotspot\share\prims\jni.cpp, line 520]
Event: 274.586 Thread 0x000001e82da61e50 Exception <a 'java/io/FileNotFoundException'{0x0000000720b2ce00}> (0x0000000720b2ce00) 
thrown [s\src\hotspot\share\prims\jni.cpp, line 520]
Event: 274.609 Thread 0x000001e82da61e50 Exception <a 'java/io/FileNotFoundException'{0x0000000720b2dc18}> (0x0000000720b2dc18) 
thrown [s\src\hotspot\share\prims\jni.cpp, line 520]
Event: 279.586 Thread 0x000001e82da61e50 Exception <a 'java/io/FileNotFoundException'{0x00000007206795e8}> (0x00000007206795e8) 
thrown [s\src\hotspot\share\prims\jni.cpp, line 520]
Event: 279.611 Thread 0x000001e82da61e50 Exception <a 'java/io/FileNotFoundException'{0x000000072067ea58}> (0x000000072067ea58) 
thrown [s\src\hotspot\share\prims\jni.cpp, line 520]
Event: 284.587 Thread 0x000001e82da61e50 Exception <a 'java/io/FileNotFoundException'{0x00000007204f2890}> (0x00000007204f2890) 
thrown [s\src\hotspot\share\prims\jni.cpp, line 520]
Event: 284.612 Thread 0x000001e82da61e50 Exception <a 'java/io/FileNotFoundException'{0x00000007204f7d00}> (0x00000007204f7d00) 
thrown [s\src\hotspot\share\prims\jni.cpp, line 520]
Event: 289.587 Thread 0x000001e82da61e50 Exception <a 'java/io/FileNotFoundException'{0x000000072004a4c8}> (0x000000072004a4c8) 
thrown [s\src\hotspot\share\prims\jni.cpp, line 520]
Event: 289.612 Thread 0x000001e82da61e50 Exception <a 'java/io/FileNotFoundException'{0x000000072004f938}> (0x000000072004f938) 
thrown [s\src\hotspot\share\prims\jni.cpp, line 520]

ZGC Phase Switch (0 events):
No events

VM Operations (20 events):
Event: 221.642 Executing VM operation: G1CollectFull (System.gc()) done
Event: 240.642 Executing VM operation: HandshakeAllThreads (HandshakeForDeflation)
Event: 240.650 Executing VM operation: HandshakeAllThreads (HandshakeForDeflation) done
Event: 240.652 Executing VM operation: RendezvousGCThreads
Event: 240.652 Executing VM operation: RendezvousGCThreads done
Event: 241.654 Executing VM operation: Cleanup
Event: 241.656 Executing VM operation: Cleanup done
Event: 247.659 Executing VM operation: Cleanup
Event: 247.659 Executing VM operation: Cleanup done
Event: 251.624 Executing VM operation: G1CollectFull (System.gc())
Event: 251.663 Executing VM operation: G1CollectFull (System.gc()) done
Event: 253.664 Executing VM operation: Cleanup
Event: 253.664 Executing VM operation: Cleanup done
Event: 255.664 Executing VM operation: Cleanup
Event: 255.664 Executing VM operation: Cleanup done
Event: 270.672 Executing VM operation: Cleanup
Event: 270.672 Executing VM operation: Cleanup done
Event: 273.673 Executing VM operation: Cleanup
Event: 273.673 Executing VM operation: Cleanup done
Event: 293.292 Executing VM operation: G1CollectFull (System.gc())

Events (20 events):
Event: 285.634 Thread 0x000001e82da5e9d0 Thread exited: 0x000001e82da5e9d0
Event: 286.630 Thread 0x000001e82da5e9d0 Thread added: 0x000001e82da5e9d0
Event: 286.636 Thread 0x000001e82da5e9d0 Thread exited: 0x000001e82da5e9d0
Event: 287.630 Thread 0x000001e82da60410 Thread added: 0x000001e82da60410
Event: 287.635 Thread 0x000001e82da60410 Thread exited: 0x000001e82da60410
Event: 288.631 Thread 0x000001e82da5e9d0 Thread added: 0x000001e82da5e9d0
Event: 288.637 Thread 0x000001e82da5e9d0 Thread exited: 0x000001e82da5e9d0
Event: 289.631 Thread 0x000001e82da60410 Thread added: 0x000001e82da60410
Event: 289.638 Thread 0x000001e82da60410 Thread exited: 0x000001e82da60410
Event: 290.632 Thread 0x000001e82da5e9d0 Thread added: 0x000001e82da5e9d0
Event: 290.636 Thread 0x000001e82da5e9d0 Thread exited: 0x000001e82da5e9d0
Event: 291.321 Thread 0x000001e82da5e9d0 Thread added: 0x000001e82da5e9d0
Event: 291.325 Thread 0x000001e82da5e9d0 Thread exited: 0x000001e82da5e9d0
Event: 291.632 Thread 0x000001e82da5e9d0 Thread added: 0x000001e82da5e9d0
Event: 291.637 Thread 0x000001e82da5e9d0 Thread exited: 0x000001e82da5e9d0
Event: 292.633 Thread 0x000001e82da5e9d0 Thread added: 0x000001e82da5e9d0
Event: 292.642 Thread 0x000001e82da5e9d0 Thread exited: 0x000001e82da5e9d0
Event: 293.273 Thread 0x000001e82da60410 Thread added: 0x000001e82da60410
Event: 293.281 Thread 0x000001e82da5e9d0 Thread added: 0x000001e82da5e9d0
Event: 293.291 Thread 0x000001e82da5e9d0 Thread exited: 0x000001e82da5e9d0


Dynamic libraries:
0x00007ff734150000 - 0x00007ff73416d000 	C:\Xilinx\Vivado\2024.1\bin\unwrapped\win64.o\vivado.exe
0x00007ffabbaf0000 - 0x00007ffabbce8000 	C:\Windows\SYSTEM32\ntdll.dll
0x00007ffab9b10000 - 0x00007ffab9bd2000 	C:\Windows\System32\KERNEL32.DLL
0x00007ffab9190000 - 0x00007ffab948e000 	C:\Windows\System32\KERNELBASE.dll
0x00007ffab9950000 - 0x00007ffab9a50000 	C:\Windows\System32\ucrtbase.dll
0x00007ffa9b1a0000 - 0x00007ffa9b22d000 	C:\Windows\SYSTEM32\MSVCP140.dll
0x00007ffaa9c20000 - 0x00007ffaa9c3b000 	C:\Windows\SYSTEM32\VCRUNTIME140.dll
0x00007ffab27f0000 - 0x00007ffab27fc000 	C:\Windows\SYSTEM32\VCRUNTIME140_1.dll
0x00007ffa9c9b0000 - 0x00007ffa9c9cc000 	C:\Xilinx\Vivado\2024.1\lib\win64.o\librdi_commonmain.dll
0x00007ffa3c400000 - 0x00007ffa3c830000 	C:\Xilinx\Vivado\2024.1\lib\win64.o\python38.dll
0x00007ffabb980000 - 0x00007ffabb9d5000 	C:\Windows\System32\SHLWAPI.dll
0x00007ffab9be0000 - 0x00007ffab9c7e000 	C:\Windows\System32\msvcrt.dll
0x00007ffabb8d0000 - 0x00007ffabb93b000 	C:\Windows\System32\WS2_32.dll
0x00007ffabb0c0000 - 0x00007ffabb1e3000 	C:\Windows\System32\RPCRT4.dll
0x00007ffabb250000 - 0x00007ffabb301000 	C:\Windows\System32\ADVAPI32.dll
0x00007ffabb670000 - 0x00007ffabb70f000 	C:\Windows\System32\sechost.dll
0x00007ffab9660000 - 0x00007ffab9687000 	C:\Windows\System32\bcrypt.dll
0x00007ffa9c470000 - 0x00007ffa9c491000 	C:\Xilinx\Vivado\2024.1\lib\win64.o\libboost_filesystem.dll
0x00007ffaaa7c0000 - 0x00007ffaaa7c9000 	C:\Xilinx\Vivado\2024.1\lib\win64.o\librdi_commonversion.dll
0x00007ffa9ab00000 - 0x00007ffa9acb7000 	C:\Xilinx\Vivado\2024.1\lib\win64.o\librdi_commonxillic.dll
0x00007ffabab00000 - 0x00007ffabac9d000 	C:\Windows\System32\USER32.dll
0x00007ffab9a50000 - 0x00007ffab9a72000 	C:\Windows\System32\win32u.dll
0x00007ffabb940000 - 0x00007ffabb96b000 	C:\Windows\System32\GDI32.dll
0x00007ffab9490000 - 0x00007ffab95a7000 	C:\Windows\System32\gdi32full.dll
0x00007ffab9690000 - 0x00007ffab972d000 	C:\Windows\System32\msvcp_win.dll
0x00007ffaacda0000 - 0x00007ffaacdaa000 	C:\Windows\SYSTEM32\VERSION.dll
0x00007ffa3d290000 - 0x00007ffa3d431000 	C:\Xilinx\Vivado\2024.1\lib\win64.o\tcl86t.dll
0x00007ffa3c0d0000 - 0x00007ffa3c3fd000 	C:\Xilinx\Vivado\2024.1\lib\win64.o\libXil_lmgr11.dll
0x00007ffabaf10000 - 0x00007ffabafea000 	C:\Windows\System32\COMDLG32.dll
0x00007ffabb310000 - 0x00007ffabb663000 	C:\Windows\System32\combase.dll
0x00007ffabae40000 - 0x00007ffabaeed000 	C:\Windows\System32\shcore.dll
0x00007ffab9c80000 - 0x00007ffaba3ed000 	C:\Windows\System32\SHELL32.dll
0x00007ffabb9e0000 - 0x00007ffabbaad000 	C:\Windows\System32\OLEAUT32.dll
0x00007ffaba920000 - 0x00007ffabaa4b000 	C:\Windows\System32\ole32.dll
0x00007ffab9730000 - 0x00007ffab9799000 	C:\Windows\System32\WINTRUST.dll
0x00007ffab97f0000 - 0x00007ffab994c000 	C:\Windows\System32\CRYPT32.dll
0x00007ffa9afd0000 - 0x00007ffa9b0e4000 	C:\Xilinx\Vivado\2024.1\lib\win64.o\libboost_regex.dll
0x00007ffa3ae80000 - 0x00007ffa3c0c7800 	C:\Xilinx\Vivado\2024.1\lib\win64.o\libisl_iostreams.dll
0x00007ffa9de70000 - 0x00007ffa9de89000 	C:\Windows\SYSTEM32\NETAPI32.dll
0x00007ffab9040000 - 0x00007ffab906e000 	C:\Windows\SYSTEM32\USERENV.dll
0x00007ffa9b460000 - 0x00007ffa9b48a000 	C:\Xilinx\Vivado\2024.1\lib\win64.o\zlib1.dll
0x00007ffa7fde0000 - 0x00007ffa7fe90000 	C:\Windows\WinSxS\amd64_microsoft.windows.common-controls_6595b64144ccf1df_5.82.19041.4355_none_792ecafd2442822f\COMCTL32.dll
0x00007ffaa9c10000 - 0x00007ffaa9c19000 	C:\Windows\SYSTEM32\WSOCK32.dll
0x00007ffab1d60000 - 0x00007ffab1d7d000 	C:\Windows\SYSTEM32\dhcpcsvc.DLL
0x00007ffa9c990000 - 0x00007ffa9c9a1000 	C:\Xilinx\Vivado\2024.1\lib\win64.o\libboost_date_time.dll
0x00007ffa9b440000 - 0x00007ffa9b45c000 	C:\Xilinx\Vivado\2024.1\lib\win64.o\libboost_iostreams.dll
0x00007ffa9b2e0000 - 0x00007ffa9b2fc000 	C:\Xilinx\Vivado\2024.1\lib\win64.o\libboost_thread.dll
0x00007ffa9b2b0000 - 0x00007ffa9b2d4000 	C:\Xilinx\Vivado\2024.1\lib\win64.o\libisl_iosutils.dll
0x00007ffa9b290000 - 0x00007ffa9b2a9000 	C:\Xilinx\Vivado\2024.1\lib\win64.o\librdizlib.dll
0x00007ffa9aa40000 - 0x00007ffa9aaf7000 	C:\Xilinx\Vivado\2024.1\lib\win64.o\libzstd.dll
0x00007ffab8650000 - 0x00007ffab8693000 	C:\Windows\SYSTEM32\LOGONCLI.DLL
0x00007ffab8640000 - 0x00007ffab864c000 	C:\Windows\SYSTEM32\NETUTILS.DLL
0x00007ffaac080000 - 0x00007ffaac099000 	C:\Windows\SYSTEM32\SAMCLI.DLL
0x00007ffa258a0000 - 0x00007ffa270b3000 	C:\Xilinx\Vivado\2024.1\lib\win64.o\librdi_common.dll
0x00007ffaa99b0000 - 0x00007ffaa99bc000 	C:\Xilinx\Vivado\2024.1\lib\win64.o\libboost_xilinx.dll
0x00007ffa9a9c0000 - 0x00007ffa9aa3d000 	C:\Xilinx\Vivado\2024.1\lib\win64.o\libboost_program_options.dll
0x00007ffa97fc0000 - 0x00007ffa98042000 	C:\Xilinx\Vivado\2024.1\lib\win64.o\libhdlpsolve.dll
0x00007ffa3ab10000 - 0x00007ffa3ae7e000 	C:\Xilinx\Vivado\2024.1\lib\win64.o\libCOIN-all.dll
0x00007ffa9a990000 - 0x00007ffa9a9ba000 	C:\Xilinx\Vivado\2024.1\lib\win64.o\libisl_sysinfo.dll
0x00007ffa6fad0000 - 0x00007ffa6fb75000 	C:\Xilinx\Vivado\2024.1\lib\win64.o\libhdxml.dll
0x00007ffa9b240000 - 0x00007ffa9b25a000 	C:\Xilinx\Vivado\2024.1\lib\win64.o\pthreadVC2.dll
0x00007ffaac4b0000 - 0x00007ffaac988000 	C:\Windows\SYSTEM32\WININET.dll
0x00007ffab2980000 - 0x00007ffab2a8d000 	C:\Windows\SYSTEM32\WINHTTP.dll
0x00007ffaada70000 - 0x00007ffaadc5c000 	C:\Windows\SYSTEM32\urlmon.dll
0x00007ffa97e20000 - 0x00007ffa97e85000 	C:\Xilinx\Vivado\2024.1\lib\win64.o\liblmx6.0.dll
0x00007ffa9a4f0000 - 0x00007ffa9a521000 	C:\Windows\SYSTEM32\VCOMP140.DLL
0x00007ffaad780000 - 0x00007ffaada3e000 	C:\Windows\SYSTEM32\iertutil.dll
0x00007ffaada40000 - 0x00007ffaada68000 	C:\Windows\SYSTEM32\srvcli.dll
0x00007ffa9a930000 - 0x00007ffa9a94c000 	C:\Xilinx\Vivado\2024.1\lib\win64.o\librdiconfig.dll
0x00007ffa23980000 - 0x00007ffa25897000 	C:\Xilinx\Vivado\2024.1\lib\win64.o\gurobi90.dll
0x00007ffabb1f0000 - 0x00007ffabb24e000 	C:\Windows\System32\WLDAP32.dll
0x00007ffabb050000 - 0x00007ffabb058000 	C:\Windows\System32\Normaliz.dll
0x00007ffa3a840000 - 0x00007ffa3ab01000 	C:\Xilinx\Vivado\2024.1\lib\win64.o\xerces-c_3_2.dll
0x00007ffab8850000 - 0x00007ffab88ba000 	C:\Windows\SYSTEM32\MSWSOCK.DLL
0x00007ffaba860000 - 0x00007ffaba88f000 	C:\Windows\System32\IMM32.DLL
0x00007ffab8c80000 - 0x00007ffab8c92000 	C:\Windows\SYSTEM32\MSASN1.dll
0x00007ffab8a50000 - 0x00007ffab8a68000 	C:\Windows\SYSTEM32\CRYPTSP.dll
0x00007ffab8170000 - 0x00007ffab81a4000 	C:\Windows\system32\rsaenh.dll
0x00007ffab8a40000 - 0x00007ffab8a4c000 	C:\Windows\SYSTEM32\CRYPTBASE.dll
0x00007ffab9a80000 - 0x00007ffab9b02000 	C:\Windows\System32\bcryptPrimitives.dll
0x00007ffabaef0000 - 0x00007ffabaf0d000 	C:\Windows\System32\imagehlp.dll
0x00007ffab7010000 - 0x00007ffab7022000 	C:\Windows\SYSTEM32\kernel.appcore.dll
0x00007ffa23400000 - 0x00007ffa23976000 	C:\Xilinx\Vivado\2024.1\lib\win64.o\librdi_commontasks.dll
0x00007ffa22670000 - 0x00007ffa233f1000 	C:\Xilinx\Vivado\2024.1\tps\win64\jre21.0.1_12\bin\server\jvm.dll
0x00007ffab8ff0000 - 0x00007ffab903b000 	C:\Windows\SYSTEM32\POWRPROF.dll
0x00007ffaa3960000 - 0x00007ffaa3987000 	C:\Windows\SYSTEM32\WINMM.dll
0x00007ffa3a510000 - 0x00007ffa3a83e800 	C:\Xilinx\Vivado\2024.1\lib\win64.o\librdi_sio.dll
0x00007ffab8530000 - 0x00007ffab856b000 	C:\Windows\SYSTEM32\IPHLPAPI.DLL
0x00007ffab8fd0000 - 0x00007ffab8fe2000 	C:\Windows\SYSTEM32\UMPDC.dll
0x00007ffab79d0000 - 0x00007ffab79f3000 	C:\Windows\SYSTEM32\gpapi.dll
0x00007ffa9a360000 - 0x00007ffa9a391000 	C:\Windows\System32\cryptnet.dll
0x00007ffab90c0000 - 0x00007ffab90e4000 	C:\Windows\SYSTEM32\profapi.dll
0x00007ffab2a90000 - 0x00007ffab2a9b000 	C:\Windows\SYSTEM32\WINNSI.DLL
0x00007ffabb970000 - 0x00007ffabb978000 	C:\Windows\System32\NSI.dll
0x00007ffab0be0000 - 0x00007ffab0bf7000 	C:\Windows\SYSTEM32\dhcpcsvc6.DLL
0x00007ffaac220000 - 0x00007ffaac2b8000 	C:\Windows\SYSTEM32\webio.dll
0x00007ffab9070000 - 0x00007ffab90a2000 	C:\Windows\SYSTEM32\SspiCli.dll
0x00007ffab8570000 - 0x00007ffab863a000 	C:\Windows\SYSTEM32\DNSAPI.dll
0x00007ffaae820000 - 0x00007ffaae82a000 	C:\Windows\System32\rasadhlp.dll
0x00007ffaae880000 - 0x00007ffaae900000 	C:\Windows\System32\fwpuclnt.dll
0x00007ffa5c0d0000 - 0x00007ffa5c0e7000 	C:\Windows\system32\napinsp.dll
0x00007ffa5c0f0000 - 0x00007ffa5c10b000 	C:\Windows\system32\pnrpnsp.dll
0x00007ffab59e0000 - 0x00007ffab59f5000 	C:\Windows\system32\wshbth.dll
0x00007ffab26a0000 - 0x00007ffab26bd000 	C:\Windows\system32\NLAapi.dll
0x00007ffa5c110000 - 0x00007ffa5c122000 	C:\Windows\System32\winrnr.dll
0x00007ffab8290000 - 0x00007ffab82a9000 	C:\Windows\SYSTEM32\wkscli.dll
0x00007ffa9a650000 - 0x00007ffa9a662000 	C:\Windows\SYSTEM32\cscapi.dll
0x00007ffab7210000 - 0x00007ffab79b4000 	C:\Windows\SYSTEM32\windows.storage.dll
0x00007ffab8af0000 - 0x00007ffab8b1e000 	C:\Windows\SYSTEM32\Wldp.dll
0x00007ffa1f730000 - 0x00007ffa2266c000 	C:\Xilinx\Vivado\2024.1\lib\win64.o\librdi_tcltasks.dll
0x00007ffa6fa40000 - 0x00007ffa6fac3000 	C:\Xilinx\Vivado\2024.1\lib\win64.o\librdi_boarddep.dll
0x00007ffa97f70000 - 0x00007ffa97fb4000 	C:\Xilinx\Vivado\2024.1\lib\win64.o\libboost_serialization.dll
0x00007ffa1f240000 - 0x00007ffa1f730000 	C:\Xilinx\Vivado\2024.1\lib\win64.o\librdi_bitstream.dll
0x00007ffa1f030000 - 0x00007ffa1f231000 	C:\Xilinx\Vivado\2024.1\lib\win64.o\librdi_board.dll
0x00007ffa1ee20000 - 0x00007ffa1f025000 	C:\Xilinx\Vivado\2024.1\lib\win64.o\librdi_chipscopeimpl.dll
0x00007ffa1ecf0000 - 0x00007ffa1ee13000 	C:\Xilinx\Vivado\2024.1\lib\win64.o\librdi_chipscope.dll
0x00007ffa1eb80000 - 0x00007ffa1ecee000 	C:\Xilinx\Vivado\2024.1\lib\win64.o\librdi_containers.dll
0x00007ffa1cc30000 - 0x00007ffa1eb76000 	C:\Xilinx\Vivado\2024.1\lib\win64.o\librdi_designutils.dll
0x00007ffa99c30000 - 0x00007ffa99c43000 	C:\Xilinx\Vivado\2024.1\lib\win64.o\librdi_dfx.dll
0x00007ffa1c850000 - 0x00007ffa1cc22000 	C:\Xilinx\Vivado\2024.1\lib\win64.o\librdi_dlyest.dll
0x00007ffa1c0d0000 - 0x00007ffa1c842000 	C:\Xilinx\Vivado\2024.1\lib\win64.o\librdi_drc.dll
0x00007ffa5b3f0000 - 0x00007ffa5b4a4000 	C:\Xilinx\Vivado\2024.1\lib\win64.o\librdi_dsp.dll
0x00007ffa1b880000 - 0x00007ffa1c0ce000 	C:\Xilinx\Vivado\2024.1\lib\win64.o\librdi_filemgmt.dll
0x00007ffa1a240000 - 0x00007ffa1b879000 	C:\Xilinx\Vivado\2024.1\lib\win64.o\librdi_device.dll
0x00007ffa6c850000 - 0x00007ffa6c8b9000 	C:\Xilinx\Vivado\2024.1\lib\win64.o\librdi_hdf.dll
0x00007ffa176f0000 - 0x00007ffa1a237000 	C:\Xilinx\Vivado\2024.1\lib\win64.o\librdi_constraints.dll
0x00007ffa173d0000 - 0x00007ffa176e1000 	C:\Xilinx\Vivado\2024.1\lib\win64.o\librdi_hip_devdesign.dll
0x00007ffa17280000 - 0x00007ffa173d0000 	C:\Xilinx\Vivado\2024.1\lib\win64.o\librdi_hip_perf_analysis.dll

dbghelp: loaded successfully - version: 4.0.5 - missing functions: none
symbol engine: initialized successfully - sym options: 0x614 - pdb path: .;C:\Xilinx\Vivado\2024.1\bin\unwrapped\win64.o;C:\Windows\SYSTEM32;C:\Xilinx\Vivado\2024.1\lib\win64.o;C:\Windows\WinSxS\amd64_microsoft.windows.common-controls_6595b64144ccf1df_5.82.19041.4355_none_792ecafd2442822f;C:\Xilinx\Vivado\2024.1\tps\win64\jre21.0.1_12\bin\server;C:\Xilinx\Vivado\2024.1\tps\win64\jre21.0.1_12\bin;C:\Windows\WinSxS\amd64_microsoft.windows.common-controls_6595b64144ccf1df_6.0.19041.4355_none_60b8b9eb71f62e16

VM Arguments:
jvm_args: -Dsun.java2d.pmoffscreen=false -Dhttps.protocols=TLSv1,TLSv1.1,TLSv1.2 -Dsun.java2d.xrender=false -Dsun.java2d.d3d=false -Dsun.awt.nopixfmt=true -Dsun.java2d.dpiaware=true -Dsun.java2d.uiScale.enabled=false -Dswing.aatext=true -XX:-UsePerfData -Djdk.map.althashing.threshold=512 -XX:StringTableSize=4072 -XX:+UseStringDeduplication -XX:MaxGCPauseMillis=200 -XX:+ParallelRefProcEnabled --add-opens=java.desktop/javax.swing.plaf.synth=ALL-UNNAMED --add-opens=java.base/java.nio=ALL-UNNAMED --add-opens=java.desktop/sun.swing=ALL-UNNAMED --add-opens=java.desktop/javax.swing=ALL-UNNAMED --add-opens=java.desktop/javax.swing.tree=ALL-UNNAMED --add-opens=java.desktop/javax.swing.plaf.basic=ALL-UNNAMED --add-opens=java.desktop/javax.swing.plaf.synth=ALL-UNNAMED --add-opens=java.desktop/javax.swing.plaf.basic=ALL-UNNAMED --add-opens=java.desktop/javax.swing=ALL-UNNAMED --add-opens=java.desktop/javax.swing.tree=ALL-UNNAMED --add-opens=java.desktop/java.awt.event=ALL-UNNAMED --add-exports=java.desktop/javax.swing.plaf.synth=ALL-UNNAMED --add-exports=java.base/java.nio=ALL-UNNAMED --add-exports=java.desktop/sun.swing=ALL-UNNAMED --add-exports=java.desktop/javax.swing=ALL-UNNAMED --add-exports=java.desktop/javax.swing.tree=ALL-UNNAMED --add-exports=java.desktop/javax.swing.plaf.basic=ALL-UNNAMED --add-exports=java.desktop/sun.swing=ALL-UNNAMED --add-exports=java.desktop/sun.swing.table=ALL-UNNAMED --add-exports=java.desktop/sun.swing.plaf.synth=ALL-UNNAMED --add-exports=java.desktop/sun.awt.shell=ALL-UNNAMED --add-exports=java.base/sun.security.action=ALL-UNNAMED --add-exports=java.desktop/sun.font=ALL-UNNAMED -XX:NewSize=80m -XX:MaxNewSize=80m -Xms512m -Xmx4072m -Xss10m 
java_command: <unknown>
java_class_path (initial): C:/Xilinx/Vivado/2024.1\lib\classes\alloy.jar;C:/Xilinx/Vivado/2024.1\lib\classes\asm-9.6.jar;C:/Xilinx/Vivado/2024.1\lib\classes\asm-analysis-9.6.jar;C:/Xilinx/Vivado/2024.1\lib\classes\asm-commons-9.6.jar;C:/Xilinx/Vivado/2024.1\lib\classes\asm-tree-9.6.jar;C:/Xilinx/Vivado/2024.1\lib\classes\autoesl-models.jar;C:/Xilinx/Vivado/2024.1\lib\classes\batik-anim.jar;C:/Xilinx/Vivado/2024.1\lib\classes\batik-awt-util.jar;C:/Xilinx/Vivado/2024.1\lib\classes\batik-bridge.jar;C:/Xilinx/Vivado/2024.1\lib\classes\batik-codec.jar;C:/Xilinx/Vivado/2024.1\lib\classes\batik-constants.jar;C:/Xilinx/Vivado/2024.1\lib\classes\batik-css.jar;C:/Xilinx/Vivado/2024.1\lib\classes\batik-dom.jar;C:/Xilinx/Vivado/2024.1\lib\classes\batik-ext.jar;C:/Xilinx/Vivado/2024.1\lib\classes\batik-gui-util.jar;C:/Xilinx/Vivado/2024.1\lib\classes\batik-gvt.jar;C:/Xilinx/Vivado/2024.1\lib\classes\batik-i18n.jar;C:/Xilinx/Vivado/2024.1\lib\classes\batik-parser.jar;C:/Xilinx/Vivado/2024.1\lib\classes\batik-script.jar;C:/Xilinx/Vivado/2024.1\lib\classes\batik-svg-dom.jar;C:/Xilinx/Vivado/2024.1\lib\classes\batik-svggen.jar;C:/Xilinx/Vivado/2024.1\lib\classes\batik-swing.jar;C:/Xilinx/Vivado/2024.1\lib\classes\batik-transcoder.jar;C:/Xilinx/Vivado/2024.1\lib\classes\batik-util.jar;C:/Xilinx/Vivado/2024.1\lib\classes\batik-xml.jar;C:/Xilinx/Vivado/2024.1\lib\classes\com.fasterxml.jackson.core.jackson-annotations_2.12.1.v20210128-1726.jar;C:/Xilinx/Vivado/2024.1\lib\classes\com.fasterxml.jackson.core.jackson-core_2.12.1.v20210128-1726.jar;C:/Xilinx/Vivado/2024.1\lib\classes\com.fasterxml.jackson.core.jackson-databind_2.12.1.v20210128-1726.jar;C:/Xilinx/Vivado/2024.1\lib\classes\com.google.gson_2.8.9.v20220111-1409.jar;C:/Xilinx/Vivado/2024.1\lib\classes\com.google.guava_30.1.0.v20210127-2300.jar;C:/Xilinx/Vivado/2024.1\lib\classes\com.sigasi.hdt.connection_4.17.2.202304211001.jar;C:/Xilinx/Vivado/2024.1\lib\classes\com.sigasi.hdt.epl_4.17.2.202304211001.jar;C:/Xilinx/Vivado/2024.1\lib\classes\com.sigasi.hdt.project_4.17.2.202304211001.jar;C:/Xilinx/Vivado/2024.1\lib\classes\com.sigasi.hdt.readonlyfilesystem_4.17.2.202304211001.jar;C:/Xilinx/Vivado/2024.1\lib\classes\com.sigasi.hdt.shared_4.17.2.202304211001.jar;C:/Xilinx/Vivado/2024.1\lib\classes\com.sigasi.lcm_4.17.2.202304211001.jar;C:/Xilinx/Vivado/2024.1\lib\classes\com.sigasi.lsp.server.extensions_4.17.2.202304211001.jar;C:/Xilinx/Vivado/2024.1\lib\classes\com.sigasi.sdk.client_1.5.0.202304211001.jar;C:/Xilinx/Vivado/2024.1\lib\classes\commons-collections4-4.1.jar;C:/Xilinx/Vivado/2024.1\lib\classes\commons-compress-1.21.jar;C:/Xilinx/Vivado/2024.1\lib\classes\commons-io-2.15.0.jar;C:/Xilinx/Vivado/2024.1\lib\classes\commons-io-2.6.jar;C:/Xilinx/Vivado/2024.1\lib\classes\commons-lang3-3.14.0.jar;C:/Xilinx/Vivado/2024.1\lib\classes\commons-math-2.2.jar;C:/Xilinx/Vivado/2024.1\lib\classes\Dispatch.jar;C:/Xilinx/Vivado/2024.1\lib\classes\DispatchClient.jar;C:/Xilinx/Vivado/2024.1\lib\classes\DispatchClientEx.jar;C:/Xilinx/Vivado/2024.1\lib\classes\dom4j-1.6.1.jar;C:/Xilinx/Vivado/2024.1\lib\classes\FrankFrameworks.jar;C:/Xilinx/Vivado/2024.1\lib\classes\FrankFrameworksTest.jar;C:/Xilinx/Vivado/2024.1\lib\classes\help.jar;C:/Xilinx/Vivado/2024.1\lib\classes\hsqldb.jar;C:/Xilinx/Vivado/2024.1\lib\classes\jakarta.annotation-api-2.1.0.jar;C:/Xilinx/Vivado/2024.1\lib\classes\jakarta.json-2.0.0-RC2.jar;C:/Xilinx/Vivado/2024.1\lib\classes\jakarta.json-api-2.0.0-RC2.jar;C:/Xilinx/Vivado/2024.1\lib\classes\jakarta.transaction-api-2.0.0.jar;C:/Xilinx/Vivado/2024.1\lib\classes\jaxb-api-2.3.0.jar;C:/Xilinx/Vivado/2024.1\lib\classes\jericho-html-3.4.jar;C:/Xilinx/Vivado/2024.1\lib\classes\jetty-jakarta-servlet-api-5.0.2.jar;C:/Xilinx/Vivado/2024.1\lib\classes\jh.jar;C:/Xilinx/Vivado/2024.1\lib\classes\jide-action.jar;C:/Xilinx/Vivado/2024.1\lib\classes\jide-charts.jar;C:/Xilinx/Vivado/2024.1\lib\classes\jide-common.jar;C:/Xilinx/Vivado/2024.1\lib\classes\jide-components.jar;C:/Xilinx/Vivado/2024.1\lib\classes\jide-dashboard.jar;C:/Xilinx/Vivado/2024.1\lib\classes\jide-data.jar;C:/Xilinx/Vivado/2024.1\lib\classes\jide-dialogs.jar;C:/Xilinx/Vivado/2024.1\lib\classes\jide-diff.jar;C:/Xilinx/Vivado/2024.1\lib\classes\jide-dock.jar;C:/Xilinx/Vivado/2024.1\lib\classes\jide-editor.jar;C:/Xilinx/Vivado/2024.1\lib\classes\jide-gantt.jar;C:/Xilinx/Vivado/2024.1\lib\classes\jide-grids.jar;C:/Xilinx/Vivado/2024.1\lib\classes\jide-pivot.jar;C:/Xilinx/Vivado/2024.1\lib\classes\jide-plaf-jdk7.jar;C:/Xilinx/Vivado/2024.1\lib\classes\jide-properties.jar;C:/Xilinx/Vivado/2024.1\lib\classes\jide-shortcut.jar;C:/Xilinx/Vivado/2024.1\lib\classes\jide-treemap.jar;C:/Xilinx/Vivado/2024.1\lib\classes\JRCClient.jar;C:/Xilinx/Vivado/2024.1\lib\classes\JRCClientEx.jar;C:/Xilinx/Vivado/2024.1\lib\classes\junit-jupiter-5.4.2.jar;C:/Xilinx/Vivado/2024.1\lib\classes\junit-jupiter-api-5.4.2.jar;C:/Xilinx/Vivado/2024.1\lib\classes\junit-jupiter-engine-5.4.2.jar;C:/Xilinx/Vivado/2024.1\lib\classes\junit-jupiter-migrationsupport-5.4.2.jar;C:/Xilinx/Vivado/2024.1\lib\classes\junit-jupiter-params-5.4.2.jar;C:/Xilinx/Vivado/2024.1\lib\classes\junit-platform-commons-1.4.2.jar;C:/Xilinx/Vivado/2024.1\lib\classes\junit-platform-console-1.4.2.jar;C:/Xilinx/Vivado/2024.1\lib\classes\junit-platform-console-standalone-1.4.2.jar;C:/Xilinx/Vivado/2024.1\lib\classes\junit-platform-engine-1.4.2.jar;C:/Xilinx/Vivado/2024.1\lib\classes\junit-platform-launcher-1.4.2.jar;C:/Xilinx/Vivado/2024.1\lib\classes\junit-platform-reporting-1.4.2.jar;C:/Xilinx/Vivado/2024.1\lib\classes\junit-platform-runner-1.4.2.jar;C:/Xilinx/Vivado/2024.1\lib\classes\junit-platform-suite-api-1.4.2.jar;C:/Xilinx/Vivado/2024.1\lib\classes\junit-platform-testkit-1.4.2.jar;C:/Xilinx/Vivado/2024.1\lib\classes\junit-vintage-engine-5.4.2.jar;C:/Xilinx/Vivado/2024.1\lib\classes\justify-3.0.0-RC2.jar;C:/Xilinx/Vivado/2024.1\lib\classes\jydocking.jar;C:/Xilinx/Vivado/2024.1\lib\classes\jytable.jar;C:/Xilinx/Vivado/2024.1\lib\classes\jywidgets.jar;C:/Xilinx/Vivado/2024.1\lib\classes\log4j-1.2-api-2.17.1.jar;C:/Xilinx/Vivado/2024.1\lib\classes\log4j-api-2.17.1.jar;C:/Xilinx/Vivado/2024.1\lib\classes\log4j-core-2.17.1.jar;C:/Xilinx/Vivado/2024.1\lib\classes\lucene-analyzers-common-4.10.2.jar;C:/Xilinx/Vivado/2024.1\lib\classes\lucene-core-4.10.2.jar;C:/Xilinx/Vivado/2024.1\lib\classes\lucene-queryparser-4.10.2.jar;C:/Xilinx/Vivado/2024.1\lib\classes\methodologies.jar;C:/Xilinx/Vivado/2024.1\lib\classes\miglayout-3.7.3.1-sources.jar;C:/Xilinx/Vivado/2024.1\lib\classes\miglayout-3.7.3.1-swing.jar;C:/Xilinx/Vivado/2024.1\lib\classes\Nlview.jar;C:/Xilinx/Vivado/2024.1\lib\classes\org.apache.commons.lang_2.6.0.v201404270220.jar;C:/Xilinx/Vivado/2024.1\lib\classes\org.eclipse.core.commands-3.6.0.jar;C:/Xilinx/Vivado/2024.1\lib\classes\org.eclipse.core.filesystem_1.7.400.v20190518-1151.jar;C:/Xilinx/Vivado/2024.1\lib\classes\org.eclipse.core.jobs_3.10.400.v20190506-1457.jar;C:/Xilinx/Vivado/2024.1\lib\classes\org.eclipse.core.resources_3.13.400.v20190505-1655.jar;C:/Xilinx/Vivado/2024.1\lib\classes\org.eclipse.emf.common_2.18.0.v20191225-1014.jar;C:/Xilinx/Vivado/2024.1\lib\classes\org.eclipse.emf.common_2.24.0.v20220123-0838.jar;C:/Xilinx/Vivado/2024.1\lib\classes\org.eclipse.emf.ecore.xmi_2.16.0.v20190528-0725.jar;C:/Xilinx/Vivado/2024.1\lib\classes\org.eclipse.emf.ecore_2.21.0.v20200127-1342.jar;C:/Xilinx/Vivado/2024.1\lib\classes\org.eclipse.equinox.common_3.11.0.v20200206-0817.jar;C:/Xilinx/Vivado/2024.1\lib\classes\org.eclipse.equinox.registry_3.8.400.v20190516-1504.jar;C:/Xilinx/Vivado/2024.1\lib\classes\org.eclipse.jetty.alpn.client_11.0.18.jar;C:/Xilinx/Vivado/2024.1\lib\classes\org.eclipse.jetty.annotations_11.0.18.jar;C:/Xilinx/Vivado/2024.1\lib\classes\org.eclipse.jetty.client_11.0.18.jar;C:/Xilinx/Vivado/2024.1\lib\classes\org.eclipse.jetty.http_11.0.18.jar;C:/Xilinx/Vivado/2024.1\lib\classes\org.eclipse.jetty.io_11.0.18.jar;C:/Xilinx/Vivado/2024.1\lib\classes\org.eclipse.jetty.jndi_11.0.18.jar;C:/Xilinx/Vivado/2024.1\lib\classes\org.eclipse.jetty.plus_11.0.18.jar;C:/Xilinx/Vivado/2024.1\lib\classes\org.eclipse.jetty.security_11.0.18.jar;C:/Xilinx/Vivado/2024.1\lib\classes\org.eclipse.jetty.server_11.0.18.jar;C:/Xilinx/Vivado/2024.1\lib\classes\org.eclipse.jetty.servlet_11.0.18.jar;C:/Xilinx/Vivado/2024.1\lib\classes\org.eclipse.jetty.util_11.0.18.jar;C:/Xilinx/Vivado/2024.1\lib\classes\org.eclipse.jetty.webapp_11.0.18.jar;C:/Xilinx/Vivado/2024.1\lib\classes\org.eclipse.jetty.websocket.api_11.0.18.jar;C:/Xilinx/Vivado/2024.1\lib\classes\org.eclipse.jetty.websocket.client_11.0.18.jar;C:/Xilinx/Vivado/2024.1\lib\classes\org.eclipse.jetty.websocket.common_11.0.18.jar;C:/Xilinx/Vivado/2024.1\lib\classes\org.eclipse.jetty.websocket.core.client_11.0.18.jar;C:/Xilinx/Vivado/2024.1\lib\classes\org.eclipse.jetty.websocket.core.common_11.0.18.jar;C:/Xilinx/Vivado/2024.1\lib\classes\org.eclipse.jetty.websocket.core.server_11.0.18.jar;C:/Xilinx/Vivado/2024.1\lib\classes\org.eclipse.jetty.websocket.server_11.0.18.jar;C:/Xilinx/Vivado/2024.1\lib\classes\org.eclipse.jetty.websocket.servlet_11.0.18.jar;C:/Xilinx/Vivado/2024.1\lib\classes\org.eclipse.jetty.xml_11.0.18.jar;C:/Xilinx/Vivado/2024.1\lib\classes\org.eclipse.lsp4j.jsonrpc_0.12.0.v20210402-1305.jar;C:/Xilinx/Vivado/2024.1\lib\classes\org.eclipse.lsp4j_0.12.0.v20210402-1305.jar;C:/Xilinx/Vivado/2024.1\lib\classes\org.eclipse.xtext.util_2.18.0.v20190603-1042.jar;C:/Xilinx/Vivado/2024.1\lib\classes\org.eclipse.xtext.util_2.26.0.v20220228-0751.jar;C:/Xilinx/Vivado/2024.1\lib\classes\org.eclipse.xtext.xbase.lib_2.26.0.v20220228-0748.jar;C:/Xilinx/Vivado/2024.1\lib\classes\picocli-4.1.2.jar;C:/Xilinx/Vivado/2024.1\lib\classes\planAhead.jar;C:/Xilinx/Vivado/2024.1\lib\classes\poi-4.1.1.jar;C:/Xilinx/Vivado/2024.1\lib\classes\poi-ooxml-4.1.1.jar;C:/Xilinx/Vivado/2024.1\lib\classes\poi-ooxml-schemas-4.1.1.jar;C:/Xilinx/Vivado/2024.1\lib\classes\protobuf-java-3.21.12.jar;C:/Xilinx/Vivado/2024.1\lib\classes\protobuf-java-util-3.21.12.jar;C:/Xilinx/Vivado/2024.1\lib\classes\relnotes.jar;C:/Xilinx/Vivado/2024.1\lib\classes\RuleService.jar;C:/Xilinx/Vivado/2024.1\lib\classes\slf4j-api-2.0.9.jar;C:/Xilinx/Vivado/2024.1\lib\classes\swingx-core-1.6.2.jar;C:/Xilinx/Vivado/2024.1\lib\classes\synthetica.jar;C:/Xilinx/Vivado/2024.1\lib\classes\syntheticaAddons.jar;C:/Xilinx/Vivado/2024.1\lib\classes\syntheticaDark.jar;C:/Xilinx/Vivado/2024.1\lib\classes\syntheticaDarkAddon.jar;C:/Xilinx/Vivado/2024.1\lib\classes\syntheticaPlain.jar;C:/Xilinx/Vivado/2024.1\lib\classes\syntheticaPlainAddon.jar;C:/Xilinx/Vivado/2024.1\lib\classes\sysgen.jar;C:/Xilinx/Vivado/2024.1\lib\classes\tutorial.jar;C:/Xilinx/Vivado/2024.1\lib\classes\userguide.jar;C:/Xilinx/Vivado/2024.1\lib\classes\VlmGUI.jar;C:/Xilinx/Vivado/2024.1\lib\classes\xml-apis-ext.jar;C:/Xilinx/Vivado/2024.1\lib\classes\xmlbeans-3.1.0.jar;C:/Xilinx/Vivado/2024.1\lib\classes\xmlgraphics-commons.jar;C:/Xilinx/Vivado/2024.1\lib\classes\yfiles-for-java-swing.jar;C:/Xilinx/Vivado/2024.1\lib\classes\windows\gluegen-rt-natives-windows-amd64.jar;C:/Xilinx/Vivado/2024.1\lib\classes\windows\gluegen-rt.jar;C:/Xilinx/Vivado/2024.1\lib\classes\windows\javafx-swt.jar;C:/Xilinx/Vivado/2024.1\lib\classes\windows\javafx.base.jar;C:/Xilinx/Vivado/2024.1\lib\classes\windows\javafx.controls.jar;C:/Xilinx/Vivado/2024.1\lib\classes\windows\javafx.fxml.jar;C:/Xilinx/Vivado/2024.1\lib\classes\windows\javafx.graphics.jar;C:/Xilinx/Vivado/2024.1\lib\classes\windows\javafx.media.jar;C:/Xilinx/Vivado/2024.1\lib\classes\windows\javafx.swing.jar;C:/Xilinx/Vivado/2024.1\lib\classes\windows\javafx.web.jar;C:/Xilinx/Vivado/2024.1\lib\classes\windows\jcef-tests.jar;C:/Xilinx/Vivado/2024.1\lib\classes\windows\jcef.jar;C:/Xilinx/Vivado/2024.1\lib\classes\windows\jogl-all-natives-windows-amd64.jar;C:/Xilinx/Vivado/2024.1\lib\classes\windows\jogl-all.jar
Launcher Type: generic

[Global flags]
     intx CICompilerCount                          = 12                                        {product} {ergonomic}
     uint ConcGCThreads                            = 3                                         {product} {ergonomic}
     uint G1ConcRefinementThreads                  = 13                                        {product} {ergonomic}
   size_t G1HeapRegionSize                         = 2097152                                   {product} {ergonomic}
    uintx GCDrainStackTargetSize                   = 64                                        {product} {ergonomic}
   size_t InitialHeapSize                          = 536870912                                 {product} {command line}
   size_t MarkStackSize                            = 4194304                                   {product} {ergonomic}
    uintx MaxGCPauseMillis                         = 200                                       {product} {command line}
   size_t MaxHeapSize                              = 4269801472                                {product} {command line}
   size_t MaxNewSize                               = 83886080                                  {product} {command line}
   size_t MinHeapDeltaBytes                        = 2097152                                   {product} {ergonomic}
   size_t MinHeapSize                              = 536870912                                 {product} {command line}
   size_t NewSize                                  = 83886080                                  {product} {command line}
    uintx NonNMethodCodeHeapSize                   = 7602480                                {pd product} {ergonomic}
    uintx NonProfiledCodeHeapSize                  = 122027880                              {pd product} {ergonomic}
     bool ParallelRefProcEnabled                   = true                                      {product} {command line}
    uintx ProfiledCodeHeapSize                     = 122027880                              {pd product} {ergonomic}
    uintx ReservedCodeCacheSize                    = 251658240                              {pd product} {ergonomic}
     bool SegmentedCodeCache                       = true                                      {product} {ergonomic}
   size_t SoftMaxHeapSize                          = 4269801472                             {manageable} {ergonomic}
    uintx StringTableSize                          = 4072                                      {product} {command line}
     intx ThreadStackSize                          = 10240                                  {pd product} {command line}
     bool UseCompressedOops                        = true                           {product lp64_product} {ergonomic}
     bool UseG1GC                                  = true                                      {product} {ergonomic}
     bool UseLargePagesIndividualAllocation        = false                                  {pd product} {ergonomic}
     bool UsePerfData                              = false                                     {product} {command line}
     bool UseStringDeduplication                   = true                                      {product} {command line}

Logging:
Log output configuration:
 #0: stdout all=warning uptime,level,tags foldmultilines=false
 #1: stderr all=off uptime,level,tags foldmultilines=false

Environment Variables:
PATH=C:/Xilinx/Vivado/2024.1\gnuwin\bin;C:/Xilinx/Vivado/2024.1\gnu\microblaze\nt\bin;C:/Xilinx/Vivado/2024.1/bin;C:/Xilinx/Vivado/2024.1/tps/win64/java-cef-95.0.4638.69/bin/lib/win64;C:/Xilinx/Vivado/2024.1/tps/win64/javafx-sdk-21.0.1/lib;C:/Xilinx/Vivado/2024.1/tps/win64/javafx-sdk-21.0.1/bin;C:/Xilinx/Vivado/2024.1/lib/win64.o;C:/Xilinx/Vivado/2024.1/tps/win64/jre21.0.1_12/bin/server;C:/Xilinx/Vivado/2024.1/tps/win64/jre21.0.1_12/bin;C:/Xilinx/Vitis/2024.1/bin;C:/Xilinx/Vivado/2024.1/ids_lite/ISE/bin/nt64;C:/Xilinx/Vivado/2024.1/ids_lite/ISE/lib/nt64;C:/Xilinx/Vitis_HLS/2024.1/bin;C:\Program Files (x86)\Intel\Intel(R) Management Engine Components\iCLS\;C:\Program Files\Intel\Intel(R) Management Engine Components\iCLS\;C:\Windows\system32;C:\Windows;C:\Windows\System32\Wbem;C:\Windows\System32\WindowsPowerShell\v1.0\;C:\Windows\System32\OpenSSH\;C:\Program Files\Git\cmd;C:\Users\andre\AppData\Local\Microsoft\WindowsApps;C:\Users\andre\AppData\Local\Programs\Microsoft VS Code\bin;;C:\iverilog\bin;C:\iverilog\gtkwave\bin;C:/Xilinx/Vivado/2024.1\tps\mingw\6.2.0\win64.o\nt\bin;C:/Xilinx/Vivado/2024.1\tps\mingw\6.2.0\win64.o\nt\libexec\gcc\x86_64-w64-mingw32\6.2.0;C:/Xilinx/Vivado/2024.1\tps\win64\python-3.8.3;C:/Xilinx/Vivado/2024.1\tps\win64\python-3.8.3\bin;C:/Xilinx/Vivado/2024.1\tps\win64\python-3.8.3\lib;C:/Xilinx/Vivado/2024.1\tps\win64\python-3.8.3\lib\site-packages
USERNAME=andre
OS=Windows_NT
PROCESSOR_IDENTIFIER=Intel64 Family 6 Model 158 Stepping 13, GenuineIntel
TMP=C:\Users\andre\AppData\Local\Temp
TEMP=C:\Users\andre\AppData\Local\Temp




Periodic native trim disabled

---------------  S Y S T E M  ---------------

OS:
 Windows 10 , 64 bit Build 19041 (10.0.19041.5198)
OS uptime: 0 days 3:18 hours

CPU: total 16 (initial active 16) (8 cores per cpu, 2 threads per core) family 6 model 158 stepping 13 microcode 0x100, cx8, cmov, fxsr, ht, mmx, 3dnowpref, sse, sse2, sse3, ssse3, sse4.1, sse4.2, popcnt, lzcnt, tsc, tscinvbit, avx, avx2, aes, erms, clmul, bmi1, bmi2, adx, fma, vzeroupper, clflush, clflushopt, rdtscp, f16c
Processor Information for all 16 processors :
  Max Mhz: 2301, Current Mhz: 2301, Mhz Limit: 2301

Memory: 4k page, system-wide physical 32662M (999M free)
TotalPageFile size 51764M (AvailPageFile size 532M)
current process WorkingSet (physical memory assigned to process): 24300M, peak: 25822M
current process commit charge ("private bytes"): 40331M, peak: 40367M

vm_info: OpenJDK 64-Bit Server VM (21.0.1+12-LTS) for windows-amd64 JRE (21.0.1+12-LTS), built on 2023-10-17T00:00:00Z by "admin" with unknown MS VC++:1937

END.
