#-----------------------------------------------------------
# Vivado v2024.2 (64-bit)
# SW Build 5239630 on Fri Nov 08 22:35:27 MST 2024
# IP Build 5239520 on Sun Nov 10 16:12:51 MST 2024
# SharedData Build 5239561 on Fri Nov 08 14:39:27 MST 2024
# Start of session at: Sat Dec 21 11:43:43 2024
# Process ID         : 10692
# Current directory  : C:/Users/andre/Desktop/snn-fpga/vivado
# Command line       : vivado.exe -mode tcl -source .\basys3_project.tcl
# Log file           : C:/Users/andre/Desktop/snn-fpga/vivado/vivado.log
# Journal file       : C:/Users/andre/Desktop/snn-fpga/vivado\vivado.jou
# Running On         : DESKTOP-OVIC86T
# Platform           : Windows Server 2016 or Windows 10
# Operating System   : 19045
# Processor Detail   : Intel(R) Core(TM) i9-9880H CPU @ 2.30GHz
# CPU Frequency      : 2304 MHz
# CPU Physical cores : 8
# CPU Logical cores  : 16
# Host memory        : 34248 MB
# Swap memory        : 5100 MB
# Total Virtual      : 39349 MB
# Available Virtual  : 32533 MB
#-----------------------------------------------------------
source {.\basys3_project.tcl}
# create_project -force snn_fpga ./snn_fpga -part xc7a35tcpg236-1
# add_files ../src/hdl/bram/mem/input_bram.mem
# add_files ../src/hdl/bram/mem/mem_bram.mem
# add_files ../src/hdl/bram/mem/spk_in_bram.mem
# add_files ../src/hdl/bram/mem/weight_bram.mem
# add_files ../src/hdl/bram/mem/tile_idx_bram.mem
# add_files ../src/hdl/top.sv
# add_files ../src/hdl/basys3-constraints.xdc
# set_property include_dirs {../src/hdl/ ../src/hdl/bram ../src/hdl/snn ../src/hdl/fifo ../src/hdl/bram/mem} [current_fileset]
# set_property top top [current_fileset]
Vivado% start_gui
INFO: [IP_Flow 19-234] Refreshing IP repositories
INFO: [IP_Flow 19-1704] No user IP repositories specified
INFO: [IP_Flow 19-2313] Loaded Vivado IP repository 'C:/Xilinx/Vivado/2024.2/data/ip'.
update_compile_order -fileset sources_1
launch_runs synth_1 -jobs 8
WARNING: [Vivado 12-7122] Auto Incremental Compile:: No reference checkpoint was found in run synth_1. Auto-incremental flow will not be run, the standard flow will be run instead.
[Sat Dec 21 11:44:08 2024] Launched synth_1...
Run output will be captured here: C:/Users/andre/Desktop/snn-fpga/vivado/snn_fpga/snn_fpga.runs/synth_1/runme.log
launch_runs impl_1 -jobs 8
[Sat Dec 21 11:47:48 2024] Launched impl_1...
Run output will be captured here: C:/Users/andre/Desktop/snn-fpga/vivado/snn_fpga/snn_fpga.runs/impl_1/runme.log
launch_simulation
Command: launch_simulation 
INFO: [Vivado 12-12493] Simulation top is 'top'
WARNING: [Vivado 12-13340] Unable to auto find GCC executables from simulator install path! (path not set)
INFO: [Vivado 12-5682] Launching behavioral simulation in 'C:/Users/andre/Desktop/snn-fpga/vivado/snn_fpga/snn_fpga.sim/sim_1/behav/xsim'
INFO: [SIM-utils-51] Simulation object is 'sim_1'
INFO: [SIM-utils-72] Using boost library from 'C:/Xilinx/Vivado/2024.2/tps/boost_1_72_0'
INFO: [SIM-utils-54] Inspecting design source files for 'top' in fileset 'sim_1'...
INFO: [SIM-utils-43] Exported 'C:/Users/andre/Desktop/snn-fpga/vivado/snn_fpga/snn_fpga.sim/sim_1/behav/xsim/input_bram.mem'
INFO: [SIM-utils-43] Exported 'C:/Users/andre/Desktop/snn-fpga/vivado/snn_fpga/snn_fpga.sim/sim_1/behav/xsim/mem_bram.mem'
INFO: [SIM-utils-43] Exported 'C:/Users/andre/Desktop/snn-fpga/vivado/snn_fpga/snn_fpga.sim/sim_1/behav/xsim/spk_in_bram.mem'
INFO: [SIM-utils-43] Exported 'C:/Users/andre/Desktop/snn-fpga/vivado/snn_fpga/snn_fpga.sim/sim_1/behav/xsim/weight_bram.mem'
INFO: [SIM-utils-43] Exported 'C:/Users/andre/Desktop/snn-fpga/vivado/snn_fpga/snn_fpga.sim/sim_1/behav/xsim/tile_idx_bram.mem'
INFO: [USF-XSim-97] Finding global include files...
INFO: [USF-XSim-98] Fetching design files from 'sim_1'...
INFO: [USF-XSim-2] XSim::Compile design
INFO: [USF-XSim-61] Executing 'COMPILE and ANALYZE' step in 'C:/Users/andre/Desktop/snn-fpga/vivado/snn_fpga/snn_fpga.sim/sim_1/behav/xsim'
"xvlog --incr --relax -L uvm -prj top_vlog.prj"
INFO: [VRFC 10-2263] Analyzing SystemVerilog file "C:/Users/andre/Desktop/snn-fpga/src/hdl/top.sv" into library xil_defaultlib
INFO: [VRFC 10-311] analyzing module dual_port_bram
INFO: [VRFC 10-311] analyzing module spk_in_bram
INFO: [VRFC 10-311] analyzing module tile_idx_bram
INFO: [VRFC 10-311] analyzing module weight_bram
INFO: [VRFC 10-311] analyzing module input_bram
INFO: [VRFC 10-311] analyzing module lif_bram
INFO: [VRFC 10-311] analyzing module bram_streamer
INFO: [VRFC 10-311] analyzing module buff_idx_controller
INFO: [VRFC 10-311] analyzing module weight_fifo
INFO: [VRFC 10-311] analyzing module spk_in_fifo
INFO: [VRFC 10-311] analyzing module tile_idx_fifo
INFO: [VRFC 10-311] analyzing module mem_fifo
INFO: [VRFC 10-311] analyzing module lif_scheduler
INFO: [VRFC 10-311] analyzing module xbar_scheduler
INFO: [VRFC 10-311] analyzing module synapse
INFO: [VRFC 10-311] analyzing module synapse_array
INFO: [VRFC 10-311] analyzing module lif
INFO: [VRFC 10-311] analyzing module lif_array
INFO: [VRFC 10-311] analyzing module top
INFO: [VRFC 10-2263] Analyzing Verilog file "C:/Users/andre/Desktop/snn-fpga/vivado/snn_fpga/snn_fpga.sim/sim_1/behav/xsim/glbl.v" into library xil_defaultlib
INFO: [VRFC 10-311] analyzing module glbl
INFO: [USF-XSim-69] 'compile' step finished in '3' seconds
INFO: [USF-XSim-3] XSim::Elaborate design
INFO: [USF-XSim-61] Executing 'ELABORATE' step in 'C:/Users/andre/Desktop/snn-fpga/vivado/snn_fpga/snn_fpga.sim/sim_1/behav/xsim'
"xelab --incr --debug typical --relax --mt 2 -L xil_defaultlib -L uvm -L unisims_ver -L unimacro_ver -L secureip --snapshot top_behav xil_defaultlib.top xil_defaultlib.glbl -log elaborate.log"
Vivado Simulator v2024.2.0
Copyright 1986-2022 Xilinx, Inc. All Rights Reserved.
Copyright 2022-2024 Advanced Micro Devices, Inc. All Rights Reserved.
Running: C:/Xilinx/Vivado/2024.2/bin/unwrapped/win64.o/xelab.exe --incr --debug typical --relax --mt 2 -L xil_defaultlib -L uvm -L unisims_ver -L unimacro_ver -L secureip --snapshot top_behav xil_defaultlib.top xil_defaultlib.glbl -log elaborate.log 
Using 2 slave threads.
Starting static elaboration
Pass Through NonSizing Optimizer
WARNING: [VRFC 10-3091] actual bit length 32 differs from formal bit length 1 for port 'clkb' [../../../../../../src/hdl/bram/bram_streamer.sv:169]
WARNING: [VRFC 10-3091] actual bit length 32 differs from formal bit length 16 for port 'addrb' [../../../../../../src/hdl/bram/bram_streamer.sv:170]
WARNING: [VRFC 10-3091] actual bit length 32 differs from formal bit length 4 for port 'web' [../../../../../../src/hdl/bram/bram_streamer.sv:173]
WARNING: [VRFC 10-3091] actual bit length 32 differs from formal bit length 1 for port 'enb' [../../../../../../src/hdl/bram/bram_streamer.sv:174]
WARNING: [VRFC 10-3091] actual bit length 32 differs from formal bit length 1 for port 'clkb' [../../../../../../src/hdl/bram/bram_streamer.sv:210]
WARNING: [VRFC 10-3091] actual bit length 32 differs from formal bit length 16 for port 'addrb' [../../../../../../src/hdl/bram/bram_streamer.sv:211]
WARNING: [VRFC 10-3091] actual bit length 32 differs from formal bit length 1024 for port 'dinb' [../../../../../../src/hdl/bram/bram_streamer.sv:212]
WARNING: [VRFC 10-3091] actual bit length 32 differs from formal bit length 128 for port 'web' [../../../../../../src/hdl/bram/bram_streamer.sv:214]
WARNING: [VRFC 10-3091] actual bit length 32 differs from formal bit length 1 for port 'enb' [../../../../../../src/hdl/bram/bram_streamer.sv:215]
WARNING: [VRFC 10-3091] actual bit length 32 differs from formal bit length 1 for port 'clkb' [../../../../../../src/hdl/bram/bram_streamer.sv:230]
WARNING: [VRFC 10-3091] actual bit length 32 differs from formal bit length 16 for port 'addrb' [../../../../../../src/hdl/bram/bram_streamer.sv:231]
WARNING: [VRFC 10-3091] actual bit length 32 differs from formal bit length 128 for port 'dinb' [../../../../../../src/hdl/bram/bram_streamer.sv:232]
WARNING: [VRFC 10-3091] actual bit length 32 differs from formal bit length 16 for port 'web' [../../../../../../src/hdl/bram/bram_streamer.sv:234]
WARNING: [VRFC 10-3091] actual bit length 32 differs from formal bit length 1 for port 'enb' [../../../../../../src/hdl/bram/bram_streamer.sv:235]
WARNING: [VRFC 10-3091] actual bit length 32 differs from formal bit length 1 for port 'clkb' [../../../../../../src/hdl/bram/bram_streamer.sv:250]
WARNING: [VRFC 10-3091] actual bit length 32 differs from formal bit length 16 for port 'addrb' [../../../../../../src/hdl/bram/bram_streamer.sv:251]
WARNING: [VRFC 10-3091] actual bit length 32 differs from formal bit length 128 for port 'dinb' [../../../../../../src/hdl/bram/bram_streamer.sv:252]
WARNING: [VRFC 10-3091] actual bit length 32 differs from formal bit length 16 for port 'web' [../../../../../../src/hdl/bram/bram_streamer.sv:254]
WARNING: [VRFC 10-3091] actual bit length 32 differs from formal bit length 1 for port 'enb' [../../../../../../src/hdl/bram/bram_streamer.sv:255]
WARNING: [VRFC 10-5021] port 'tile_use_input' is not connected on this instance [../../../../../../src/hdl/bram/bram_streamer.sv:314]
Completed static elaboration
Starting simulation data flow analysis
Completed simulation data flow analysis
Time Resolution for simulation is 1ps
Compiling module xil_defaultlib.buff_idx_controller
Compiling module xil_defaultlib.dual_port_bram(BRAM_DATA_WIDTH=3...
Compiling module xil_defaultlib.dual_port_bram(BRAM_DATA_WIDTH=1...
Compiling module xil_defaultlib.dual_port_bram(BRAM_DATA_WIDTH=1...
Compiling module xil_defaultlib.dual_port_bram(BRAM_DATA_WIDTH=1...
Compiling module xil_defaultlib.dual_port_bram(BRAM_DATA_WIDTH=1...
Compiling module xil_defaultlib.tile_idx_bram(BRAM_ADDR_WIDTH=16...
Compiling module xil_defaultlib.weight_bram(BRAM_ADDR_WIDTH=16,B...
Compiling module xil_defaultlib.spk_in_bram(BRAM_ADDR_WIDTH=16,B...
Compiling module xil_defaultlib.input_bram(BRAM_ADDR_WIDTH=16,BR...
Compiling module xil_defaultlib.lif_bram(BRAM_ADDR_WIDTH=16,NETW...
Compiling module xil_defaultlib.bram_streamer(BRAM_ADDR_WIDTH=16...
Compiling module xil_defaultlib.weight_fifo(CROSSBAR_NEURONS=16,...
Compiling module xil_defaultlib.spk_in_fifo(CROSSBAR_NEURONS=16,...
Compiling module xil_defaultlib.tile_idx_fifo(CROSSBAR_NEURONS=1...
Compiling module xil_defaultlib.mem_fifo(CROSSBAR_NEURONS=16,BRA...
Compiling module xil_defaultlib.lif_scheduler
Compiling module xil_defaultlib.xbar_scheduler
Compiling module xil_defaultlib.synapse(NETWORK_WIDTH=8)
Compiling module xil_defaultlib.synapse_array(CROSSBAR_NEURONS=1...
Compiling module xil_defaultlib.lif(THRESH=32,NETWORK_WIDTH=8)
Compiling module xil_defaultlib.lif_array(CROSSBAR_NEURONS=16,TH...
Compiling module xil_defaultlib.top
Compiling module xil_defaultlib.glbl
Built simulation snapshot top_behav
run_program: Time (s): cpu = 00:00:01 ; elapsed = 00:00:09 . Memory (MB): peak = 1180.043 ; gain = 0.000
INFO: [USF-XSim-69] 'elaborate' step finished in '9' seconds
INFO: [USF-XSim-4] XSim::Simulate design
INFO: [USF-XSim-61] Executing 'SIMULATE' step in 'C:/Users/andre/Desktop/snn-fpga/vivado/snn_fpga/snn_fpga.sim/sim_1/behav/xsim'
INFO: [USF-XSim-98] *** Running xsim
   with args "top_behav -key {Behavioral:sim_1:Functional:top} -tclbatch {top.tcl} -log {simulate.log}"
INFO: [USF-XSim-8] Loading simulator feature
Time resolution is 1 ps
source top.tcl
INFO: [USF-XSim-96] XSim completed. Design snapshot 'top_behav' loaded.
INFO: [USF-XSim-97] XSim simulation ran for 1000ns
launch_simulation: Time (s): cpu = 00:00:08 ; elapsed = 00:00:17 . Memory (MB): peak = 1198.633 ; gain = 18.590
restart
INFO: [Wavedata 42-604] Simulation restarted
add_force {/top/clk} -radix hex {0 0ns} {1 5000ps} -repeat_every 10000ps
add_force {/top/sw} -radix hex {0 0ns}
run 100 us
add_force {/top/sw} -radix hex {1 0ns}
run 100 us
close_sim
INFO: [Simtcl 6-16] Simulation closed
launch_simulation
Command: launch_simulation 
INFO: [Vivado 12-12493] Simulation top is 'top'
WARNING: [Vivado 12-13340] Unable to auto find GCC executables from simulator install path! (path not set)
INFO: [Vivado 12-5682] Launching behavioral simulation in 'C:/Users/andre/Desktop/snn-fpga/vivado/snn_fpga/snn_fpga.sim/sim_1/behav/xsim'
INFO: [SIM-utils-51] Simulation object is 'sim_1'
INFO: [SIM-utils-72] Using boost library from 'C:/Xilinx/Vivado/2024.2/tps/boost_1_72_0'
INFO: [SIM-utils-54] Inspecting design source files for 'top' in fileset 'sim_1'...
INFO: [SIM-utils-43] Exported 'C:/Users/andre/Desktop/snn-fpga/vivado/snn_fpga/snn_fpga.sim/sim_1/behav/xsim/input_bram.mem'
INFO: [SIM-utils-43] Exported 'C:/Users/andre/Desktop/snn-fpga/vivado/snn_fpga/snn_fpga.sim/sim_1/behav/xsim/mem_bram.mem'
INFO: [SIM-utils-43] Exported 'C:/Users/andre/Desktop/snn-fpga/vivado/snn_fpga/snn_fpga.sim/sim_1/behav/xsim/spk_in_bram.mem'
INFO: [SIM-utils-43] Exported 'C:/Users/andre/Desktop/snn-fpga/vivado/snn_fpga/snn_fpga.sim/sim_1/behav/xsim/weight_bram.mem'
INFO: [SIM-utils-43] Exported 'C:/Users/andre/Desktop/snn-fpga/vivado/snn_fpga/snn_fpga.sim/sim_1/behav/xsim/tile_idx_bram.mem'
INFO: [USF-XSim-97] Finding global include files...
INFO: [USF-XSim-98] Fetching design files from 'sim_1'...
INFO: [USF-XSim-2] XSim::Compile design
INFO: [USF-XSim-61] Executing 'COMPILE and ANALYZE' step in 'C:/Users/andre/Desktop/snn-fpga/vivado/snn_fpga/snn_fpga.sim/sim_1/behav/xsim'
"xvlog --incr --relax -L uvm -prj top_vlog.prj"
INFO: [VRFC 10-2263] Analyzing SystemVerilog file "C:/Users/andre/Desktop/snn-fpga/src/hdl/top.sv" into library xil_defaultlib
INFO: [VRFC 10-311] analyzing module dual_port_bram
INFO: [VRFC 10-311] analyzing module spk_in_bram
INFO: [VRFC 10-311] analyzing module tile_idx_bram
INFO: [VRFC 10-311] analyzing module weight_bram
INFO: [VRFC 10-311] analyzing module input_bram
INFO: [VRFC 10-311] analyzing module lif_bram
INFO: [VRFC 10-311] analyzing module bram_streamer
INFO: [VRFC 10-311] analyzing module buff_idx_controller
INFO: [VRFC 10-311] analyzing module weight_fifo
INFO: [VRFC 10-311] analyzing module spk_in_fifo
INFO: [VRFC 10-311] analyzing module tile_idx_fifo
INFO: [VRFC 10-311] analyzing module mem_fifo
INFO: [VRFC 10-311] analyzing module lif_scheduler
INFO: [VRFC 10-311] analyzing module xbar_scheduler
INFO: [VRFC 10-311] analyzing module synapse
INFO: [VRFC 10-311] analyzing module synapse_array
INFO: [VRFC 10-311] analyzing module lif
INFO: [VRFC 10-311] analyzing module lif_array
INFO: [VRFC 10-311] analyzing module top
INFO: [USF-XSim-69] 'compile' step finished in '2' seconds
INFO: [USF-XSim-3] XSim::Elaborate design
INFO: [USF-XSim-61] Executing 'ELABORATE' step in 'C:/Users/andre/Desktop/snn-fpga/vivado/snn_fpga/snn_fpga.sim/sim_1/behav/xsim'
"xelab --incr --debug typical --relax --mt 2 -L xil_defaultlib -L uvm -L unisims_ver -L unimacro_ver -L secureip --snapshot top_behav xil_defaultlib.top xil_defaultlib.glbl -log elaborate.log"
Vivado Simulator v2024.2.0
Copyright 1986-2022 Xilinx, Inc. All Rights Reserved.
Copyright 2022-2024 Advanced Micro Devices, Inc. All Rights Reserved.
Running: C:/Xilinx/Vivado/2024.2/bin/unwrapped/win64.o/xelab.exe --incr --debug typical --relax --mt 2 -L xil_defaultlib -L uvm -L unisims_ver -L unimacro_ver -L secureip --snapshot top_behav xil_defaultlib.top xil_defaultlib.glbl -log elaborate.log 
Using 2 slave threads.
Starting static elaboration
Pass Through NonSizing Optimizer
WARNING: [VRFC 10-3091] actual bit length 32 differs from formal bit length 1 for port 'clkb' [../../../../../../src/hdl/bram/bram_streamer.sv:169]
WARNING: [VRFC 10-3091] actual bit length 32 differs from formal bit length 16 for port 'addrb' [../../../../../../src/hdl/bram/bram_streamer.sv:170]
WARNING: [VRFC 10-3091] actual bit length 32 differs from formal bit length 4 for port 'web' [../../../../../../src/hdl/bram/bram_streamer.sv:173]
WARNING: [VRFC 10-3091] actual bit length 32 differs from formal bit length 1 for port 'enb' [../../../../../../src/hdl/bram/bram_streamer.sv:174]
WARNING: [VRFC 10-3091] actual bit length 32 differs from formal bit length 1 for port 'clkb' [../../../../../../src/hdl/bram/bram_streamer.sv:210]
WARNING: [VRFC 10-3091] actual bit length 32 differs from formal bit length 16 for port 'addrb' [../../../../../../src/hdl/bram/bram_streamer.sv:211]
WARNING: [VRFC 10-3091] actual bit length 32 differs from formal bit length 1024 for port 'dinb' [../../../../../../src/hdl/bram/bram_streamer.sv:212]
WARNING: [VRFC 10-3091] actual bit length 32 differs from formal bit length 128 for port 'web' [../../../../../../src/hdl/bram/bram_streamer.sv:214]
WARNING: [VRFC 10-3091] actual bit length 32 differs from formal bit length 1 for port 'enb' [../../../../../../src/hdl/bram/bram_streamer.sv:215]
WARNING: [VRFC 10-3091] actual bit length 32 differs from formal bit length 1 for port 'clkb' [../../../../../../src/hdl/bram/bram_streamer.sv:230]
WARNING: [VRFC 10-3091] actual bit length 32 differs from formal bit length 16 for port 'addrb' [../../../../../../src/hdl/bram/bram_streamer.sv:231]
WARNING: [VRFC 10-3091] actual bit length 32 differs from formal bit length 128 for port 'dinb' [../../../../../../src/hdl/bram/bram_streamer.sv:232]
WARNING: [VRFC 10-3091] actual bit length 32 differs from formal bit length 16 for port 'web' [../../../../../../src/hdl/bram/bram_streamer.sv:234]
WARNING: [VRFC 10-3091] actual bit length 32 differs from formal bit length 1 for port 'enb' [../../../../../../src/hdl/bram/bram_streamer.sv:235]
WARNING: [VRFC 10-3091] actual bit length 32 differs from formal bit length 1 for port 'clkb' [../../../../../../src/hdl/bram/bram_streamer.sv:250]
WARNING: [VRFC 10-3091] actual bit length 32 differs from formal bit length 16 for port 'addrb' [../../../../../../src/hdl/bram/bram_streamer.sv:251]
WARNING: [VRFC 10-3091] actual bit length 32 differs from formal bit length 128 for port 'dinb' [../../../../../../src/hdl/bram/bram_streamer.sv:252]
WARNING: [VRFC 10-3091] actual bit length 32 differs from formal bit length 16 for port 'web' [../../../../../../src/hdl/bram/bram_streamer.sv:254]
WARNING: [VRFC 10-3091] actual bit length 32 differs from formal bit length 1 for port 'enb' [../../../../../../src/hdl/bram/bram_streamer.sv:255]
WARNING: [VRFC 10-5021] port 'tile_use_input' is not connected on this instance [../../../../../../src/hdl/bram/bram_streamer.sv:314]
Completed static elaboration
Starting simulation data flow analysis
Completed simulation data flow analysis
Time Resolution for simulation is 1ps
Compiling module xil_defaultlib.buff_idx_controller
Compiling module xil_defaultlib.dual_port_bram(BRAM_DATA_WIDTH=3...
Compiling module xil_defaultlib.dual_port_bram(BRAM_DATA_WIDTH=1...
Compiling module xil_defaultlib.dual_port_bram(BRAM_DATA_WIDTH=1...
Compiling module xil_defaultlib.dual_port_bram(BRAM_DATA_WIDTH=1...
Compiling module xil_defaultlib.dual_port_bram(BRAM_DATA_WIDTH=1...
Compiling module xil_defaultlib.tile_idx_bram(BRAM_ADDR_WIDTH=16...
Compiling module xil_defaultlib.weight_bram(BRAM_ADDR_WIDTH=16,B...
Compiling module xil_defaultlib.spk_in_bram(BRAM_ADDR_WIDTH=16,B...
Compiling module xil_defaultlib.input_bram(BRAM_ADDR_WIDTH=16,BR...
Compiling module xil_defaultlib.lif_bram(BRAM_ADDR_WIDTH=16,NETW...
Compiling module xil_defaultlib.bram_streamer(BRAM_ADDR_WIDTH=16...
Compiling module xil_defaultlib.weight_fifo(CROSSBAR_NEURONS=16,...
Compiling module xil_defaultlib.spk_in_fifo(CROSSBAR_NEURONS=16,...
Compiling module xil_defaultlib.tile_idx_fifo(CROSSBAR_NEURONS=1...
Compiling module xil_defaultlib.mem_fifo(CROSSBAR_NEURONS=16,BRA...
Compiling module xil_defaultlib.lif_scheduler
Compiling module xil_defaultlib.xbar_scheduler
Compiling module xil_defaultlib.synapse(NETWORK_WIDTH=8)
Compiling module xil_defaultlib.synapse_array(CROSSBAR_NEURONS=1...
Compiling module xil_defaultlib.lif(THRESH=32,NETWORK_WIDTH=8)
Compiling module xil_defaultlib.lif_array(CROSSBAR_NEURONS=16,TH...
Compiling module xil_defaultlib.top
Compiling module xil_defaultlib.glbl
Built simulation snapshot top_behav
run_program: Time (s): cpu = 00:00:00 ; elapsed = 00:00:08 . Memory (MB): peak = 2035.621 ; gain = 0.000
INFO: [USF-XSim-69] 'elaborate' step finished in '8' seconds
INFO: [USF-XSim-4] XSim::Simulate design
INFO: [USF-XSim-61] Executing 'SIMULATE' step in 'C:/Users/andre/Desktop/snn-fpga/vivado/snn_fpga/snn_fpga.sim/sim_1/behav/xsim'
INFO: [USF-XSim-98] *** Running xsim
   with args "top_behav -key {Behavioral:sim_1:Functional:top} -tclbatch {top.tcl} -log {simulate.log}"
INFO: [USF-XSim-8] Loading simulator feature
Time resolution is 1 ps
source top.tcl
WARNING: Too many words specified in data file tile_idx_bram.mem
WARNING: Too many words specified in data file weight_bram.mem
INFO: [USF-XSim-96] XSim completed. Design snapshot 'top_behav' loaded.
INFO: [USF-XSim-97] XSim simulation ran for 1000ns
launch_simulation: Time (s): cpu = 00:00:04 ; elapsed = 00:00:14 . Memory (MB): peak = 2035.621 ; gain = 0.000
restart
INFO: [Wavedata 42-604] Simulation restarted
add_force {/top/clk} -radix hex {0 0ns} {1 5000ps} -repeat_every 10000ps
add_force {/top/sw} -radix hex {0 0ns}
run 100 us
WARNING: Too many words specified in data file tile_idx_bram.mem
WARNING: Too many words specified in data file weight_bram.mem
add_force {/top/sw} -radix hex {1 0ns}
run 100 us
run 100 us
run 100 us
add_force {/top/sw} -radix hex {0 0ns}
run 100 us
add_force {/top/sw} -radix hex {1 0ns}
run 100 us
run 100 us
run 100 us
save_wave_config {C:/Users/andre/Desktop/snn-fpga/vivado/snn_fpga/top_behav.wcfg}
add_files -fileset sim_1 -norecurse C:/Users/andre/Desktop/snn-fpga/vivado/snn_fpga/top_behav.wcfg
set_property xsim.view C:/Users/andre/Desktop/snn-fpga/vivado/snn_fpga/top_behav.wcfg [get_filesets sim_1]
close_sim
INFO: [Simtcl 6-16] Simulation closed
launch_simulation
Command: launch_simulation 
INFO: [Vivado 12-12493] Simulation top is 'top'
WARNING: [Vivado 12-13340] Unable to auto find GCC executables from simulator install path! (path not set)
INFO: [Vivado 12-5682] Launching behavioral simulation in 'C:/Users/andre/Desktop/snn-fpga/vivado/snn_fpga/snn_fpga.sim/sim_1/behav/xsim'
INFO: [SIM-utils-51] Simulation object is 'sim_1'
INFO: [SIM-utils-72] Using boost library from 'C:/Xilinx/Vivado/2024.2/tps/boost_1_72_0'
INFO: [SIM-utils-54] Inspecting design source files for 'top' in fileset 'sim_1'...
INFO: [SIM-utils-43] Exported 'C:/Users/andre/Desktop/snn-fpga/vivado/snn_fpga/snn_fpga.sim/sim_1/behav/xsim/input_bram.mem'
INFO: [SIM-utils-43] Exported 'C:/Users/andre/Desktop/snn-fpga/vivado/snn_fpga/snn_fpga.sim/sim_1/behav/xsim/mem_bram.mem'
INFO: [SIM-utils-43] Exported 'C:/Users/andre/Desktop/snn-fpga/vivado/snn_fpga/snn_fpga.sim/sim_1/behav/xsim/spk_in_bram.mem'
INFO: [SIM-utils-43] Exported 'C:/Users/andre/Desktop/snn-fpga/vivado/snn_fpga/snn_fpga.sim/sim_1/behav/xsim/weight_bram.mem'
INFO: [SIM-utils-43] Exported 'C:/Users/andre/Desktop/snn-fpga/vivado/snn_fpga/snn_fpga.sim/sim_1/behav/xsim/tile_idx_bram.mem'
INFO: [USF-XSim-97] Finding global include files...
INFO: [USF-XSim-98] Fetching design files from 'sim_1'...
INFO: [USF-XSim-2] XSim::Compile design
INFO: [USF-XSim-61] Executing 'COMPILE and ANALYZE' step in 'C:/Users/andre/Desktop/snn-fpga/vivado/snn_fpga/snn_fpga.sim/sim_1/behav/xsim'
"xvlog --incr --relax -L uvm -prj top_vlog.prj"
INFO: [VRFC 10-2263] Analyzing SystemVerilog file "C:/Users/andre/Desktop/snn-fpga/src/hdl/top.sv" into library xil_defaultlib
INFO: [VRFC 10-311] analyzing module dual_port_bram
INFO: [VRFC 10-311] analyzing module spk_in_bram
INFO: [VRFC 10-311] analyzing module tile_idx_bram
INFO: [VRFC 10-311] analyzing module weight_bram
INFO: [VRFC 10-311] analyzing module input_bram
INFO: [VRFC 10-311] analyzing module lif_bram
INFO: [VRFC 10-311] analyzing module bram_streamer
INFO: [VRFC 10-311] analyzing module buff_idx_controller
INFO: [VRFC 10-311] analyzing module weight_fifo
INFO: [VRFC 10-311] analyzing module spk_in_fifo
INFO: [VRFC 10-311] analyzing module tile_idx_fifo
INFO: [VRFC 10-311] analyzing module mem_fifo
INFO: [VRFC 10-311] analyzing module lif_scheduler
INFO: [VRFC 10-311] analyzing module xbar_scheduler
INFO: [VRFC 10-311] analyzing module synapse
INFO: [VRFC 10-311] analyzing module synapse_array
INFO: [VRFC 10-311] analyzing module lif
INFO: [VRFC 10-311] analyzing module lif_array
INFO: [VRFC 10-311] analyzing module top
INFO: [USF-XSim-69] 'compile' step finished in '2' seconds
INFO: [USF-XSim-3] XSim::Elaborate design
INFO: [USF-XSim-61] Executing 'ELABORATE' step in 'C:/Users/andre/Desktop/snn-fpga/vivado/snn_fpga/snn_fpga.sim/sim_1/behav/xsim'
"xelab --incr --debug typical --relax --mt 2 -L xil_defaultlib -L uvm -L unisims_ver -L unimacro_ver -L secureip --snapshot top_behav xil_defaultlib.top xil_defaultlib.glbl -log elaborate.log"
Vivado Simulator v2024.2.0
Copyright 1986-2022 Xilinx, Inc. All Rights Reserved.
Copyright 2022-2024 Advanced Micro Devices, Inc. All Rights Reserved.
Running: C:/Xilinx/Vivado/2024.2/bin/unwrapped/win64.o/xelab.exe --incr --debug typical --relax --mt 2 -L xil_defaultlib -L uvm -L unisims_ver -L unimacro_ver -L secureip --snapshot top_behav xil_defaultlib.top xil_defaultlib.glbl -log elaborate.log 
Using 2 slave threads.
Starting static elaboration
Pass Through NonSizing Optimizer
WARNING: [VRFC 10-3091] actual bit length 32 differs from formal bit length 1 for port 'clkb' [../../../../../../src/hdl/bram/bram_streamer.sv:169]
WARNING: [VRFC 10-3091] actual bit length 32 differs from formal bit length 16 for port 'addrb' [../../../../../../src/hdl/bram/bram_streamer.sv:170]
WARNING: [VRFC 10-3091] actual bit length 32 differs from formal bit length 4 for port 'web' [../../../../../../src/hdl/bram/bram_streamer.sv:173]
WARNING: [VRFC 10-3091] actual bit length 32 differs from formal bit length 1 for port 'enb' [../../../../../../src/hdl/bram/bram_streamer.sv:174]
WARNING: [VRFC 10-3091] actual bit length 32 differs from formal bit length 1 for port 'clkb' [../../../../../../src/hdl/bram/bram_streamer.sv:210]
WARNING: [VRFC 10-3091] actual bit length 32 differs from formal bit length 16 for port 'addrb' [../../../../../../src/hdl/bram/bram_streamer.sv:211]
WARNING: [VRFC 10-3091] actual bit length 32 differs from formal bit length 1024 for port 'dinb' [../../../../../../src/hdl/bram/bram_streamer.sv:212]
WARNING: [VRFC 10-3091] actual bit length 32 differs from formal bit length 128 for port 'web' [../../../../../../src/hdl/bram/bram_streamer.sv:214]
WARNING: [VRFC 10-3091] actual bit length 32 differs from formal bit length 1 for port 'enb' [../../../../../../src/hdl/bram/bram_streamer.sv:215]
WARNING: [VRFC 10-3091] actual bit length 32 differs from formal bit length 1 for port 'clkb' [../../../../../../src/hdl/bram/bram_streamer.sv:230]
WARNING: [VRFC 10-3091] actual bit length 32 differs from formal bit length 16 for port 'addrb' [../../../../../../src/hdl/bram/bram_streamer.sv:231]
WARNING: [VRFC 10-3091] actual bit length 32 differs from formal bit length 128 for port 'dinb' [../../../../../../src/hdl/bram/bram_streamer.sv:232]
WARNING: [VRFC 10-3091] actual bit length 32 differs from formal bit length 16 for port 'web' [../../../../../../src/hdl/bram/bram_streamer.sv:234]
WARNING: [VRFC 10-3091] actual bit length 32 differs from formal bit length 1 for port 'enb' [../../../../../../src/hdl/bram/bram_streamer.sv:235]
WARNING: [VRFC 10-3091] actual bit length 32 differs from formal bit length 1 for port 'clkb' [../../../../../../src/hdl/bram/bram_streamer.sv:250]
WARNING: [VRFC 10-3091] actual bit length 32 differs from formal bit length 16 for port 'addrb' [../../../../../../src/hdl/bram/bram_streamer.sv:251]
WARNING: [VRFC 10-3091] actual bit length 32 differs from formal bit length 128 for port 'dinb' [../../../../../../src/hdl/bram/bram_streamer.sv:252]
WARNING: [VRFC 10-3091] actual bit length 32 differs from formal bit length 16 for port 'web' [../../../../../../src/hdl/bram/bram_streamer.sv:254]
WARNING: [VRFC 10-3091] actual bit length 32 differs from formal bit length 1 for port 'enb' [../../../../../../src/hdl/bram/bram_streamer.sv:255]
WARNING: [VRFC 10-5021] port 'tile_use_input' is not connected on this instance [../../../../../../src/hdl/bram/bram_streamer.sv:314]
Completed static elaboration
Starting simulation data flow analysis
Completed simulation data flow analysis
Time Resolution for simulation is 1ps
Compiling module xil_defaultlib.buff_idx_controller
Compiling module xil_defaultlib.dual_port_bram(BRAM_DATA_WIDTH=3...
Compiling module xil_defaultlib.dual_port_bram(BRAM_DATA_WIDTH=1...
Compiling module xil_defaultlib.dual_port_bram(BRAM_DATA_WIDTH=1...
Compiling module xil_defaultlib.dual_port_bram(BRAM_DATA_WIDTH=1...
Compiling module xil_defaultlib.dual_port_bram(BRAM_DATA_WIDTH=1...
Compiling module xil_defaultlib.tile_idx_bram(BRAM_ADDR_WIDTH=16...
Compiling module xil_defaultlib.weight_bram(BRAM_ADDR_WIDTH=16,B...
Compiling module xil_defaultlib.spk_in_bram(BRAM_ADDR_WIDTH=16,B...
Compiling module xil_defaultlib.input_bram(BRAM_ADDR_WIDTH=16,BR...
Compiling module xil_defaultlib.lif_bram(BRAM_ADDR_WIDTH=16,NETW...
Compiling module xil_defaultlib.bram_streamer(BRAM_ADDR_WIDTH=16...
Compiling module xil_defaultlib.weight_fifo(CROSSBAR_NEURONS=16,...
Compiling module xil_defaultlib.spk_in_fifo(CROSSBAR_NEURONS=16,...
Compiling module xil_defaultlib.tile_idx_fifo(CROSSBAR_NEURONS=1...
Compiling module xil_defaultlib.mem_fifo(CROSSBAR_NEURONS=16,BRA...
Compiling module xil_defaultlib.lif_scheduler
Compiling module xil_defaultlib.xbar_scheduler
Compiling module xil_defaultlib.synapse(NETWORK_WIDTH=8)
Compiling module xil_defaultlib.synapse_array(CROSSBAR_NEURONS=1...
Compiling module xil_defaultlib.lif(THRESH=32,NETWORK_WIDTH=8)
Compiling module xil_defaultlib.lif_array(CROSSBAR_NEURONS=16,TH...
Compiling module xil_defaultlib.top
Compiling module xil_defaultlib.glbl
Built simulation snapshot top_behav
run_program: Time (s): cpu = 00:00:01 ; elapsed = 00:00:08 . Memory (MB): peak = 2035.621 ; gain = 0.000
INFO: [USF-XSim-69] 'elaborate' step finished in '8' seconds
INFO: [USF-XSim-4] XSim::Simulate design
INFO: [USF-XSim-61] Executing 'SIMULATE' step in 'C:/Users/andre/Desktop/snn-fpga/vivado/snn_fpga/snn_fpga.sim/sim_1/behav/xsim'
INFO: [USF-XSim-98] *** Running xsim
   with args "top_behav -key {Behavioral:sim_1:Functional:top} -tclbatch {top.tcl} -view {C:/Users/andre/Desktop/snn-fpga/vivado/snn_fpga/top_behav.wcfg} -log {simulate.log}"
INFO: [USF-XSim-8] Loading simulator feature
Time resolution is 1 ps
open_wave_config C:/Users/andre/Desktop/snn-fpga/vivado/snn_fpga/top_behav.wcfg
source top.tcl
WARNING: File bram/mem/tile_idx_bram.mem referenced on C:/Users/andre/Desktop/snn-fpga/src/hdl/bram/tile_idx_bram.sv at line 64 cannot be opened for reading. Please ensure that this file is available in the current working directory or parent directory of xsim.dir location specified via -xsimdir switch.
WARNING: File bram/mem/spk_in_bram.mem referenced on C:/Users/andre/Desktop/snn-fpga/src/hdl/bram/tile_idx_bram.sv at line 64 cannot be opened for reading. Please ensure that this file is available in the current working directory or parent directory of xsim.dir location specified via -xsimdir switch.
WARNING: File bram/mem/weight_bram.mem referenced on C:/Users/andre/Desktop/snn-fpga/src/hdl/bram/tile_idx_bram.sv at line 64 cannot be opened for reading. Please ensure that this file is available in the current working directory or parent directory of xsim.dir location specified via -xsimdir switch.
WARNING: File bram/mem/input_bram.mem referenced on C:/Users/andre/Desktop/snn-fpga/src/hdl/bram/tile_idx_bram.sv at line 64 cannot be opened for reading. Please ensure that this file is available in the current working directory or parent directory of xsim.dir location specified via -xsimdir switch.
INFO: [USF-XSim-96] XSim completed. Design snapshot 'top_behav' loaded.
INFO: [USF-XSim-97] XSim simulation ran for 1000ns
launch_simulation: Time (s): cpu = 00:00:06 ; elapsed = 00:00:12 . Memory (MB): peak = 2035.621 ; gain = 0.000
restart
INFO: [Wavedata 42-604] Simulation restarted
add_force {/top/clk} -radix hex {0 0ns} {1 5000ps} -repeat_every 10000ps
add_force {/top/sw} -radix hex {0 0ns}
run 100 us
WARNING: File bram/mem/tile_idx_bram.mem referenced on C:/Users/andre/Desktop/snn-fpga/src/hdl/bram/tile_idx_bram.sv at line 64 cannot be opened for reading. Please ensure that this file is available in the current working directory or parent directory of xsim.dir location specified via -xsimdir switch.
WARNING: File bram/mem/spk_in_bram.mem referenced on C:/Users/andre/Desktop/snn-fpga/src/hdl/bram/tile_idx_bram.sv at line 64 cannot be opened for reading. Please ensure that this file is available in the current working directory or parent directory of xsim.dir location specified via -xsimdir switch.
WARNING: File bram/mem/weight_bram.mem referenced on C:/Users/andre/Desktop/snn-fpga/src/hdl/bram/tile_idx_bram.sv at line 64 cannot be opened for reading. Please ensure that this file is available in the current working directory or parent directory of xsim.dir location specified via -xsimdir switch.
WARNING: File bram/mem/input_bram.mem referenced on C:/Users/andre/Desktop/snn-fpga/src/hdl/bram/tile_idx_bram.sv at line 64 cannot be opened for reading. Please ensure that this file is available in the current working directory or parent directory of xsim.dir location specified via -xsimdir switch.
close_sim
INFO: [Simtcl 6-16] Simulation closed
launch_simulation
Command: launch_simulation 
INFO: [Vivado 12-12493] Simulation top is 'top'
WARNING: [Vivado 12-13340] Unable to auto find GCC executables from simulator install path! (path not set)
INFO: [Vivado 12-5682] Launching behavioral simulation in 'C:/Users/andre/Desktop/snn-fpga/vivado/snn_fpga/snn_fpga.sim/sim_1/behav/xsim'
INFO: [SIM-utils-51] Simulation object is 'sim_1'
INFO: [SIM-utils-72] Using boost library from 'C:/Xilinx/Vivado/2024.2/tps/boost_1_72_0'
INFO: [SIM-utils-54] Inspecting design source files for 'top' in fileset 'sim_1'...
INFO: [SIM-utils-43] Exported 'C:/Users/andre/Desktop/snn-fpga/vivado/snn_fpga/snn_fpga.sim/sim_1/behav/xsim/input_bram.mem'
INFO: [SIM-utils-43] Exported 'C:/Users/andre/Desktop/snn-fpga/vivado/snn_fpga/snn_fpga.sim/sim_1/behav/xsim/mem_bram.mem'
INFO: [SIM-utils-43] Exported 'C:/Users/andre/Desktop/snn-fpga/vivado/snn_fpga/snn_fpga.sim/sim_1/behav/xsim/spk_in_bram.mem'
INFO: [SIM-utils-43] Exported 'C:/Users/andre/Desktop/snn-fpga/vivado/snn_fpga/snn_fpga.sim/sim_1/behav/xsim/weight_bram.mem'
INFO: [SIM-utils-43] Exported 'C:/Users/andre/Desktop/snn-fpga/vivado/snn_fpga/snn_fpga.sim/sim_1/behav/xsim/tile_idx_bram.mem'
INFO: [USF-XSim-97] Finding global include files...
INFO: [USF-XSim-98] Fetching design files from 'sim_1'...
INFO: [USF-XSim-2] XSim::Compile design
INFO: [USF-XSim-61] Executing 'COMPILE and ANALYZE' step in 'C:/Users/andre/Desktop/snn-fpga/vivado/snn_fpga/snn_fpga.sim/sim_1/behav/xsim'
"xvlog --incr --relax -L uvm -prj top_vlog.prj"
INFO: [VRFC 10-2263] Analyzing SystemVerilog file "C:/Users/andre/Desktop/snn-fpga/src/hdl/top.sv" into library xil_defaultlib
INFO: [VRFC 10-311] analyzing module dual_port_bram
INFO: [VRFC 10-311] analyzing module spk_in_bram
INFO: [VRFC 10-311] analyzing module tile_idx_bram
INFO: [VRFC 10-311] analyzing module weight_bram
INFO: [VRFC 10-311] analyzing module input_bram
INFO: [VRFC 10-311] analyzing module lif_bram
INFO: [VRFC 10-311] analyzing module bram_streamer
INFO: [VRFC 10-311] analyzing module buff_idx_controller
INFO: [VRFC 10-311] analyzing module weight_fifo
INFO: [VRFC 10-311] analyzing module spk_in_fifo
INFO: [VRFC 10-311] analyzing module tile_idx_fifo
INFO: [VRFC 10-311] analyzing module mem_fifo
INFO: [VRFC 10-311] analyzing module lif_scheduler
INFO: [VRFC 10-311] analyzing module xbar_scheduler
INFO: [VRFC 10-311] analyzing module synapse
INFO: [VRFC 10-311] analyzing module synapse_array
INFO: [VRFC 10-311] analyzing module lif
INFO: [VRFC 10-311] analyzing module lif_array
INFO: [VRFC 10-311] analyzing module top
INFO: [USF-XSim-69] 'compile' step finished in '2' seconds
INFO: [USF-XSim-3] XSim::Elaborate design
INFO: [USF-XSim-61] Executing 'ELABORATE' step in 'C:/Users/andre/Desktop/snn-fpga/vivado/snn_fpga/snn_fpga.sim/sim_1/behav/xsim'
"xelab --incr --debug typical --relax --mt 2 -L xil_defaultlib -L uvm -L unisims_ver -L unimacro_ver -L secureip --snapshot top_behav xil_defaultlib.top xil_defaultlib.glbl -log elaborate.log"
Vivado Simulator v2024.2.0
Copyright 1986-2022 Xilinx, Inc. All Rights Reserved.
Copyright 2022-2024 Advanced Micro Devices, Inc. All Rights Reserved.
Running: C:/Xilinx/Vivado/2024.2/bin/unwrapped/win64.o/xelab.exe --incr --debug typical --relax --mt 2 -L xil_defaultlib -L uvm -L unisims_ver -L unimacro_ver -L secureip --snapshot top_behav xil_defaultlib.top xil_defaultlib.glbl -log elaborate.log 
Using 2 slave threads.
Starting static elaboration
Pass Through NonSizing Optimizer
WARNING: [VRFC 10-3091] actual bit length 32 differs from formal bit length 1 for port 'clkb' [../../../../../../src/hdl/bram/bram_streamer.sv:169]
WARNING: [VRFC 10-3091] actual bit length 32 differs from formal bit length 16 for port 'addrb' [../../../../../../src/hdl/bram/bram_streamer.sv:170]
WARNING: [VRFC 10-3091] actual bit length 32 differs from formal bit length 4 for port 'web' [../../../../../../src/hdl/bram/bram_streamer.sv:173]
WARNING: [VRFC 10-3091] actual bit length 32 differs from formal bit length 1 for port 'enb' [../../../../../../src/hdl/bram/bram_streamer.sv:174]
WARNING: [VRFC 10-3091] actual bit length 32 differs from formal bit length 1 for port 'clkb' [../../../../../../src/hdl/bram/bram_streamer.sv:210]
WARNING: [VRFC 10-3091] actual bit length 32 differs from formal bit length 16 for port 'addrb' [../../../../../../src/hdl/bram/bram_streamer.sv:211]
WARNING: [VRFC 10-3091] actual bit length 32 differs from formal bit length 1024 for port 'dinb' [../../../../../../src/hdl/bram/bram_streamer.sv:212]
WARNING: [VRFC 10-3091] actual bit length 32 differs from formal bit length 128 for port 'web' [../../../../../../src/hdl/bram/bram_streamer.sv:214]
WARNING: [VRFC 10-3091] actual bit length 32 differs from formal bit length 1 for port 'enb' [../../../../../../src/hdl/bram/bram_streamer.sv:215]
WARNING: [VRFC 10-3091] actual bit length 32 differs from formal bit length 1 for port 'clkb' [../../../../../../src/hdl/bram/bram_streamer.sv:230]
WARNING: [VRFC 10-3091] actual bit length 32 differs from formal bit length 16 for port 'addrb' [../../../../../../src/hdl/bram/bram_streamer.sv:231]
WARNING: [VRFC 10-3091] actual bit length 32 differs from formal bit length 128 for port 'dinb' [../../../../../../src/hdl/bram/bram_streamer.sv:232]
WARNING: [VRFC 10-3091] actual bit length 32 differs from formal bit length 16 for port 'web' [../../../../../../src/hdl/bram/bram_streamer.sv:234]
WARNING: [VRFC 10-3091] actual bit length 32 differs from formal bit length 1 for port 'enb' [../../../../../../src/hdl/bram/bram_streamer.sv:235]
WARNING: [VRFC 10-3091] actual bit length 32 differs from formal bit length 1 for port 'clkb' [../../../../../../src/hdl/bram/bram_streamer.sv:250]
WARNING: [VRFC 10-3091] actual bit length 32 differs from formal bit length 16 for port 'addrb' [../../../../../../src/hdl/bram/bram_streamer.sv:251]
WARNING: [VRFC 10-3091] actual bit length 32 differs from formal bit length 128 for port 'dinb' [../../../../../../src/hdl/bram/bram_streamer.sv:252]
WARNING: [VRFC 10-3091] actual bit length 32 differs from formal bit length 16 for port 'web' [../../../../../../src/hdl/bram/bram_streamer.sv:254]
WARNING: [VRFC 10-3091] actual bit length 32 differs from formal bit length 1 for port 'enb' [../../../../../../src/hdl/bram/bram_streamer.sv:255]
WARNING: [VRFC 10-5021] port 'tile_use_input' is not connected on this instance [../../../../../../src/hdl/bram/bram_streamer.sv:314]
Completed static elaboration
Starting simulation data flow analysis
Completed simulation data flow analysis
Time Resolution for simulation is 1ps
Compiling module xil_defaultlib.buff_idx_controller
Compiling module xil_defaultlib.dual_port_bram(BRAM_DATA_WIDTH=3...
Compiling module xil_defaultlib.dual_port_bram(BRAM_DATA_WIDTH=1...
Compiling module xil_defaultlib.dual_port_bram(BRAM_DATA_WIDTH=1...
Compiling module xil_defaultlib.dual_port_bram(BRAM_DATA_WIDTH=1...
Compiling module xil_defaultlib.dual_port_bram(BRAM_DATA_WIDTH=1...
Compiling module xil_defaultlib.tile_idx_bram(BRAM_ADDR_WIDTH=16...
Compiling module xil_defaultlib.weight_bram(BRAM_ADDR_WIDTH=16,B...
Compiling module xil_defaultlib.spk_in_bram(BRAM_ADDR_WIDTH=16,B...
Compiling module xil_defaultlib.input_bram(BRAM_ADDR_WIDTH=16,BR...
Compiling module xil_defaultlib.lif_bram(BRAM_ADDR_WIDTH=16,NETW...
Compiling module xil_defaultlib.bram_streamer(BRAM_ADDR_WIDTH=16...
Compiling module xil_defaultlib.weight_fifo(CROSSBAR_NEURONS=16,...
Compiling module xil_defaultlib.spk_in_fifo(CROSSBAR_NEURONS=16,...
Compiling module xil_defaultlib.tile_idx_fifo(CROSSBAR_NEURONS=1...
Compiling module xil_defaultlib.mem_fifo(CROSSBAR_NEURONS=16,BRA...
Compiling module xil_defaultlib.lif_scheduler
Compiling module xil_defaultlib.xbar_scheduler
Compiling module xil_defaultlib.synapse(NETWORK_WIDTH=8)
Compiling module xil_defaultlib.synapse_array(CROSSBAR_NEURONS=1...
Compiling module xil_defaultlib.lif(THRESH=32,NETWORK_WIDTH=8)
Compiling module xil_defaultlib.lif_array(CROSSBAR_NEURONS=16,TH...
Compiling module xil_defaultlib.top
Compiling module xil_defaultlib.glbl
Built simulation snapshot top_behav
run_program: Time (s): cpu = 00:00:01 ; elapsed = 00:00:07 . Memory (MB): peak = 2035.621 ; gain = 0.000
INFO: [USF-XSim-69] 'elaborate' step finished in '7' seconds
INFO: [USF-XSim-4] XSim::Simulate design
INFO: [USF-XSim-61] Executing 'SIMULATE' step in 'C:/Users/andre/Desktop/snn-fpga/vivado/snn_fpga/snn_fpga.sim/sim_1/behav/xsim'
INFO: [USF-XSim-98] *** Running xsim
   with args "top_behav -key {Behavioral:sim_1:Functional:top} -tclbatch {top.tcl} -view {C:/Users/andre/Desktop/snn-fpga/vivado/snn_fpga/top_behav.wcfg} -log {simulate.log}"
INFO: [USF-XSim-8] Loading simulator feature
Time resolution is 1 ps
open_wave_config C:/Users/andre/Desktop/snn-fpga/vivado/snn_fpga/top_behav.wcfg
source top.tcl
INFO: [USF-XSim-96] XSim completed. Design snapshot 'top_behav' loaded.
INFO: [USF-XSim-97] XSim simulation ran for 1000ns
launch_simulation: Time (s): cpu = 00:00:05 ; elapsed = 00:00:12 . Memory (MB): peak = 2035.621 ; gain = 0.000
restart
INFO: [Wavedata 42-604] Simulation restarted
add_force {/top/clk} -radix hex {0 0ns} {1 5000ps} -repeat_every 10000ps
add_force {/top/sw} -radix hex {0 0ns}
run 100 us
add_force {/top/sw} -radix hex {1 0ns}
run 100 us
add_force {/top/sw} -radix hex {0 0ns}
run 100 us
add_force {/top/sw} -radix hex {1 0ns}
run 100 us
open_hw_manager
launch_runs impl_1 -to_step write_bitstream -jobs 8
[Sat Dec 21 13:03:54 2024] Launched impl_1...
Run output will be captured here: C:/Users/andre/Desktop/snn-fpga/vivado/snn_fpga/snn_fpga.runs/impl_1/runme.log
reset_run synth_1
INFO: [Project 1-1160] Copying file C:/Users/andre/Desktop/snn-fpga/vivado/snn_fpga/snn_fpga.runs/synth_1/top.dcp to C:/Users/andre/Desktop/snn-fpga/vivado/snn_fpga/snn_fpga.srcs/utils_1/imports/synth_1 and adding it to utils fileset
WARNING: [Vivado 12-1017] Problems encountered:
1. Failed to delete one or more files in run directory C:/Users/andre/Desktop/snn-fpga/vivado/snn_fpga/snn_fpga.runs/synth_1

launch_runs impl_1 -jobs 8
[Sat Dec 21 13:06:59 2024] Launched synth_1...
Run output will be captured here: C:/Users/andre/Desktop/snn-fpga/vivado/snn_fpga/snn_fpga.runs/synth_1/runme.log
[Sat Dec 21 13:06:59 2024] Launched impl_1...
Run output will be captured here: C:/Users/andre/Desktop/snn-fpga/vivado/snn_fpga/snn_fpga.runs/impl_1/runme.log
reset_run synth_1
INFO: [Project 1-1161] Replacing file C:/Users/andre/Desktop/snn-fpga/vivado/snn_fpga/snn_fpga.srcs/utils_1/imports/synth_1/top.dcp with file C:/Users/andre/Desktop/snn-fpga/vivado/snn_fpga/snn_fpga.runs/synth_1/top.dcp
WARNING: [Vivado 12-1017] Problems encountered:
1. Failed to delete one or more files in run directory C:/Users/andre/Desktop/snn-fpga/vivado/snn_fpga/snn_fpga.runs/synth_1

launch_runs synth_1 -jobs 8
[Sat Dec 21 13:18:55 2024] Launched synth_1...
Run output will be captured here: C:/Users/andre/Desktop/snn-fpga/vivado/snn_fpga/snn_fpga.runs/synth_1/runme.log
launch_runs impl_1 -jobs 8
[Sat Dec 21 13:21:49 2024] Launched impl_1...
Run output will be captured here: C:/Users/andre/Desktop/snn-fpga/vivado/snn_fpga/snn_fpga.runs/impl_1/runme.log
launch_simulation -mode post-implementation -type timing
Command: launch_simulation  -mode post-implementation -type timing
INFO: [Vivado 12-12493] Simulation top is 'top'
WARNING: [Vivado 12-13340] Unable to auto find GCC executables from simulator install path! (path not set)
INFO: [Vivado 12-5682] Launching post-implementation timing simulation in 'C:/Users/andre/Desktop/snn-fpga/vivado/snn_fpga/snn_fpga.sim/sim_1/impl/timing/xsim'
INFO: [SIM-utils-51] Simulation object is 'sim_1'
INFO: [SIM-utils-72] Using boost library from 'C:/Xilinx/Vivado/2024.2/tps/boost_1_72_0'
INFO: [Device 21-403] Loading part xc7a35tcpg236-1
Netlist sorting complete. Time (s): cpu = 00:00:00 ; elapsed = 00:00:00.152 . Memory (MB): peak = 2035.621 ; gain = 0.000
INFO: [Netlist 29-17] Analyzing 579 Unisim elements for replacement
INFO: [Netlist 29-28] Unisim Transformation completed in 0 CPU seconds
INFO: [Project 1-479] Netlist was created with Vivado 2024.2
INFO: [Project 1-570] Preparing netlist for logic optimization
Read ShapeDB Complete: Time (s): cpu = 00:00:00 ; elapsed = 00:00:00.033 . Memory (MB): peak = 2035.621 ; gain = 0.000
INFO: [Timing 38-478] Restoring timing data from binary archive.
INFO: [Timing 38-479] Binary timing data restore complete.
INFO: [Project 1-856] Restoring constraints from binary archive.
INFO: [Project 1-853] Binary constraint restore complete.
INFO: [Designutils 20-5722] Start Reading Physical Databases.
Reading placement.
Read Netlist Cache: Time (s): cpu = 00:00:00 ; elapsed = 00:00:00.010 . Memory (MB): peak = 2151.324 ; gain = 0.000
Reading placer database...
Read Device Cache: Time (s): cpu = 00:00:00 ; elapsed = 00:00:00.009 . Memory (MB): peak = 2151.324 ; gain = 0.000
Read PlaceDB: Time (s): cpu = 00:00:00 ; elapsed = 00:00:00.343 . Memory (MB): peak = 2151.324 ; gain = 0.000
Read PulsedLatchDB: Time (s): cpu = 00:00:00 ; elapsed = 00:00:00 . Memory (MB): peak = 2151.324 ; gain = 0.000
Reading routing.
Read RouteStorage: Time (s): cpu = 00:00:00 ; elapsed = 00:00:00.115 . Memory (MB): peak = 2151.324 ; gain = 0.000
Read Physdb Files: Time (s): cpu = 00:00:00 ; elapsed = 00:00:00.488 . Memory (MB): peak = 2151.324 ; gain = 0.000
Restored from archive | CPU: 0.000000 secs | Memory: 0.000000 MB |
Finished XDEF File Restore: Time (s): cpu = 00:00:00 ; elapsed = 00:00:00.489 . Memory (MB): peak = 2151.324 ; gain = 0.000
Netlist sorting complete. Time (s): cpu = 00:00:00 ; elapsed = 00:00:00.002 . Memory (MB): peak = 2151.324 ; gain = 0.000
INFO: [Project 1-111] Unisim Transformation Summary:
No Unisim elements were transformed.

open_run: Time (s): cpu = 00:00:28 ; elapsed = 00:00:19 . Memory (MB): peak = 2520.520 ; gain = 484.898
INFO: [SIM-utils-31] Writing simulation netlist file for design 'impl_1'...
INFO: [SIM-utils-32] write_verilog -mode timesim -nolib -sdf_anno true -force -file "C:/Users/andre/Desktop/snn-fpga/vivado/snn_fpga/snn_fpga.sim/sim_1/impl/timing/xsim/top_time_impl.v"
INFO: [SIM-utils-34] Writing SDF file...
INFO: [SIM-utils-35] write_sdf -mode timesim -process_corner slow -force -file "C:/Users/andre/Desktop/snn-fpga/vivado/snn_fpga/snn_fpga.sim/sim_1/impl/timing/xsim/top_time_impl.sdf"
INFO: [SIM-utils-36] Netlist generated:C:/Users/andre/Desktop/snn-fpga/vivado/snn_fpga/snn_fpga.sim/sim_1/impl/timing/xsim/top_time_impl.v
INFO: [SIM-utils-37] SDF generated:C:/Users/andre/Desktop/snn-fpga/vivado/snn_fpga/snn_fpga.sim/sim_1/impl/timing/xsim/top_time_impl.sdf
INFO: [SIM-utils-54] Inspecting design source files for 'top' in fileset 'sim_1'...
INFO: [SIM-utils-43] Exported 'C:/Users/andre/Desktop/snn-fpga/vivado/snn_fpga/snn_fpga.sim/sim_1/impl/timing/xsim/input_bram.mem'
INFO: [SIM-utils-43] Exported 'C:/Users/andre/Desktop/snn-fpga/vivado/snn_fpga/snn_fpga.sim/sim_1/impl/timing/xsim/mem_bram.mem'
INFO: [SIM-utils-43] Exported 'C:/Users/andre/Desktop/snn-fpga/vivado/snn_fpga/snn_fpga.sim/sim_1/impl/timing/xsim/spk_in_bram.mem'
INFO: [SIM-utils-43] Exported 'C:/Users/andre/Desktop/snn-fpga/vivado/snn_fpga/snn_fpga.sim/sim_1/impl/timing/xsim/weight_bram.mem'
INFO: [SIM-utils-43] Exported 'C:/Users/andre/Desktop/snn-fpga/vivado/snn_fpga/snn_fpga.sim/sim_1/impl/timing/xsim/tile_idx_bram.mem'
INFO: [USF-XSim-2] XSim::Compile design
INFO: [USF-XSim-61] Executing 'COMPILE and ANALYZE' step in 'C:/Users/andre/Desktop/snn-fpga/vivado/snn_fpga/snn_fpga.sim/sim_1/impl/timing/xsim'
"xvlog --incr --relax -prj top_vlog.prj"
INFO: [VRFC 10-2263] Analyzing Verilog file "C:/Users/andre/Desktop/snn-fpga/vivado/snn_fpga/snn_fpga.sim/sim_1/impl/timing/xsim/top_time_impl.v" into library xil_defaultlib
INFO: [VRFC 10-311] analyzing module bram_streamer
INFO: [VRFC 10-311] analyzing module buff_idx_controller
INFO: [VRFC 10-311] analyzing module dual_port_bram
INFO: [VRFC 10-311] analyzing module dual_port_bram__parameterized0
INFO: [VRFC 10-311] analyzing module dual_port_bram__parameterized1
INFO: [VRFC 10-311] analyzing module dual_port_bram__parameterized2
INFO: [VRFC 10-311] analyzing module dual_port_bram__parameterized3
INFO: [VRFC 10-311] analyzing module input_bram
INFO: [VRFC 10-311] analyzing module lif
INFO: [VRFC 10-311] analyzing module lif_256
INFO: [VRFC 10-311] analyzing module lif_257
INFO: [VRFC 10-311] analyzing module lif_258
INFO: [VRFC 10-311] analyzing module lif_259
INFO: [VRFC 10-311] analyzing module lif_260
INFO: [VRFC 10-311] analyzing module lif_261
INFO: [VRFC 10-311] analyzing module lif_262
INFO: [VRFC 10-311] analyzing module lif_263
INFO: [VRFC 10-311] analyzing module lif_264
INFO: [VRFC 10-311] analyzing module lif_265
INFO: [VRFC 10-311] analyzing module lif_266
INFO: [VRFC 10-311] analyzing module lif_267
INFO: [VRFC 10-311] analyzing module lif_268
INFO: [VRFC 10-311] analyzing module lif_269
INFO: [VRFC 10-311] analyzing module lif_270
INFO: [VRFC 10-311] analyzing module lif_array
INFO: [VRFC 10-311] analyzing module lif_bram
INFO: [VRFC 10-311] analyzing module lif_scheduler
INFO: [VRFC 10-311] analyzing module mem_fifo
INFO: [VRFC 10-311] analyzing module mem_fifo_0
INFO: [VRFC 10-311] analyzing module spk_in_bram
INFO: [VRFC 10-311] analyzing module spk_in_fifo
INFO: [VRFC 10-311] analyzing module synapse
INFO: [VRFC 10-311] analyzing module synapse_1
INFO: [VRFC 10-311] analyzing module synapse_10
INFO: [VRFC 10-311] analyzing module synapse_100
INFO: [VRFC 10-311] analyzing module synapse_101
INFO: [VRFC 10-311] analyzing module synapse_102
INFO: [VRFC 10-311] analyzing module synapse_103
INFO: [VRFC 10-311] analyzing module synapse_104
INFO: [VRFC 10-311] analyzing module synapse_105
INFO: [VRFC 10-311] analyzing module synapse_106
INFO: [VRFC 10-311] analyzing module synapse_107
INFO: [VRFC 10-311] analyzing module synapse_108
INFO: [VRFC 10-311] analyzing module synapse_109
INFO: [VRFC 10-311] analyzing module synapse_11
INFO: [VRFC 10-311] analyzing module synapse_110
INFO: [VRFC 10-311] analyzing module synapse_111
INFO: [VRFC 10-311] analyzing module synapse_112
INFO: [VRFC 10-311] analyzing module synapse_113
INFO: [VRFC 10-311] analyzing module synapse_114
INFO: [VRFC 10-311] analyzing module synapse_115
INFO: [VRFC 10-311] analyzing module synapse_116
INFO: [VRFC 10-311] analyzing module synapse_117
INFO: [VRFC 10-311] analyzing module synapse_118
INFO: [VRFC 10-311] analyzing module synapse_119
INFO: [VRFC 10-311] analyzing module synapse_12
INFO: [VRFC 10-311] analyzing module synapse_120
INFO: [VRFC 10-311] analyzing module synapse_121
INFO: [VRFC 10-311] analyzing module synapse_122
INFO: [VRFC 10-311] analyzing module synapse_123
INFO: [VRFC 10-311] analyzing module synapse_124
INFO: [VRFC 10-311] analyzing module synapse_125
INFO: [VRFC 10-311] analyzing module synapse_126
INFO: [VRFC 10-311] analyzing module synapse_127
INFO: [VRFC 10-311] analyzing module synapse_128
INFO: [VRFC 10-311] analyzing module synapse_129
INFO: [VRFC 10-311] analyzing module synapse_13
INFO: [VRFC 10-311] analyzing module synapse_130
INFO: [VRFC 10-311] analyzing module synapse_131
INFO: [VRFC 10-311] analyzing module synapse_132
INFO: [VRFC 10-311] analyzing module synapse_133
INFO: [VRFC 10-311] analyzing module synapse_134
INFO: [VRFC 10-311] analyzing module synapse_135
INFO: [VRFC 10-311] analyzing module synapse_136
INFO: [VRFC 10-311] analyzing module synapse_137
INFO: [VRFC 10-311] analyzing module synapse_138
INFO: [VRFC 10-311] analyzing module synapse_139
INFO: [VRFC 10-311] analyzing module synapse_14
INFO: [VRFC 10-311] analyzing module synapse_140
INFO: [VRFC 10-311] analyzing module synapse_141
INFO: [VRFC 10-311] analyzing module synapse_142
INFO: [VRFC 10-311] analyzing module synapse_143
INFO: [VRFC 10-311] analyzing module synapse_144
INFO: [VRFC 10-311] analyzing module synapse_145
INFO: [VRFC 10-311] analyzing module synapse_146
INFO: [VRFC 10-311] analyzing module synapse_147
INFO: [VRFC 10-311] analyzing module synapse_148
INFO: [VRFC 10-311] analyzing module synapse_149
INFO: [VRFC 10-311] analyzing module synapse_15
INFO: [VRFC 10-311] analyzing module synapse_150
INFO: [VRFC 10-311] analyzing module synapse_151
INFO: [VRFC 10-311] analyzing module synapse_152
INFO: [VRFC 10-311] analyzing module synapse_153
INFO: [VRFC 10-311] analyzing module synapse_154
INFO: [VRFC 10-311] analyzing module synapse_155
INFO: [VRFC 10-311] analyzing module synapse_156
INFO: [VRFC 10-311] analyzing module synapse_157
INFO: [VRFC 10-311] analyzing module synapse_158
INFO: [VRFC 10-311] analyzing module synapse_159
INFO: [VRFC 10-311] analyzing module synapse_16
INFO: [VRFC 10-311] analyzing module synapse_160
INFO: [VRFC 10-311] analyzing module synapse_161
INFO: [VRFC 10-311] analyzing module synapse_162
INFO: [VRFC 10-311] analyzing module synapse_163
INFO: [VRFC 10-311] analyzing module synapse_164
INFO: [VRFC 10-311] analyzing module synapse_165
INFO: [VRFC 10-311] analyzing module synapse_166
INFO: [VRFC 10-311] analyzing module synapse_167
INFO: [VRFC 10-311] analyzing module synapse_168
INFO: [VRFC 10-311] analyzing module synapse_169
INFO: [VRFC 10-311] analyzing module synapse_17
INFO: [VRFC 10-311] analyzing module synapse_170
INFO: [VRFC 10-311] analyzing module synapse_171
INFO: [VRFC 10-311] analyzing module synapse_172
INFO: [VRFC 10-311] analyzing module synapse_173
INFO: [VRFC 10-311] analyzing module synapse_174
INFO: [VRFC 10-311] analyzing module synapse_175
INFO: [VRFC 10-311] analyzing module synapse_176
INFO: [VRFC 10-311] analyzing module synapse_177
INFO: [VRFC 10-311] analyzing module synapse_178
INFO: [VRFC 10-311] analyzing module synapse_179
INFO: [VRFC 10-311] analyzing module synapse_18
INFO: [VRFC 10-311] analyzing module synapse_180
INFO: [VRFC 10-311] analyzing module synapse_181
INFO: [VRFC 10-311] analyzing module synapse_182
INFO: [VRFC 10-311] analyzing module synapse_183
INFO: [VRFC 10-311] analyzing module synapse_184
INFO: [VRFC 10-311] analyzing module synapse_185
INFO: [VRFC 10-311] analyzing module synapse_186
INFO: [VRFC 10-311] analyzing module synapse_187
INFO: [VRFC 10-311] analyzing module synapse_188
INFO: [VRFC 10-311] analyzing module synapse_189
INFO: [VRFC 10-311] analyzing module synapse_19
INFO: [VRFC 10-311] analyzing module synapse_190
INFO: [VRFC 10-311] analyzing module synapse_191
INFO: [VRFC 10-311] analyzing module synapse_192
INFO: [VRFC 10-311] analyzing module synapse_193
INFO: [VRFC 10-311] analyzing module synapse_194
INFO: [VRFC 10-311] analyzing module synapse_195
INFO: [VRFC 10-311] analyzing module synapse_196
INFO: [VRFC 10-311] analyzing module synapse_197
INFO: [VRFC 10-311] analyzing module synapse_198
INFO: [VRFC 10-311] analyzing module synapse_199
INFO: [VRFC 10-311] analyzing module synapse_2
INFO: [VRFC 10-311] analyzing module synapse_20
INFO: [VRFC 10-311] analyzing module synapse_200
INFO: [VRFC 10-311] analyzing module synapse_201
INFO: [VRFC 10-311] analyzing module synapse_202
INFO: [VRFC 10-311] analyzing module synapse_203
INFO: [VRFC 10-311] analyzing module synapse_204
INFO: [VRFC 10-311] analyzing module synapse_205
INFO: [VRFC 10-311] analyzing module synapse_206
INFO: [VRFC 10-311] analyzing module synapse_207
INFO: [VRFC 10-311] analyzing module synapse_208
INFO: [VRFC 10-311] analyzing module synapse_209
INFO: [VRFC 10-311] analyzing module synapse_21
INFO: [VRFC 10-311] analyzing module synapse_210
INFO: [VRFC 10-311] analyzing module synapse_211
INFO: [VRFC 10-311] analyzing module synapse_212
INFO: [VRFC 10-311] analyzing module synapse_213
INFO: [VRFC 10-311] analyzing module synapse_214
INFO: [VRFC 10-311] analyzing module synapse_215
INFO: [VRFC 10-311] analyzing module synapse_216
INFO: [VRFC 10-311] analyzing module synapse_217
INFO: [VRFC 10-311] analyzing module synapse_218
INFO: [VRFC 10-311] analyzing module synapse_219
INFO: [VRFC 10-311] analyzing module synapse_22
INFO: [VRFC 10-311] analyzing module synapse_220
INFO: [VRFC 10-311] analyzing module synapse_221
INFO: [VRFC 10-311] analyzing module synapse_222
INFO: [VRFC 10-311] analyzing module synapse_223
INFO: [VRFC 10-311] analyzing module synapse_224
INFO: [VRFC 10-311] analyzing module synapse_225
INFO: [VRFC 10-311] analyzing module synapse_226
INFO: [VRFC 10-311] analyzing module synapse_227
INFO: [VRFC 10-311] analyzing module synapse_228
INFO: [VRFC 10-311] analyzing module synapse_229
INFO: [VRFC 10-311] analyzing module synapse_23
INFO: [VRFC 10-311] analyzing module synapse_230
INFO: [VRFC 10-311] analyzing module synapse_231
INFO: [VRFC 10-311] analyzing module synapse_232
INFO: [VRFC 10-311] analyzing module synapse_233
INFO: [VRFC 10-311] analyzing module synapse_234
INFO: [VRFC 10-311] analyzing module synapse_235
INFO: [VRFC 10-311] analyzing module synapse_236
INFO: [VRFC 10-311] analyzing module synapse_237
INFO: [VRFC 10-311] analyzing module synapse_238
INFO: [VRFC 10-311] analyzing module synapse_239
INFO: [VRFC 10-311] analyzing module synapse_24
INFO: [VRFC 10-311] analyzing module synapse_240
INFO: [VRFC 10-311] analyzing module synapse_241
INFO: [VRFC 10-311] analyzing module synapse_242
INFO: [VRFC 10-311] analyzing module synapse_243
INFO: [VRFC 10-311] analyzing module synapse_244
INFO: [VRFC 10-311] analyzing module synapse_245
INFO: [VRFC 10-311] analyzing module synapse_246
INFO: [VRFC 10-311] analyzing module synapse_247
INFO: [VRFC 10-311] analyzing module synapse_248
INFO: [VRFC 10-311] analyzing module synapse_249
INFO: [VRFC 10-311] analyzing module synapse_25
INFO: [VRFC 10-311] analyzing module synapse_250
INFO: [VRFC 10-311] analyzing module synapse_251
INFO: [VRFC 10-311] analyzing module synapse_252
INFO: [VRFC 10-311] analyzing module synapse_253
INFO: [VRFC 10-311] analyzing module synapse_254
INFO: [VRFC 10-311] analyzing module synapse_255
INFO: [VRFC 10-311] analyzing module synapse_26
INFO: [VRFC 10-311] analyzing module synapse_27
INFO: [VRFC 10-311] analyzing module synapse_28
INFO: [VRFC 10-311] analyzing module synapse_29
INFO: [VRFC 10-311] analyzing module synapse_3
INFO: [VRFC 10-311] analyzing module synapse_30
INFO: [VRFC 10-311] analyzing module synapse_31
INFO: [VRFC 10-311] analyzing module synapse_32
INFO: [VRFC 10-311] analyzing module synapse_33
INFO: [VRFC 10-311] analyzing module synapse_34
INFO: [VRFC 10-311] analyzing module synapse_35
INFO: [VRFC 10-311] analyzing module synapse_36
INFO: [VRFC 10-311] analyzing module synapse_37
INFO: [VRFC 10-311] analyzing module synapse_38
INFO: [VRFC 10-311] analyzing module synapse_39
INFO: [VRFC 10-311] analyzing module synapse_4
INFO: [VRFC 10-311] analyzing module synapse_40
INFO: [VRFC 10-311] analyzing module synapse_41
INFO: [VRFC 10-311] analyzing module synapse_42
INFO: [VRFC 10-311] analyzing module synapse_43
INFO: [VRFC 10-311] analyzing module synapse_44
INFO: [VRFC 10-311] analyzing module synapse_45
INFO: [VRFC 10-311] analyzing module synapse_46
INFO: [VRFC 10-311] analyzing module synapse_47
INFO: [VRFC 10-311] analyzing module synapse_48
INFO: [VRFC 10-311] analyzing module synapse_49
INFO: [VRFC 10-311] analyzing module synapse_5
INFO: [VRFC 10-311] analyzing module synapse_50
INFO: [VRFC 10-311] analyzing module synapse_51
INFO: [VRFC 10-311] analyzing module synapse_52
INFO: [VRFC 10-311] analyzing module synapse_53
INFO: [VRFC 10-311] analyzing module synapse_54
INFO: [VRFC 10-311] analyzing module synapse_55
INFO: [VRFC 10-311] analyzing module synapse_56
INFO: [VRFC 10-311] analyzing module synapse_57
INFO: [VRFC 10-311] analyzing module synapse_58
INFO: [VRFC 10-311] analyzing module synapse_59
INFO: [VRFC 10-311] analyzing module synapse_6
INFO: [VRFC 10-311] analyzing module synapse_60
INFO: [VRFC 10-311] analyzing module synapse_61
INFO: [VRFC 10-311] analyzing module synapse_62
INFO: [VRFC 10-311] analyzing module synapse_63
INFO: [VRFC 10-311] analyzing module synapse_64
INFO: [VRFC 10-311] analyzing module synapse_65
INFO: [VRFC 10-311] analyzing module synapse_66
INFO: [VRFC 10-311] analyzing module synapse_67
INFO: [VRFC 10-311] analyzing module synapse_68
INFO: [VRFC 10-311] analyzing module synapse_69
INFO: [VRFC 10-311] analyzing module synapse_7
INFO: [VRFC 10-311] analyzing module synapse_70
INFO: [VRFC 10-311] analyzing module synapse_71
INFO: [VRFC 10-311] analyzing module synapse_72
INFO: [VRFC 10-311] analyzing module synapse_73
INFO: [VRFC 10-311] analyzing module synapse_74
INFO: [VRFC 10-311] analyzing module synapse_75
INFO: [VRFC 10-311] analyzing module synapse_76
INFO: [VRFC 10-311] analyzing module synapse_77
INFO: [VRFC 10-311] analyzing module synapse_78
INFO: [VRFC 10-311] analyzing module synapse_79
INFO: [VRFC 10-311] analyzing module synapse_8
INFO: [VRFC 10-311] analyzing module synapse_80
INFO: [VRFC 10-311] analyzing module synapse_81
INFO: [VRFC 10-311] analyzing module synapse_82
INFO: [VRFC 10-311] analyzing module synapse_83
INFO: [VRFC 10-311] analyzing module synapse_84
INFO: [VRFC 10-311] analyzing module synapse_85
INFO: [VRFC 10-311] analyzing module synapse_86
INFO: [VRFC 10-311] analyzing module synapse_87
INFO: [VRFC 10-311] analyzing module synapse_88
INFO: [VRFC 10-311] analyzing module synapse_89
INFO: [VRFC 10-311] analyzing module synapse_9
INFO: [VRFC 10-311] analyzing module synapse_90
INFO: [VRFC 10-311] analyzing module synapse_91
INFO: [VRFC 10-311] analyzing module synapse_92
INFO: [VRFC 10-311] analyzing module synapse_93
INFO: [VRFC 10-311] analyzing module synapse_94
INFO: [VRFC 10-311] analyzing module synapse_95
INFO: [VRFC 10-311] analyzing module synapse_96
INFO: [VRFC 10-311] analyzing module synapse_97
INFO: [VRFC 10-311] analyzing module synapse_98
INFO: [VRFC 10-311] analyzing module synapse_99
INFO: [VRFC 10-311] analyzing module synapse_array
INFO: [VRFC 10-311] analyzing module tile_idx_bram
INFO: [VRFC 10-311] analyzing module tile_idx_fifo
INFO: [VRFC 10-311] analyzing module top
INFO: [VRFC 10-311] analyzing module weight_bram
INFO: [VRFC 10-311] analyzing module weight_fifo
INFO: [VRFC 10-311] analyzing module xbar_scheduler
INFO: [VRFC 10-311] analyzing module glbl
run_program: Time (s): cpu = 00:00:01 ; elapsed = 00:00:08 . Memory (MB): peak = 2559.086 ; gain = 0.000
INFO: [USF-XSim-69] 'compile' step finished in '8' seconds
INFO: [USF-XSim-3] XSim::Elaborate design
INFO: [USF-XSim-61] Executing 'ELABORATE' step in 'C:/Users/andre/Desktop/snn-fpga/vivado/snn_fpga/snn_fpga.sim/sim_1/impl/timing/xsim'
"xelab --incr --debug typical --relax --mt 2 --maxdelay -L xil_defaultlib -L simprims_ver -L secureip --snapshot top_time_impl -transport_int_delays -pulse_r 0 -pulse_int_r 0 -pulse_e 0 -pulse_int_e 0 xil_defaultlib.top xil_defaultlib.glbl -log elaborate.log"
Vivado Simulator v2024.2.0
Copyright 1986-2022 Xilinx, Inc. All Rights Reserved.
Copyright 2022-2024 Advanced Micro Devices, Inc. All Rights Reserved.
Running: C:/Xilinx/Vivado/2024.2/bin/unwrapped/win64.o/xelab.exe --incr --debug typical --relax --mt 2 --maxdelay -L xil_defaultlib -L simprims_ver -L secureip --snapshot top_time_impl -transport_int_delays -pulse_r 0 -pulse_int_r 0 -pulse_e 0 -pulse_int_e 0 xil_defaultlib.top xil_defaultlib.glbl -log elaborate.log 
Using 2 slave threads.
Starting static elaboration
Pass Through NonSizing Optimizer
Completed static elaboration
Starting simulation data flow analysis
Completed simulation data flow analysis
INFO: [XSIM 43-3451] SDF backannotation process started with SDF file "top_time_impl.sdf", for root module "top".
INFO: [XSIM 43-3452] SDF backannotation was successful for SDF file "top_time_impl.sdf", for root module "top".
Time Resolution for simulation is 1ps
Compiling module simprims_ver.FDCE_default
Compiling module simprims_ver.RB36_INTERNAL_VLOG(READ_WIDTH_A=...
Compiling module simprims_ver.RAMB36E1(INIT_00=256'b0111000000...
Compiling module simprims_ver.x_lut3_mux8
Compiling module simprims_ver.LUT3
Compiling module simprims_ver.LUT6
Compiling module simprims_ver.x_lut2_mux4
Compiling module simprims_ver.LUT2
Compiling module xil_defaultlib.dual_port_bram
Compiling module simprims_ver.RB18_INTERNAL_VLOG(DOA_REG=1,DOB...
Compiling module simprims_ver.RAMB18E1(DOA_REG=1,DOB_REG=1,REA...
Compiling module xil_defaultlib.dual_port_bram__parameterized0
Compiling module simprims_ver.RB36_INTERNAL_VLOG(DOB_REG=1,REA...
Compiling module simprims_ver.RAMB36E1(DOB_REG=1,INIT_00=256'b...
Compiling module simprims_ver.RB36_INTERNAL_VLOG(DOB_REG=1,REA...
Compiling module simprims_ver.RAMB36E1(DOB_REG=1,INIT_00=256'b...
Compiling module simprims_ver.RB36_INTERNAL_VLOG(DOB_REG=1,REA...
Compiling module simprims_ver.RAMB36E1(DOB_REG=1,INIT_00=256'b...
Compiling module simprims_ver.RB36_INTERNAL_VLOG(DOB_REG=1,REA...
Compiling module simprims_ver.RAMB36E1(DOB_REG=1,INIT_00=256'b...
Compiling module simprims_ver.RB36_INTERNAL_VLOG(DOB_REG=1,REA...
Compiling module simprims_ver.RAMB36E1(DOB_REG=1,INIT_00=256'b...
Compiling module simprims_ver.RB36_INTERNAL_VLOG(DOB_REG=1,REA...
Compiling module simprims_ver.RAMB36E1(DOB_REG=1,INIT_00=256'b...
Compiling module simprims_ver.RB36_INTERNAL_VLOG(DOB_REG=1,REA...
Compiling module simprims_ver.RAMB36E1(DOB_REG=1,INIT_00=256'b...
Compiling module simprims_ver.RB36_INTERNAL_VLOG(DOB_REG=1,REA...
Compiling module simprims_ver.RAMB36E1(DOB_REG=1,INIT_00=256'b...
Compiling module simprims_ver.RB36_INTERNAL_VLOG(DOB_REG=1,REA...
Compiling module simprims_ver.RAMB36E1(DOB_REG=1,READ_WIDTH_A=...
Compiling module simprims_ver.RB36_INTERNAL_VLOG(DOB_REG=1,REA...
Compiling module simprims_ver.RAMB36E1(DOB_REG=1,INIT_00=256'b...
Compiling module simprims_ver.RB36_INTERNAL_VLOG(DOB_REG=1,REA...
Compiling module simprims_ver.RAMB36E1(DOB_REG=1,INIT_00=256'b...
Compiling module simprims_ver.RB36_INTERNAL_VLOG(DOB_REG=1,REA...
Compiling module simprims_ver.RAMB36E1(DOB_REG=1,INIT_00=256'b...
Compiling module xil_defaultlib.dual_port_bram__parameterized1
Compiling module simprims_ver.RB36_INTERNAL_VLOG(DOA_REG=1,REA...
Compiling module simprims_ver.RAMB36E1(DOA_REG=1,INIT_00=256'b...
Compiling module xil_defaultlib.dual_port_bram__parameterized2
Compiling module simprims_ver.LUT4
Compiling module simprims_ver.LUT5
Compiling module simprims_ver.RB36_INTERNAL_VLOG(DOA_REG=1,REA...
Compiling module simprims_ver.RAMB36E1(DOA_REG=1,READ_WIDTH_A=...
Compiling module xil_defaultlib.dual_port_bram__parameterized3
Compiling module simprims_ver.FDRE_default
Compiling module simprims_ver.FDSE_default
Compiling module xil_defaultlib.input_bram
Compiling module xil_defaultlib.lif_bram
Compiling module xil_defaultlib.spk_in_bram
Compiling module simprims_ver.x_lut1_mux2
Compiling module simprims_ver.LUT1
Compiling module simprims_ver.CARRY4
Compiling module xil_defaultlib.tile_idx_bram
Compiling module xil_defaultlib.weight_bram
Compiling module xil_defaultlib.bram_streamer
Compiling module xil_defaultlib.buff_idx_controller
Compiling module simprims_ver.BUFG
Compiling module simprims_ver.IBUF
Compiling module xil_defaultlib.mem_fifo
Compiling module xil_defaultlib.mem_fifo_0
Compiling module xil_defaultlib.spk_in_fifo
Compiling module xil_defaultlib.tile_idx_fifo
Compiling module xil_defaultlib.weight_fifo
Compiling module simprims_ver.OBUF
Compiling module xil_defaultlib.lif
Compiling module xil_defaultlib.lif_256
Compiling module xil_defaultlib.lif_257
Compiling module xil_defaultlib.lif_258
Compiling module xil_defaultlib.lif_259
Compiling module xil_defaultlib.lif_260
Compiling module xil_defaultlib.lif_261
Compiling module xil_defaultlib.lif_262
Compiling module xil_defaultlib.lif_263
Compiling module xil_defaultlib.lif_264
Compiling module xil_defaultlib.lif_265
Compiling module xil_defaultlib.lif_266
Compiling module xil_defaultlib.lif_267
Compiling module xil_defaultlib.lif_268
Compiling module xil_defaultlib.lif_269
Compiling module xil_defaultlib.lif_270
Compiling module xil_defaultlib.lif_array
Compiling module xil_defaultlib.lif_scheduler
Compiling module xil_defaultlib.synapse
Compiling module xil_defaultlib.synapse_1
Compiling module xil_defaultlib.synapse_2
Compiling module xil_defaultlib.synapse_3
Compiling module xil_defaultlib.synapse_4
Compiling module xil_defaultlib.synapse_5
Compiling module xil_defaultlib.synapse_6
Compiling module xil_defaultlib.synapse_7
Compiling module xil_defaultlib.synapse_8
Compiling module xil_defaultlib.synapse_9
Compiling module xil_defaultlib.synapse_10
Compiling module xil_defaultlib.synapse_11
Compiling module xil_defaultlib.synapse_12
Compiling module xil_defaultlib.synapse_13
Compiling module xil_defaultlib.synapse_14
Compiling module xil_defaultlib.synapse_15
Compiling module xil_defaultlib.synapse_16
Compiling module xil_defaultlib.synapse_17
Compiling module xil_defaultlib.synapse_18
Compiling module xil_defaultlib.synapse_19
Compiling module xil_defaultlib.synapse_20
Compiling module xil_defaultlib.synapse_21
Compiling module xil_defaultlib.synapse_22
Compiling module xil_defaultlib.synapse_23
Compiling module xil_defaultlib.synapse_24
Compiling module xil_defaultlib.synapse_25
Compiling module xil_defaultlib.synapse_26
Compiling module xil_defaultlib.synapse_27
Compiling module xil_defaultlib.synapse_28
Compiling module xil_defaultlib.synapse_29
Compiling module xil_defaultlib.synapse_30
Compiling module xil_defaultlib.synapse_31
Compiling module xil_defaultlib.synapse_32
Compiling module xil_defaultlib.synapse_33
Compiling module xil_defaultlib.synapse_34
Compiling module xil_defaultlib.synapse_35
Compiling module xil_defaultlib.synapse_36
Compiling module xil_defaultlib.synapse_37
Compiling module xil_defaultlib.synapse_38
Compiling module xil_defaultlib.synapse_39
Compiling module xil_defaultlib.synapse_40
Compiling module xil_defaultlib.synapse_41
Compiling module xil_defaultlib.synapse_42
Compiling module xil_defaultlib.synapse_43
Compiling module xil_defaultlib.synapse_44
Compiling module xil_defaultlib.synapse_45
Compiling module xil_defaultlib.synapse_46
Compiling module xil_defaultlib.synapse_47
Compiling module xil_defaultlib.synapse_48
Compiling module xil_defaultlib.synapse_49
Compiling module xil_defaultlib.synapse_50
Compiling module xil_defaultlib.synapse_51
Compiling module xil_defaultlib.synapse_52
Compiling module xil_defaultlib.synapse_53
Compiling module xil_defaultlib.synapse_54
Compiling module xil_defaultlib.synapse_55
Compiling module xil_defaultlib.synapse_56
Compiling module xil_defaultlib.synapse_57
Compiling module xil_defaultlib.synapse_58
Compiling module xil_defaultlib.synapse_59
Compiling module xil_defaultlib.synapse_60
Compiling module xil_defaultlib.synapse_61
Compiling module xil_defaultlib.synapse_62
Compiling module xil_defaultlib.synapse_63
Compiling module xil_defaultlib.synapse_64
Compiling module xil_defaultlib.synapse_65
Compiling module xil_defaultlib.synapse_66
Compiling module xil_defaultlib.synapse_67
Compiling module xil_defaultlib.synapse_68
Compiling module xil_defaultlib.synapse_69
Compiling module xil_defaultlib.synapse_70
Compiling module xil_defaultlib.synapse_71
Compiling module xil_defaultlib.synapse_72
Compiling module xil_defaultlib.synapse_73
Compiling module xil_defaultlib.synapse_74
Compiling module xil_defaultlib.synapse_75
Compiling module xil_defaultlib.synapse_76
Compiling module xil_defaultlib.synapse_77
Compiling module xil_defaultlib.synapse_78
Compiling module xil_defaultlib.synapse_79
Compiling module xil_defaultlib.synapse_80
Compiling module xil_defaultlib.synapse_81
Compiling module xil_defaultlib.synapse_82
Compiling module xil_defaultlib.synapse_83
Compiling module xil_defaultlib.synapse_84
Compiling module xil_defaultlib.synapse_85
Compiling module xil_defaultlib.synapse_86
Compiling module xil_defaultlib.synapse_87
Compiling module xil_defaultlib.synapse_88
Compiling module xil_defaultlib.synapse_89
Compiling module xil_defaultlib.synapse_90
Compiling module xil_defaultlib.synapse_91
Compiling module xil_defaultlib.synapse_92
Compiling module xil_defaultlib.synapse_93
Compiling module xil_defaultlib.synapse_94
Compiling module xil_defaultlib.synapse_95
Compiling module xil_defaultlib.synapse_96
Compiling module xil_defaultlib.synapse_97
Compiling module xil_defaultlib.synapse_98
Compiling module xil_defaultlib.synapse_99
Compiling module xil_defaultlib.synapse_100
Compiling module xil_defaultlib.synapse_101
Compiling module xil_defaultlib.synapse_102
Compiling module xil_defaultlib.synapse_103
Compiling module xil_defaultlib.synapse_104
Compiling module xil_defaultlib.synapse_105
Compiling module xil_defaultlib.synapse_106
Compiling module xil_defaultlib.synapse_107
Compiling module xil_defaultlib.synapse_108
Compiling module xil_defaultlib.synapse_109
Compiling module xil_defaultlib.synapse_110
Compiling module xil_defaultlib.synapse_111
Compiling module xil_defaultlib.synapse_112
Compiling module xil_defaultlib.synapse_113
Compiling module xil_defaultlib.synapse_114
Compiling module xil_defaultlib.synapse_115
Compiling module xil_defaultlib.synapse_116
Compiling module xil_defaultlib.synapse_117
Compiling module xil_defaultlib.synapse_118
Compiling module xil_defaultlib.synapse_119
Compiling module xil_defaultlib.synapse_120
Compiling module xil_defaultlib.synapse_121
Compiling module xil_defaultlib.synapse_122
Compiling module xil_defaultlib.synapse_123
Compiling module xil_defaultlib.synapse_124
Compiling module xil_defaultlib.synapse_125
Compiling module xil_defaultlib.synapse_126
Compiling module xil_defaultlib.synapse_127
Compiling module xil_defaultlib.synapse_128
Compiling module xil_defaultlib.synapse_129
Compiling module xil_defaultlib.synapse_130
Compiling module xil_defaultlib.synapse_131
Compiling module xil_defaultlib.synapse_132
Compiling module xil_defaultlib.synapse_133
Compiling module xil_defaultlib.synapse_134
Compiling module xil_defaultlib.synapse_135
Compiling module xil_defaultlib.synapse_136
Compiling module xil_defaultlib.synapse_137
Compiling module xil_defaultlib.synapse_138
Compiling module xil_defaultlib.synapse_139
Compiling module xil_defaultlib.synapse_140
Compiling module xil_defaultlib.synapse_141
Compiling module xil_defaultlib.synapse_142
Compiling module xil_defaultlib.synapse_143
Compiling module xil_defaultlib.synapse_144
Compiling module xil_defaultlib.synapse_145
Compiling module xil_defaultlib.synapse_146
Compiling module xil_defaultlib.synapse_147
Compiling module xil_defaultlib.synapse_148
Compiling module xil_defaultlib.synapse_149
Compiling module xil_defaultlib.synapse_150
Compiling module xil_defaultlib.synapse_151
Compiling module xil_defaultlib.synapse_152
Compiling module xil_defaultlib.synapse_153
Compiling module xil_defaultlib.synapse_154
Compiling module xil_defaultlib.synapse_155
Compiling module xil_defaultlib.synapse_156
Compiling module xil_defaultlib.synapse_157
Compiling module xil_defaultlib.synapse_158
Compiling module xil_defaultlib.synapse_159
Compiling module xil_defaultlib.synapse_160
Compiling module xil_defaultlib.synapse_161
Compiling module xil_defaultlib.synapse_162
Compiling module xil_defaultlib.synapse_163
Compiling module xil_defaultlib.synapse_164
Compiling module xil_defaultlib.synapse_165
Compiling module xil_defaultlib.synapse_166
Compiling module xil_defaultlib.synapse_167
Compiling module xil_defaultlib.synapse_168
Compiling module xil_defaultlib.synapse_169
Compiling module xil_defaultlib.synapse_170
Compiling module xil_defaultlib.synapse_171
Compiling module xil_defaultlib.synapse_172
Compiling module xil_defaultlib.synapse_173
Compiling module xil_defaultlib.synapse_174
Compiling module xil_defaultlib.synapse_175
Compiling module xil_defaultlib.synapse_176
Compiling module xil_defaultlib.synapse_177
Compiling module xil_defaultlib.synapse_178
Compiling module xil_defaultlib.synapse_179
Compiling module xil_defaultlib.synapse_180
Compiling module xil_defaultlib.synapse_181
Compiling module xil_defaultlib.synapse_182
Compiling module xil_defaultlib.synapse_183
Compiling module xil_defaultlib.synapse_184
Compiling module xil_defaultlib.synapse_185
Compiling module xil_defaultlib.synapse_186
Compiling module xil_defaultlib.synapse_187
Compiling module xil_defaultlib.synapse_188
Compiling module xil_defaultlib.synapse_189
Compiling module xil_defaultlib.synapse_190
Compiling module xil_defaultlib.synapse_191
Compiling module xil_defaultlib.synapse_192
Compiling module xil_defaultlib.synapse_193
Compiling module xil_defaultlib.synapse_194
Compiling module xil_defaultlib.synapse_195
Compiling module xil_defaultlib.synapse_196
Compiling module xil_defaultlib.synapse_197
Compiling module xil_defaultlib.synapse_198
Compiling module xil_defaultlib.synapse_199
Compiling module xil_defaultlib.synapse_200
Compiling module xil_defaultlib.synapse_201
Compiling module xil_defaultlib.synapse_202
Compiling module xil_defaultlib.synapse_203
Compiling module xil_defaultlib.synapse_204
Compiling module xil_defaultlib.synapse_205
Compiling module xil_defaultlib.synapse_206
Compiling module xil_defaultlib.synapse_207
Compiling module xil_defaultlib.synapse_208
Compiling module xil_defaultlib.synapse_209
Compiling module xil_defaultlib.synapse_210
Compiling module xil_defaultlib.synapse_211
Compiling module xil_defaultlib.synapse_212
Compiling module xil_defaultlib.synapse_213
Compiling module xil_defaultlib.synapse_214
Compiling module xil_defaultlib.synapse_215
Compiling module xil_defaultlib.synapse_216
Compiling module xil_defaultlib.synapse_217
Compiling module xil_defaultlib.synapse_218
Compiling module xil_defaultlib.synapse_219
Compiling module xil_defaultlib.synapse_220
Compiling module xil_defaultlib.synapse_221
Compiling module xil_defaultlib.synapse_222
Compiling module xil_defaultlib.synapse_223
Compiling module xil_defaultlib.synapse_224
Compiling module xil_defaultlib.synapse_225
Compiling module xil_defaultlib.synapse_226
Compiling module xil_defaultlib.synapse_227
Compiling module xil_defaultlib.synapse_228
Compiling module xil_defaultlib.synapse_229
Compiling module xil_defaultlib.synapse_230
Compiling module xil_defaultlib.synapse_231
Compiling module xil_defaultlib.synapse_232
Compiling module xil_defaultlib.synapse_233
Compiling module xil_defaultlib.synapse_234
Compiling module xil_defaultlib.synapse_235
Compiling module xil_defaultlib.synapse_236
Compiling module xil_defaultlib.synapse_237
Compiling module xil_defaultlib.synapse_238
Compiling module xil_defaultlib.synapse_239
Compiling module xil_defaultlib.synapse_240
Compiling module xil_defaultlib.synapse_241
Compiling module xil_defaultlib.synapse_242
Compiling module xil_defaultlib.synapse_243
Compiling module xil_defaultlib.synapse_244
Compiling module xil_defaultlib.synapse_245
Compiling module xil_defaultlib.synapse_246
Compiling module xil_defaultlib.synapse_247
Compiling module xil_defaultlib.synapse_248
Compiling module xil_defaultlib.synapse_249
Compiling module xil_defaultlib.synapse_250
Compiling module xil_defaultlib.synapse_251
Compiling module xil_defaultlib.synapse_252
Compiling module xil_defaultlib.synapse_253
Compiling module xil_defaultlib.synapse_254
Compiling module xil_defaultlib.synapse_255
Compiling module xil_defaultlib.synapse_array
Compiling module xil_defaultlib.xbar_scheduler
Compiling module xil_defaultlib.top
Compiling module xil_defaultlib.glbl
Built simulation snapshot top_time_impl
run_program: Time (s): cpu = 00:00:08 ; elapsed = 00:01:32 . Memory (MB): peak = 2559.086 ; gain = 0.000
INFO: [USF-XSim-69] 'elaborate' step finished in '92' seconds
INFO: [USF-XSim-4] XSim::Simulate design
INFO: [USF-XSim-61] Executing 'SIMULATE' step in 'C:/Users/andre/Desktop/snn-fpga/vivado/snn_fpga/snn_fpga.sim/sim_1/impl/timing/xsim'
INFO: [USF-XSim-98] *** Running xsim
   with args "top_time_impl -key {Post-Implementation:sim_1:Timing:top} -tclbatch {top.tcl} -view {C:/Users/andre/Desktop/snn-fpga/vivado/snn_fpga/top_behav.wcfg} -log {simulate.log}"
INFO: [USF-XSim-8] Loading simulator feature
Time resolution is 1 ps
open_wave_config C:/Users/andre/Desktop/snn-fpga/vivado/snn_fpga/top_behav.wcfg
WARNING: Simulation object /top/bram_streamer_0/lif_bram_0/tile_idx_x was not found in the design.
WARNING: Simulation object /top/bram_streamer_0/lif_bram_0/tile_idx_y was not found in the design.
WARNING: Simulation object /top/lif_array_0/spk_in was not found in the design.
source top.tcl
INFO: [USF-XSim-96] XSim completed. Design snapshot 'top_time_impl' loaded.
INFO: [USF-XSim-97] XSim simulation ran for 1000ns
launch_simulation: Time (s): cpu = 00:00:53 ; elapsed = 00:02:10 . Memory (MB): peak = 2559.086 ; gain = 523.465
restart
INFO: [Wavedata 42-604] Simulation restarted
add_force {/top/clk} -radix hex {0 0ns} {1 5000ps} -repeat_every 10000ps
add_force {/top/sw} -radix hex {0 0ns}
run 100 us
run: Time (s): cpu = 00:00:03 ; elapsed = 00:00:08 . Memory (MB): peak = 2950.738 ; gain = 0.000
add_force {/top/sw} -radix hex {1 0ns}
run 100 us
WARNING: "C:/Xilinx/Vivado/2024.2/data/verilog/src/unisims/FDRE.v" Line 150: Timing violation in scope /top/bram_streamer_0/weight_bram_0/weight_fifo_push_reg/TChk150_29055 at time 4570381 ps $setuphold (posedge C,negedge D,(0:0:0),(0:0:0),notifier,in_clk_enable_p,in_clk_enable_p,C_dly,D_dly)  $setup violation detected. Time: 4570381 ps, Data Event Time Stamp: 4570381 ps, Ref Event Time Stamp: 4570204 ps, Limit: -45 ps
WARNING: "C:/Xilinx/Vivado/2024.2/data/verilog/src/unisims/FDRE.v" Line 150: Timing violation in scope /top/bram_streamer_0/weight_bram_0/weight_fifo_push_reg/TChk150_29055 at time 4570381 ps $setuphold (posedge C,negedge D,(0:0:0),(0:0:0),notifier,in_clk_enable_p,in_clk_enable_p,C_dly,D_dly)  $hold violation detected. Time: 4570381 ps, Ref Event Time Stamp: 4570204 ps, Data Event Time Stamp: 4570381 ps, Limit: 241 ps
WARNING: "C:/Xilinx/Vivado/2024.2/data/verilog/src/unisims/FDRE.v" Line 153: Timing violation in scope /top/bram_streamer_0/weight_bram_0/bram_en_reg/TChk153_29058 at time 4590394 ps $setuphold (posedge C,posedge D,(0:0:0),(0:0:0),notifier,in_clk_enable_p,in_clk_enable_p,C_dly,D_dly)  $setup violation detected. Time: 4590394 ps, Data Event Time Stamp: 4590394 ps, Ref Event Time Stamp: 4590198 ps, Limit: -45 ps
WARNING: "C:/Xilinx/Vivado/2024.2/data/verilog/src/unisims/FDRE.v" Line 153: Timing violation in scope /top/bram_streamer_0/weight_bram_0/bram_en_reg/TChk153_29058 at time 4590394 ps $setuphold (posedge C,posedge D,(0:0:0),(0:0:0),notifier,in_clk_enable_p,in_clk_enable_p,C_dly,D_dly)  $hold violation detected. Time: 4590394 ps, Ref Event Time Stamp: 4590198 ps, Data Event Time Stamp: 4590394 ps, Limit: 241 ps
WARNING: "C:/Xilinx/Vivado/2024.2/data/verilog/src/unisims/FDRE.v" Line 150: Timing violation in scope /top/bram_streamer_0/weight_bram_0/weight_fifo_push_reg/TChk150_29055 at time 4590400 ps $setuphold (posedge C,negedge D,(0:0:0),(0:0:0),notifier,in_clk_enable_p,in_clk_enable_p,C_dly,D_dly)  $setup violation detected. Time: 4590400 ps, Data Event Time Stamp: 4590400 ps, Ref Event Time Stamp: 4590204 ps, Limit: -45 ps
WARNING: "C:/Xilinx/Vivado/2024.2/data/verilog/src/unisims/FDRE.v" Line 150: Timing violation in scope /top/bram_streamer_0/weight_bram_0/weight_fifo_push_reg/TChk150_29055 at time 4590400 ps $setuphold (posedge C,negedge D,(0:0:0),(0:0:0),notifier,in_clk_enable_p,in_clk_enable_p,C_dly,D_dly)  $hold violation detected. Time: 4590400 ps, Ref Event Time Stamp: 4590204 ps, Data Event Time Stamp: 4590400 ps, Limit: 241 ps
WARNING: "C:/Xilinx/Vivado/2024.2/data/verilog/src/unisims/FDRE.v" Line 153: Timing violation in scope /top/bram_streamer_0/weight_bram_0/weight_fifo_push_reg/TChk153_29058 at time 4600400 ps $setuphold (posedge C,posedge D,(0:0:0),(0:0:0),notifier,in_clk_enable_p,in_clk_enable_p,C_dly,D_dly)  $setup violation detected. Time: 4600400 ps, Data Event Time Stamp: 4600400 ps, Ref Event Time Stamp: 4600204 ps, Limit: -45 ps
WARNING: "C:/Xilinx/Vivado/2024.2/data/verilog/src/unisims/FDRE.v" Line 153: Timing violation in scope /top/bram_streamer_0/weight_bram_0/weight_fifo_push_reg/TChk153_29058 at time 4600400 ps $setuphold (posedge C,posedge D,(0:0:0),(0:0:0),notifier,in_clk_enable_p,in_clk_enable_p,C_dly,D_dly)  $hold violation detected. Time: 4600400 ps, Ref Event Time Stamp: 4600204 ps, Data Event Time Stamp: 4600400 ps, Limit: 241 ps
WARNING: "C:/Xilinx/Vivado/2024.2/data/verilog/src/unisims/FDRE.v" Line 150: Timing violation in scope /top/bram_streamer_0/weight_bram_0/weight_fifo_push_reg/TChk150_29055 at time 4620381 ps $setuphold (posedge C,negedge D,(0:0:0),(0:0:0),notifier,in_clk_enable_p,in_clk_enable_p,C_dly,D_dly)  $setup violation detected. Time: 4620381 ps, Data Event Time Stamp: 4620381 ps, Ref Event Time Stamp: 4620204 ps, Limit: -45 ps
WARNING: "C:/Xilinx/Vivado/2024.2/data/verilog/src/unisims/FDRE.v" Line 150: Timing violation in scope /top/bram_streamer_0/weight_bram_0/weight_fifo_push_reg/TChk150_29055 at time 4620381 ps $setuphold (posedge C,negedge D,(0:0:0),(0:0:0),notifier,in_clk_enable_p,in_clk_enable_p,C_dly,D_dly)  $hold violation detected. Time: 4620381 ps, Ref Event Time Stamp: 4620204 ps, Data Event Time Stamp: 4620381 ps, Limit: 241 ps
WARNING: "C:/Xilinx/Vivado/2024.2/data/verilog/src/unisims/FDRE.v" Line 153: Timing violation in scope /top/bram_streamer_0/weight_bram_0/bram_en_reg/TChk153_29058 at time 4780394 ps $setuphold (posedge C,posedge D,(0:0:0),(0:0:0),notifier,in_clk_enable_p,in_clk_enable_p,C_dly,D_dly)  $setup violation detected. Time: 4780394 ps, Data Event Time Stamp: 4780394 ps, Ref Event Time Stamp: 4780198 ps, Limit: -45 ps
WARNING: "C:/Xilinx/Vivado/2024.2/data/verilog/src/unisims/FDRE.v" Line 153: Timing violation in scope /top/bram_streamer_0/weight_bram_0/bram_en_reg/TChk153_29058 at time 4780394 ps $setuphold (posedge C,posedge D,(0:0:0),(0:0:0),notifier,in_clk_enable_p,in_clk_enable_p,C_dly,D_dly)  $hold violation detected. Time: 4780394 ps, Ref Event Time Stamp: 4780198 ps, Data Event Time Stamp: 4780394 ps, Limit: 241 ps
WARNING: "C:/Xilinx/Vivado/2024.2/data/verilog/src/unisims/FDRE.v" Line 150: Timing violation in scope /top/bram_streamer_0/weight_bram_0/weight_fifo_push_reg/TChk150_29055 at time 4780400 ps $setuphold (posedge C,negedge D,(0:0:0),(0:0:0),notifier,in_clk_enable_p,in_clk_enable_p,C_dly,D_dly)  $setup violation detected. Time: 4780400 ps, Data Event Time Stamp: 4780400 ps, Ref Event Time Stamp: 4780204 ps, Limit: -45 ps
WARNING: "C:/Xilinx/Vivado/2024.2/data/verilog/src/unisims/FDRE.v" Line 150: Timing violation in scope /top/bram_streamer_0/weight_bram_0/weight_fifo_push_reg/TChk150_29055 at time 4780400 ps $setuphold (posedge C,negedge D,(0:0:0),(0:0:0),notifier,in_clk_enable_p,in_clk_enable_p,C_dly,D_dly)  $hold violation detected. Time: 4780400 ps, Ref Event Time Stamp: 4780204 ps, Data Event Time Stamp: 4780400 ps, Limit: 241 ps
WARNING: "C:/Xilinx/Vivado/2024.2/data/verilog/src/unisims/RAMB18E1.v" Line 989: Timing violation in scope /top/bram_streamer_0/bram1/mem_reg/TChk989_24102 at time 4810131 ps $setuphold (posedge CLKARDCLK,posedge REGCEAREGCE,(0:0:0),(0:0:0),notifier_a,clkardclk_en_p,clkardclk_en_p,CLKARDCLK_delay,REGCEAREGCE_delay)  $setup violation detected. Time: 4810131 ps, Data Event Time Stamp: 4809885 ps, Ref Event Time Stamp: 4810131 ps, Limit: 360 ps
WARNING: "C:/Xilinx/Vivado/2024.2/data/verilog/src/unisims/RAMB18E1.v" Line 990: Timing violation in scope /top/bram_streamer_0/bram1/mem_reg/TChk990_24103 at time 4820131 ps $setuphold (posedge CLKARDCLK,negedge REGCEAREGCE,(0:0:0),(0:0:0),notifier_a,clkardclk_en_p,clkardclk_en_p,CLKARDCLK_delay,REGCEAREGCE_delay)  $setup violation detected. Time: 4820131 ps, Data Event Time Stamp: 4819925 ps, Ref Event Time Stamp: 4820131 ps, Limit: 360 ps
WARNING: "C:/Xilinx/Vivado/2024.2/data/verilog/src/unisims/FDRE.v" Line 153: Timing violation in scope /top/bram_streamer_0/lif_bram_0/mem_done_reg/TChk153_29058 at time 4820447 ps $setuphold (posedge C,posedge D,(0:0:0),(0:0:0),notifier,in_clk_enable_p,in_clk_enable_p,C_dly,D_dly)  $setup violation detected. Time: 4820447 ps, Data Event Time Stamp: 4820447 ps, Ref Event Time Stamp: 4820245 ps, Limit: -60 ps
WARNING: "C:/Xilinx/Vivado/2024.2/data/verilog/src/unisims/FDRE.v" Line 153: Timing violation in scope /top/bram_streamer_0/lif_bram_0/mem_done_reg/TChk153_29058 at time 4820447 ps $setuphold (posedge C,posedge D,(0:0:0),(0:0:0),notifier,in_clk_enable_p,in_clk_enable_p,C_dly,D_dly)  $hold violation detected. Time: 4820447 ps, Ref Event Time Stamp: 4820245 ps, Data Event Time Stamp: 4820447 ps, Limit: 241 ps
WARNING: "C:/Xilinx/Vivado/2024.2/data/verilog/src/unisims/FDRE.v" Line 150: Timing violation in scope /top/bram_streamer_0/lif_bram_0/mem_done_reg/TChk150_29055 at time 4830447 ps $setuphold (posedge C,negedge D,(0:0:0),(0:0:0),notifier,in_clk_enable_p,in_clk_enable_p,C_dly,D_dly)  $setup violation detected. Time: 4830447 ps, Data Event Time Stamp: 4830447 ps, Ref Event Time Stamp: 4830245 ps, Limit: -60 ps
WARNING: "C:/Xilinx/Vivado/2024.2/data/verilog/src/unisims/FDRE.v" Line 150: Timing violation in scope /top/bram_streamer_0/lif_bram_0/mem_done_reg/TChk150_29055 at time 4830447 ps $setuphold (posedge C,negedge D,(0:0:0),(0:0:0),notifier,in_clk_enable_p,in_clk_enable_p,C_dly,D_dly)  $hold violation detected. Time: 4830447 ps, Ref Event Time Stamp: 4830245 ps, Data Event Time Stamp: 4830447 ps, Limit: 241 ps
WARNING: "C:/Xilinx/Vivado/2024.2/data/verilog/src/unisims/RAMB36E1.v" Line 1347: Timing violation in scope /top/bram_streamer_0/bram0/mem_reg/TChk1347_23798 at time 4910131 ps $setuphold (posedge CLKARDCLK,negedge ENARDEN,(0:0:0),(0:0:0),notifier_a,clkardclk_en_p,clkardclk_en_p,CLKARDCLK_delay,ENARDEN_delay)  $setup violation detected. Time: 4910131 ps, Data Event Time Stamp: 4909898 ps, Ref Event Time Stamp: 4910131 ps, Limit: 443 ps
WARNING: "C:/Xilinx/Vivado/2024.2/data/verilog/src/unisims/FDRE.v" Line 153: Timing violation in scope /top/bram_streamer_0/weight_bram_0/weight_fifo_push_reg/TChk153_29058 at time 4940400 ps $setuphold (posedge C,posedge D,(0:0:0),(0:0:0),notifier,in_clk_enable_p,in_clk_enable_p,C_dly,D_dly)  $setup violation detected. Time: 4940400 ps, Data Event Time Stamp: 4940400 ps, Ref Event Time Stamp: 4940204 ps, Limit: -45 ps
WARNING: "C:/Xilinx/Vivado/2024.2/data/verilog/src/unisims/FDRE.v" Line 153: Timing violation in scope /top/bram_streamer_0/weight_bram_0/weight_fifo_push_reg/TChk153_29058 at time 4940400 ps $setuphold (posedge C,posedge D,(0:0:0),(0:0:0),notifier,in_clk_enable_p,in_clk_enable_p,C_dly,D_dly)  $hold violation detected. Time: 4940400 ps, Ref Event Time Stamp: 4940204 ps, Data Event Time Stamp: 4940400 ps, Limit: 241 ps
WARNING: "C:/Xilinx/Vivado/2024.2/data/verilog/src/unisims/FDRE.v" Line 150: Timing violation in scope /top/bram_streamer_0/weight_bram_0/weight_fifo_push_reg/TChk150_29055 at time 4960381 ps $setuphold (posedge C,negedge D,(0:0:0),(0:0:0),notifier,in_clk_enable_p,in_clk_enable_p,C_dly,D_dly)  $setup violation detected. Time: 4960381 ps, Data Event Time Stamp: 4960381 ps, Ref Event Time Stamp: 4960204 ps, Limit: -45 ps
WARNING: "C:/Xilinx/Vivado/2024.2/data/verilog/src/unisims/FDRE.v" Line 150: Timing violation in scope /top/bram_streamer_0/weight_bram_0/weight_fifo_push_reg/TChk150_29055 at time 4960381 ps $setuphold (posedge C,negedge D,(0:0:0),(0:0:0),notifier,in_clk_enable_p,in_clk_enable_p,C_dly,D_dly)  $hold violation detected. Time: 4960381 ps, Ref Event Time Stamp: 4960204 ps, Data Event Time Stamp: 4960381 ps, Limit: 241 ps
WARNING: "C:/Xilinx/Vivado/2024.2/data/verilog/src/unisims/FDRE.v" Line 153: Timing violation in scope /top/bram_streamer_0/weight_bram_0/bram_en_reg/TChk153_29058 at time 4980394 ps $setuphold (posedge C,posedge D,(0:0:0),(0:0:0),notifier,in_clk_enable_p,in_clk_enable_p,C_dly,D_dly)  $setup violation detected. Time: 4980394 ps, Data Event Time Stamp: 4980394 ps, Ref Event Time Stamp: 4980198 ps, Limit: -45 ps
WARNING: "C:/Xilinx/Vivado/2024.2/data/verilog/src/unisims/FDRE.v" Line 153: Timing violation in scope /top/bram_streamer_0/weight_bram_0/bram_en_reg/TChk153_29058 at time 4980394 ps $setuphold (posedge C,posedge D,(0:0:0),(0:0:0),notifier,in_clk_enable_p,in_clk_enable_p,C_dly,D_dly)  $hold violation detected. Time: 4980394 ps, Ref Event Time Stamp: 4980198 ps, Data Event Time Stamp: 4980394 ps, Limit: 241 ps
WARNING: "C:/Xilinx/Vivado/2024.2/data/verilog/src/unisims/FDRE.v" Line 150: Timing violation in scope /top/bram_streamer_0/weight_bram_0/weight_fifo_push_reg/TChk150_29055 at time 4980400 ps $setuphold (posedge C,negedge D,(0:0:0),(0:0:0),notifier,in_clk_enable_p,in_clk_enable_p,C_dly,D_dly)  $setup violation detected. Time: 4980400 ps, Data Event Time Stamp: 4980400 ps, Ref Event Time Stamp: 4980204 ps, Limit: -45 ps
WARNING: "C:/Xilinx/Vivado/2024.2/data/verilog/src/unisims/FDRE.v" Line 150: Timing violation in scope /top/bram_streamer_0/weight_bram_0/weight_fifo_push_reg/TChk150_29055 at time 4980400 ps $setuphold (posedge C,negedge D,(0:0:0),(0:0:0),notifier,in_clk_enable_p,in_clk_enable_p,C_dly,D_dly)  $hold violation detected. Time: 4980400 ps, Ref Event Time Stamp: 4980204 ps, Data Event Time Stamp: 4980400 ps, Limit: 241 ps
WARNING: "C:/Xilinx/Vivado/2024.2/data/verilog/src/unisims/FDRE.v" Line 153: Timing violation in scope /top/bram_streamer_0/weight_bram_0/weight_fifo_push_reg/TChk153_29058 at time 4990400 ps $setuphold (posedge C,posedge D,(0:0:0),(0:0:0),notifier,in_clk_enable_p,in_clk_enable_p,C_dly,D_dly)  $setup violation detected. Time: 4990400 ps, Data Event Time Stamp: 4990400 ps, Ref Event Time Stamp: 4990204 ps, Limit: -45 ps
WARNING: "C:/Xilinx/Vivado/2024.2/data/verilog/src/unisims/FDRE.v" Line 153: Timing violation in scope /top/bram_streamer_0/weight_bram_0/weight_fifo_push_reg/TChk153_29058 at time 4990400 ps $setuphold (posedge C,posedge D,(0:0:0),(0:0:0),notifier,in_clk_enable_p,in_clk_enable_p,C_dly,D_dly)  $hold violation detected. Time: 4990400 ps, Ref Event Time Stamp: 4990204 ps, Data Event Time Stamp: 4990400 ps, Limit: 241 ps
WARNING: "C:/Xilinx/Vivado/2024.2/data/verilog/src/unisims/FDRE.v" Line 150: Timing violation in scope /top/bram_streamer_0/weight_bram_0/weight_fifo_push_reg/TChk150_29055 at time 5010381 ps $setuphold (posedge C,negedge D,(0:0:0),(0:0:0),notifier,in_clk_enable_p,in_clk_enable_p,C_dly,D_dly)  $setup violation detected. Time: 5010381 ps, Data Event Time Stamp: 5010381 ps, Ref Event Time Stamp: 5010204 ps, Limit: -45 ps
WARNING: "C:/Xilinx/Vivado/2024.2/data/verilog/src/unisims/FDRE.v" Line 150: Timing violation in scope /top/bram_streamer_0/weight_bram_0/weight_fifo_push_reg/TChk150_29055 at time 5010381 ps $setuphold (posedge C,negedge D,(0:0:0),(0:0:0),notifier,in_clk_enable_p,in_clk_enable_p,C_dly,D_dly)  $hold violation detected. Time: 5010381 ps, Ref Event Time Stamp: 5010204 ps, Data Event Time Stamp: 5010381 ps, Limit: 241 ps
WARNING: "C:/Xilinx/Vivado/2024.2/data/verilog/src/unisims/FDRE.v" Line 153: Timing violation in scope /top/bram_streamer_0/weight_bram_0/bram_en_reg/TChk153_29058 at time 5170394 ps $setuphold (posedge C,posedge D,(0:0:0),(0:0:0),notifier,in_clk_enable_p,in_clk_enable_p,C_dly,D_dly)  $setup violation detected. Time: 5170394 ps, Data Event Time Stamp: 5170394 ps, Ref Event Time Stamp: 5170198 ps, Limit: -45 ps
WARNING: "C:/Xilinx/Vivado/2024.2/data/verilog/src/unisims/FDRE.v" Line 153: Timing violation in scope /top/bram_streamer_0/weight_bram_0/bram_en_reg/TChk153_29058 at time 5170394 ps $setuphold (posedge C,posedge D,(0:0:0),(0:0:0),notifier,in_clk_enable_p,in_clk_enable_p,C_dly,D_dly)  $hold violation detected. Time: 5170394 ps, Ref Event Time Stamp: 5170198 ps, Data Event Time Stamp: 5170394 ps, Limit: 241 ps
WARNING: "C:/Xilinx/Vivado/2024.2/data/verilog/src/unisims/FDRE.v" Line 150: Timing violation in scope /top/bram_streamer_0/weight_bram_0/weight_fifo_push_reg/TChk150_29055 at time 5170400 ps $setuphold (posedge C,negedge D,(0:0:0),(0:0:0),notifier,in_clk_enable_p,in_clk_enable_p,C_dly,D_dly)  $setup violation detected. Time: 5170400 ps, Data Event Time Stamp: 5170400 ps, Ref Event Time Stamp: 5170204 ps, Limit: -45 ps
WARNING: "C:/Xilinx/Vivado/2024.2/data/verilog/src/unisims/FDRE.v" Line 150: Timing violation in scope /top/bram_streamer_0/weight_bram_0/weight_fifo_push_reg/TChk150_29055 at time 5170400 ps $setuphold (posedge C,negedge D,(0:0:0),(0:0:0),notifier,in_clk_enable_p,in_clk_enable_p,C_dly,D_dly)  $hold violation detected. Time: 5170400 ps, Ref Event Time Stamp: 5170204 ps, Data Event Time Stamp: 5170400 ps, Limit: 241 ps
WARNING: "C:/Xilinx/Vivado/2024.2/data/verilog/src/unisims/RAMB18E1.v" Line 989: Timing violation in scope /top/bram_streamer_0/bram1/mem_reg/TChk989_24102 at time 5200131 ps $setuphold (posedge CLKARDCLK,posedge REGCEAREGCE,(0:0:0),(0:0:0),notifier_a,clkardclk_en_p,clkardclk_en_p,CLKARDCLK_delay,REGCEAREGCE_delay)  $setup violation detected. Time: 5200131 ps, Data Event Time Stamp: 5199885 ps, Ref Event Time Stamp: 5200131 ps, Limit: 360 ps
WARNING: "C:/Xilinx/Vivado/2024.2/data/verilog/src/unisims/RAMB18E1.v" Line 990: Timing violation in scope /top/bram_streamer_0/bram1/mem_reg/TChk990_24103 at time 5210131 ps $setuphold (posedge CLKARDCLK,negedge REGCEAREGCE,(0:0:0),(0:0:0),notifier_a,clkardclk_en_p,clkardclk_en_p,CLKARDCLK_delay,REGCEAREGCE_delay)  $setup violation detected. Time: 5210131 ps, Data Event Time Stamp: 5209925 ps, Ref Event Time Stamp: 5210131 ps, Limit: 360 ps
WARNING: "C:/Xilinx/Vivado/2024.2/data/verilog/src/unisims/FDRE.v" Line 153: Timing violation in scope /top/bram_streamer_0/lif_bram_0/mem_done_reg/TChk153_29058 at time 5210447 ps $setuphold (posedge C,posedge D,(0:0:0),(0:0:0),notifier,in_clk_enable_p,in_clk_enable_p,C_dly,D_dly)  $setup violation detected. Time: 5210447 ps, Data Event Time Stamp: 5210447 ps, Ref Event Time Stamp: 5210245 ps, Limit: -60 ps
WARNING: "C:/Xilinx/Vivado/2024.2/data/verilog/src/unisims/FDRE.v" Line 153: Timing violation in scope /top/bram_streamer_0/lif_bram_0/mem_done_reg/TChk153_29058 at time 5210447 ps $setuphold (posedge C,posedge D,(0:0:0),(0:0:0),notifier,in_clk_enable_p,in_clk_enable_p,C_dly,D_dly)  $hold violation detected. Time: 5210447 ps, Ref Event Time Stamp: 5210245 ps, Data Event Time Stamp: 5210447 ps, Limit: 241 ps
WARNING: "C:/Xilinx/Vivado/2024.2/data/verilog/src/unisims/FDRE.v" Line 150: Timing violation in scope /top/bram_streamer_0/lif_bram_0/mem_done_reg/TChk150_29055 at time 5220447 ps $setuphold (posedge C,negedge D,(0:0:0),(0:0:0),notifier,in_clk_enable_p,in_clk_enable_p,C_dly,D_dly)  $setup violation detected. Time: 5220447 ps, Data Event Time Stamp: 5220447 ps, Ref Event Time Stamp: 5220245 ps, Limit: -60 ps
WARNING: "C:/Xilinx/Vivado/2024.2/data/verilog/src/unisims/FDRE.v" Line 150: Timing violation in scope /top/bram_streamer_0/lif_bram_0/mem_done_reg/TChk150_29055 at time 5220447 ps $setuphold (posedge C,negedge D,(0:0:0),(0:0:0),notifier,in_clk_enable_p,in_clk_enable_p,C_dly,D_dly)  $hold violation detected. Time: 5220447 ps, Ref Event Time Stamp: 5220245 ps, Data Event Time Stamp: 5220447 ps, Limit: 241 ps
WARNING: "C:/Xilinx/Vivado/2024.2/data/verilog/src/unisims/FDRE.v" Line 153: Timing violation in scope /top/bram_streamer_0/tile_idx_bram_0/addr_reg__11/TChk153_29058 at time 5280383 ps $setuphold (posedge C,posedge D,(0:0:0),(0:0:0),notifier,in_clk_enable_p,in_clk_enable_p,C_dly,D_dly)  $setup violation detected. Time: 5280383 ps, Data Event Time Stamp: 5280383 ps, Ref Event Time Stamp: 5280245 ps, Limit: -60 ps
WARNING: "C:/Xilinx/Vivado/2024.2/data/verilog/src/unisims/FDRE.v" Line 153: Timing violation in scope /top/bram_streamer_0/tile_idx_bram_0/addr_reg__11/TChk153_29058 at time 5280383 ps $setuphold (posedge C,posedge D,(0:0:0),(0:0:0),notifier,in_clk_enable_p,in_clk_enable_p,C_dly,D_dly)  $hold violation detected. Time: 5280383 ps, Ref Event Time Stamp: 5280245 ps, Data Event Time Stamp: 5280383 ps, Limit: 262 ps
WARNING: "C:/Xilinx/Vivado/2024.2/data/verilog/src/unisims/FDRE.v" Line 149: Timing violation in scope /top/bram_streamer_0/tile_idx_bram_0/addr_reg__11/TChk149_29054 at time 5290245 ps $setuphold (posedge C,negedge CE,(0:0:0),(0:0:0),notifier,ce_clk_enable_p,ce_clk_enable_p,C_dly,CE_dly)  $hold violation detected. Time: 5290245 ps, Ref Event Time Stamp: 5290245 ps, Data Event Time Stamp: 5290178 ps, Limit: -5 ps
WARNING: "C:/Xilinx/Vivado/2024.2/data/verilog/src/unisims/FDRE.v" Line 149: Timing violation in scope /top/bram_streamer_0/tile_idx_bram_0/addr_reg__11/TChk149_29054 at time 5290245 ps $setuphold (posedge C,negedge CE,(0:0:0),(0:0:0),notifier,ce_clk_enable_p,ce_clk_enable_p,C_dly,CE_dly)  $setup violation detected. Time: 5290245 ps, Data Event Time Stamp: 5290178 ps, Ref Event Time Stamp: 5290245 ps, Limit: 109 ps
WARNING: "C:/Xilinx/Vivado/2024.2/data/verilog/src/unisims/RAMB36E1.v" Line 1347: Timing violation in scope /top/bram_streamer_0/bram0/mem_reg/TChk1347_23798 at time 5300131 ps $setuphold (posedge CLKARDCLK,negedge ENARDEN,(0:0:0),(0:0:0),notifier_a,clkardclk_en_p,clkardclk_en_p,CLKARDCLK_delay,ENARDEN_delay)  $setup violation detected. Time: 5300131 ps, Data Event Time Stamp: 5299898 ps, Ref Event Time Stamp: 5300131 ps, Limit: 443 ps
WARNING: "C:/Xilinx/Vivado/2024.2/data/verilog/src/unisims/FDRE.v" Line 153: Timing violation in scope /top/bram_streamer_0/weight_bram_0/weight_fifo_push_reg/TChk153_29058 at time 5330400 ps $setuphold (posedge C,posedge D,(0:0:0),(0:0:0),notifier,in_clk_enable_p,in_clk_enable_p,C_dly,D_dly)  $setup violation detected. Time: 5330400 ps, Data Event Time Stamp: 5330400 ps, Ref Event Time Stamp: 5330204 ps, Limit: -45 ps
WARNING: "C:/Xilinx/Vivado/2024.2/data/verilog/src/unisims/FDRE.v" Line 153: Timing violation in scope /top/bram_streamer_0/weight_bram_0/weight_fifo_push_reg/TChk153_29058 at time 5330400 ps $setuphold (posedge C,posedge D,(0:0:0),(0:0:0),notifier,in_clk_enable_p,in_clk_enable_p,C_dly,D_dly)  $hold violation detected. Time: 5330400 ps, Ref Event Time Stamp: 5330204 ps, Data Event Time Stamp: 5330400 ps, Limit: 241 ps
WARNING: "C:/Xilinx/Vivado/2024.2/data/verilog/src/unisims/FDRE.v" Line 150: Timing violation in scope /top/bram_streamer_0/weight_bram_0/weight_fifo_push_reg/TChk150_29055 at time 5350381 ps $setuphold (posedge C,negedge D,(0:0:0),(0:0:0),notifier,in_clk_enable_p,in_clk_enable_p,C_dly,D_dly)  $setup violation detected. Time: 5350381 ps, Data Event Time Stamp: 5350381 ps, Ref Event Time Stamp: 5350204 ps, Limit: -45 ps
WARNING: "C:/Xilinx/Vivado/2024.2/data/verilog/src/unisims/FDRE.v" Line 150: Timing violation in scope /top/bram_streamer_0/weight_bram_0/weight_fifo_push_reg/TChk150_29055 at time 5350381 ps $setuphold (posedge C,negedge D,(0:0:0),(0:0:0),notifier,in_clk_enable_p,in_clk_enable_p,C_dly,D_dly)  $hold violation detected. Time: 5350381 ps, Ref Event Time Stamp: 5350204 ps, Data Event Time Stamp: 5350381 ps, Limit: 241 ps
WARNING: "C:/Xilinx/Vivado/2024.2/data/verilog/src/unisims/FDRE.v" Line 153: Timing violation in scope /top/bram_streamer_0/weight_bram_0/bram_en_reg/TChk153_29058 at time 5370394 ps $setuphold (posedge C,posedge D,(0:0:0),(0:0:0),notifier,in_clk_enable_p,in_clk_enable_p,C_dly,D_dly)  $setup violation detected. Time: 5370394 ps, Data Event Time Stamp: 5370394 ps, Ref Event Time Stamp: 5370198 ps, Limit: -45 ps
WARNING: "C:/Xilinx/Vivado/2024.2/data/verilog/src/unisims/FDRE.v" Line 153: Timing violation in scope /top/bram_streamer_0/weight_bram_0/bram_en_reg/TChk153_29058 at time 5370394 ps $setuphold (posedge C,posedge D,(0:0:0),(0:0:0),notifier,in_clk_enable_p,in_clk_enable_p,C_dly,D_dly)  $hold violation detected. Time: 5370394 ps, Ref Event Time Stamp: 5370198 ps, Data Event Time Stamp: 5370394 ps, Limit: 241 ps
WARNING: "C:/Xilinx/Vivado/2024.2/data/verilog/src/unisims/FDRE.v" Line 150: Timing violation in scope /top/bram_streamer_0/weight_bram_0/weight_fifo_push_reg/TChk150_29055 at time 5370400 ps $setuphold (posedge C,negedge D,(0:0:0),(0:0:0),notifier,in_clk_enable_p,in_clk_enable_p,C_dly,D_dly)  $setup violation detected. Time: 5370400 ps, Data Event Time Stamp: 5370400 ps, Ref Event Time Stamp: 5370204 ps, Limit: -45 ps
WARNING: "C:/Xilinx/Vivado/2024.2/data/verilog/src/unisims/FDRE.v" Line 150: Timing violation in scope /top/bram_streamer_0/weight_bram_0/weight_fifo_push_reg/TChk150_29055 at time 5370400 ps $setuphold (posedge C,negedge D,(0:0:0),(0:0:0),notifier,in_clk_enable_p,in_clk_enable_p,C_dly,D_dly)  $hold violation detected. Time: 5370400 ps, Ref Event Time Stamp: 5370204 ps, Data Event Time Stamp: 5370400 ps, Limit: 241 ps
WARNING: "C:/Xilinx/Vivado/2024.2/data/verilog/src/unisims/FDRE.v" Line 153: Timing violation in scope /top/bram_streamer_0/weight_bram_0/weight_fifo_push_reg/TChk153_29058 at time 5380400 ps $setuphold (posedge C,posedge D,(0:0:0),(0:0:0),notifier,in_clk_enable_p,in_clk_enable_p,C_dly,D_dly)  $setup violation detected. Time: 5380400 ps, Data Event Time Stamp: 5380400 ps, Ref Event Time Stamp: 5380204 ps, Limit: -45 ps
WARNING: "C:/Xilinx/Vivado/2024.2/data/verilog/src/unisims/FDRE.v" Line 153: Timing violation in scope /top/bram_streamer_0/weight_bram_0/weight_fifo_push_reg/TChk153_29058 at time 5380400 ps $setuphold (posedge C,posedge D,(0:0:0),(0:0:0),notifier,in_clk_enable_p,in_clk_enable_p,C_dly,D_dly)  $hold violation detected. Time: 5380400 ps, Ref Event Time Stamp: 5380204 ps, Data Event Time Stamp: 5380400 ps, Limit: 241 ps
WARNING: "C:/Xilinx/Vivado/2024.2/data/verilog/src/unisims/FDRE.v" Line 150: Timing violation in scope /top/bram_streamer_0/weight_bram_0/weight_fifo_push_reg/TChk150_29055 at time 5400381 ps $setuphold (posedge C,negedge D,(0:0:0),(0:0:0),notifier,in_clk_enable_p,in_clk_enable_p,C_dly,D_dly)  $setup violation detected. Time: 5400381 ps, Data Event Time Stamp: 5400381 ps, Ref Event Time Stamp: 5400204 ps, Limit: -45 ps
WARNING: "C:/Xilinx/Vivado/2024.2/data/verilog/src/unisims/FDRE.v" Line 150: Timing violation in scope /top/bram_streamer_0/weight_bram_0/weight_fifo_push_reg/TChk150_29055 at time 5400381 ps $setuphold (posedge C,negedge D,(0:0:0),(0:0:0),notifier,in_clk_enable_p,in_clk_enable_p,C_dly,D_dly)  $hold violation detected. Time: 5400381 ps, Ref Event Time Stamp: 5400204 ps, Data Event Time Stamp: 5400381 ps, Limit: 241 ps
WARNING: "C:/Xilinx/Vivado/2024.2/data/verilog/src/unisims/FDRE.v" Line 153: Timing violation in scope /top/bram_streamer_0/weight_bram_0/bram_en_reg/TChk153_29058 at time 5560394 ps $setuphold (posedge C,posedge D,(0:0:0),(0:0:0),notifier,in_clk_enable_p,in_clk_enable_p,C_dly,D_dly)  $setup violation detected. Time: 5560394 ps, Data Event Time Stamp: 5560394 ps, Ref Event Time Stamp: 5560198 ps, Limit: -45 ps
WARNING: "C:/Xilinx/Vivado/2024.2/data/verilog/src/unisims/FDRE.v" Line 153: Timing violation in scope /top/bram_streamer_0/weight_bram_0/bram_en_reg/TChk153_29058 at time 5560394 ps $setuphold (posedge C,posedge D,(0:0:0),(0:0:0),notifier,in_clk_enable_p,in_clk_enable_p,C_dly,D_dly)  $hold violation detected. Time: 5560394 ps, Ref Event Time Stamp: 5560198 ps, Data Event Time Stamp: 5560394 ps, Limit: 241 ps
WARNING: "C:/Xilinx/Vivado/2024.2/data/verilog/src/unisims/FDRE.v" Line 150: Timing violation in scope /top/bram_streamer_0/weight_bram_0/weight_fifo_push_reg/TChk150_29055 at time 5560400 ps $setuphold (posedge C,negedge D,(0:0:0),(0:0:0),notifier,in_clk_enable_p,in_clk_enable_p,C_dly,D_dly)  $setup violation detected. Time: 5560400 ps, Data Event Time Stamp: 5560400 ps, Ref Event Time Stamp: 5560204 ps, Limit: -45 ps
WARNING: "C:/Xilinx/Vivado/2024.2/data/verilog/src/unisims/FDRE.v" Line 150: Timing violation in scope /top/bram_streamer_0/weight_bram_0/weight_fifo_push_reg/TChk150_29055 at time 5560400 ps $setuphold (posedge C,negedge D,(0:0:0),(0:0:0),notifier,in_clk_enable_p,in_clk_enable_p,C_dly,D_dly)  $hold violation detected. Time: 5560400 ps, Ref Event Time Stamp: 5560204 ps, Data Event Time Stamp: 5560400 ps, Limit: 241 ps
WARNING: "C:/Xilinx/Vivado/2024.2/data/verilog/src/unisims/RAMB18E1.v" Line 989: Timing violation in scope /top/bram_streamer_0/bram1/mem_reg/TChk989_24102 at time 5590131 ps $setuphold (posedge CLKARDCLK,posedge REGCEAREGCE,(0:0:0),(0:0:0),notifier_a,clkardclk_en_p,clkardclk_en_p,CLKARDCLK_delay,REGCEAREGCE_delay)  $setup violation detected. Time: 5590131 ps, Data Event Time Stamp: 5589885 ps, Ref Event Time Stamp: 5590131 ps, Limit: 360 ps
WARNING: "C:/Xilinx/Vivado/2024.2/data/verilog/src/unisims/RAMB18E1.v" Line 990: Timing violation in scope /top/bram_streamer_0/bram1/mem_reg/TChk990_24103 at time 5600131 ps $setuphold (posedge CLKARDCLK,negedge REGCEAREGCE,(0:0:0),(0:0:0),notifier_a,clkardclk_en_p,clkardclk_en_p,CLKARDCLK_delay,REGCEAREGCE_delay)  $setup violation detected. Time: 5600131 ps, Data Event Time Stamp: 5599925 ps, Ref Event Time Stamp: 5600131 ps, Limit: 360 ps
WARNING: "C:/Xilinx/Vivado/2024.2/data/verilog/src/unisims/FDRE.v" Line 153: Timing violation in scope /top/bram_streamer_0/lif_bram_0/mem_done_reg/TChk153_29058 at time 5600447 ps $setuphold (posedge C,posedge D,(0:0:0),(0:0:0),notifier,in_clk_enable_p,in_clk_enable_p,C_dly,D_dly)  $setup violation detected. Time: 5600447 ps, Data Event Time Stamp: 5600447 ps, Ref Event Time Stamp: 5600245 ps, Limit: -60 ps
WARNING: "C:/Xilinx/Vivado/2024.2/data/verilog/src/unisims/FDRE.v" Line 153: Timing violation in scope /top/bram_streamer_0/lif_bram_0/mem_done_reg/TChk153_29058 at time 5600447 ps $setuphold (posedge C,posedge D,(0:0:0),(0:0:0),notifier,in_clk_enable_p,in_clk_enable_p,C_dly,D_dly)  $hold violation detected. Time: 5600447 ps, Ref Event Time Stamp: 5600245 ps, Data Event Time Stamp: 5600447 ps, Limit: 241 ps
WARNING: "C:/Xilinx/Vivado/2024.2/data/verilog/src/unisims/FDRE.v" Line 150: Timing violation in scope /top/bram_streamer_0/lif_bram_0/mem_done_reg/TChk150_29055 at time 5610447 ps $setuphold (posedge C,negedge D,(0:0:0),(0:0:0),notifier,in_clk_enable_p,in_clk_enable_p,C_dly,D_dly)  $setup violation detected. Time: 5610447 ps, Data Event Time Stamp: 5610447 ps, Ref Event Time Stamp: 5610245 ps, Limit: -60 ps
WARNING: "C:/Xilinx/Vivado/2024.2/data/verilog/src/unisims/FDRE.v" Line 150: Timing violation in scope /top/bram_streamer_0/lif_bram_0/mem_done_reg/TChk150_29055 at time 5610447 ps $setuphold (posedge C,negedge D,(0:0:0),(0:0:0),notifier,in_clk_enable_p,in_clk_enable_p,C_dly,D_dly)  $hold violation detected. Time: 5610447 ps, Ref Event Time Stamp: 5610245 ps, Data Event Time Stamp: 5610447 ps, Limit: 241 ps
WARNING: "C:/Xilinx/Vivado/2024.2/data/verilog/src/unisims/FDRE.v" Line 152: Timing violation in scope /top/bram_streamer_0/tile_idx_bram_0/addr_reg__11/TChk152_29057 at time 5670245 ps $setuphold (posedge C,posedge CE,(0:0:0),(0:0:0),notifier,ce_clk_enable_p,ce_clk_enable_p,C_dly,CE_dly)  $hold violation detected. Time: 5670245 ps, Ref Event Time Stamp: 5670245 ps, Data Event Time Stamp: 5670178 ps, Limit: -5 ps
WARNING: "C:/Xilinx/Vivado/2024.2/data/verilog/src/unisims/FDRE.v" Line 152: Timing violation in scope /top/bram_streamer_0/tile_idx_bram_0/addr_reg__11/TChk152_29057 at time 5670245 ps $setuphold (posedge C,posedge CE,(0:0:0),(0:0:0),notifier,ce_clk_enable_p,ce_clk_enable_p,C_dly,CE_dly)  $setup violation detected. Time: 5670245 ps, Data Event Time Stamp: 5670178 ps, Ref Event Time Stamp: 5670245 ps, Limit: 109 ps
WARNING: "C:/Xilinx/Vivado/2024.2/data/verilog/src/unisims/RAMB36E1.v" Line 1347: Timing violation in scope /top/bram_streamer_0/bram0/mem_reg/TChk1347_23798 at time 5690131 ps $setuphold (posedge CLKARDCLK,negedge ENARDEN,(0:0:0),(0:0:0),notifier_a,clkardclk_en_p,clkardclk_en_p,CLKARDCLK_delay,ENARDEN_delay)  $setup violation detected. Time: 5690131 ps, Data Event Time Stamp: 5689898 ps, Ref Event Time Stamp: 5690131 ps, Limit: 443 ps
WARNING: "C:/Xilinx/Vivado/2024.2/data/verilog/src/unisims/FDRE.v" Line 153: Timing violation in scope /top/bram_streamer_0/weight_bram_0/weight_fifo_push_reg/TChk153_29058 at time 5720400 ps $setuphold (posedge C,posedge D,(0:0:0),(0:0:0),notifier,in_clk_enable_p,in_clk_enable_p,C_dly,D_dly)  $setup violation detected. Time: 5720400 ps, Data Event Time Stamp: 5720400 ps, Ref Event Time Stamp: 5720204 ps, Limit: -45 ps
WARNING: "C:/Xilinx/Vivado/2024.2/data/verilog/src/unisims/FDRE.v" Line 153: Timing violation in scope /top/bram_streamer_0/weight_bram_0/weight_fifo_push_reg/TChk153_29058 at time 5720400 ps $setuphold (posedge C,posedge D,(0:0:0),(0:0:0),notifier,in_clk_enable_p,in_clk_enable_p,C_dly,D_dly)  $hold violation detected. Time: 5720400 ps, Ref Event Time Stamp: 5720204 ps, Data Event Time Stamp: 5720400 ps, Limit: 241 ps
WARNING: "C:/Xilinx/Vivado/2024.2/data/verilog/src/unisims/FDRE.v" Line 150: Timing violation in scope /top/bram_streamer_0/weight_bram_0/weight_fifo_push_reg/TChk150_29055 at time 5740381 ps $setuphold (posedge C,negedge D,(0:0:0),(0:0:0),notifier,in_clk_enable_p,in_clk_enable_p,C_dly,D_dly)  $setup violation detected. Time: 5740381 ps, Data Event Time Stamp: 5740381 ps, Ref Event Time Stamp: 5740204 ps, Limit: -45 ps
WARNING: "C:/Xilinx/Vivado/2024.2/data/verilog/src/unisims/FDRE.v" Line 150: Timing violation in scope /top/bram_streamer_0/weight_bram_0/weight_fifo_push_reg/TChk150_29055 at time 5740381 ps $setuphold (posedge C,negedge D,(0:0:0),(0:0:0),notifier,in_clk_enable_p,in_clk_enable_p,C_dly,D_dly)  $hold violation detected. Time: 5740381 ps, Ref Event Time Stamp: 5740204 ps, Data Event Time Stamp: 5740381 ps, Limit: 241 ps
WARNING: "C:/Xilinx/Vivado/2024.2/data/verilog/src/unisims/FDRE.v" Line 153: Timing violation in scope /top/bram_streamer_0/weight_bram_0/bram_en_reg/TChk153_29058 at time 5760394 ps $setuphold (posedge C,posedge D,(0:0:0),(0:0:0),notifier,in_clk_enable_p,in_clk_enable_p,C_dly,D_dly)  $setup violation detected. Time: 5760394 ps, Data Event Time Stamp: 5760394 ps, Ref Event Time Stamp: 5760198 ps, Limit: -45 ps
WARNING: "C:/Xilinx/Vivado/2024.2/data/verilog/src/unisims/FDRE.v" Line 153: Timing violation in scope /top/bram_streamer_0/weight_bram_0/bram_en_reg/TChk153_29058 at time 5760394 ps $setuphold (posedge C,posedge D,(0:0:0),(0:0:0),notifier,in_clk_enable_p,in_clk_enable_p,C_dly,D_dly)  $hold violation detected. Time: 5760394 ps, Ref Event Time Stamp: 5760198 ps, Data Event Time Stamp: 5760394 ps, Limit: 241 ps
WARNING: "C:/Xilinx/Vivado/2024.2/data/verilog/src/unisims/FDRE.v" Line 150: Timing violation in scope /top/bram_streamer_0/weight_bram_0/weight_fifo_push_reg/TChk150_29055 at time 5760400 ps $setuphold (posedge C,negedge D,(0:0:0),(0:0:0),notifier,in_clk_enable_p,in_clk_enable_p,C_dly,D_dly)  $setup violation detected. Time: 5760400 ps, Data Event Time Stamp: 5760400 ps, Ref Event Time Stamp: 5760204 ps, Limit: -45 ps
WARNING: "C:/Xilinx/Vivado/2024.2/data/verilog/src/unisims/FDRE.v" Line 150: Timing violation in scope /top/bram_streamer_0/weight_bram_0/weight_fifo_push_reg/TChk150_29055 at time 5760400 ps $setuphold (posedge C,negedge D,(0:0:0),(0:0:0),notifier,in_clk_enable_p,in_clk_enable_p,C_dly,D_dly)  $hold violation detected. Time: 5760400 ps, Ref Event Time Stamp: 5760204 ps, Data Event Time Stamp: 5760400 ps, Limit: 241 ps
WARNING: "C:/Xilinx/Vivado/2024.2/data/verilog/src/unisims/FDRE.v" Line 153: Timing violation in scope /top/bram_streamer_0/weight_bram_0/weight_fifo_push_reg/TChk153_29058 at time 5770400 ps $setuphold (posedge C,posedge D,(0:0:0),(0:0:0),notifier,in_clk_enable_p,in_clk_enable_p,C_dly,D_dly)  $setup violation detected. Time: 5770400 ps, Data Event Time Stamp: 5770400 ps, Ref Event Time Stamp: 5770204 ps, Limit: -45 ps
WARNING: "C:/Xilinx/Vivado/2024.2/data/verilog/src/unisims/FDRE.v" Line 153: Timing violation in scope /top/bram_streamer_0/weight_bram_0/weight_fifo_push_reg/TChk153_29058 at time 5770400 ps $setuphold (posedge C,posedge D,(0:0:0),(0:0:0),notifier,in_clk_enable_p,in_clk_enable_p,C_dly,D_dly)  $hold violation detected. Time: 5770400 ps, Ref Event Time Stamp: 5770204 ps, Data Event Time Stamp: 5770400 ps, Limit: 241 ps
WARNING: "C:/Xilinx/Vivado/2024.2/data/verilog/src/unisims/FDRE.v" Line 150: Timing violation in scope /top/bram_streamer_0/weight_bram_0/weight_fifo_push_reg/TChk150_29055 at time 5790381 ps $setuphold (posedge C,negedge D,(0:0:0),(0:0:0),notifier,in_clk_enable_p,in_clk_enable_p,C_dly,D_dly)  $setup violation detected. Time: 5790381 ps, Data Event Time Stamp: 5790381 ps, Ref Event Time Stamp: 5790204 ps, Limit: -45 ps
WARNING: "C:/Xilinx/Vivado/2024.2/data/verilog/src/unisims/FDRE.v" Line 150: Timing violation in scope /top/bram_streamer_0/weight_bram_0/weight_fifo_push_reg/TChk150_29055 at time 5790381 ps $setuphold (posedge C,negedge D,(0:0:0),(0:0:0),notifier,in_clk_enable_p,in_clk_enable_p,C_dly,D_dly)  $hold violation detected. Time: 5790381 ps, Ref Event Time Stamp: 5790204 ps, Data Event Time Stamp: 5790381 ps, Limit: 241 ps
WARNING: "C:/Xilinx/Vivado/2024.2/data/verilog/src/unisims/FDRE.v" Line 153: Timing violation in scope /top/bram_streamer_0/weight_bram_0/bram_en_reg/TChk153_29058 at time 5950394 ps $setuphold (posedge C,posedge D,(0:0:0),(0:0:0),notifier,in_clk_enable_p,in_clk_enable_p,C_dly,D_dly)  $setup violation detected. Time: 5950394 ps, Data Event Time Stamp: 5950394 ps, Ref Event Time Stamp: 5950198 ps, Limit: -45 ps
WARNING: "C:/Xilinx/Vivado/2024.2/data/verilog/src/unisims/FDRE.v" Line 153: Timing violation in scope /top/bram_streamer_0/weight_bram_0/bram_en_reg/TChk153_29058 at time 5950394 ps $setuphold (posedge C,posedge D,(0:0:0),(0:0:0),notifier,in_clk_enable_p,in_clk_enable_p,C_dly,D_dly)  $hold violation detected. Time: 5950394 ps, Ref Event Time Stamp: 5950198 ps, Data Event Time Stamp: 5950394 ps, Limit: 241 ps
WARNING: "C:/Xilinx/Vivado/2024.2/data/verilog/src/unisims/FDRE.v" Line 150: Timing violation in scope /top/bram_streamer_0/weight_bram_0/weight_fifo_push_reg/TChk150_29055 at time 5950400 ps $setuphold (posedge C,negedge D,(0:0:0),(0:0:0),notifier,in_clk_enable_p,in_clk_enable_p,C_dly,D_dly)  $setup violation detected. Time: 5950400 ps, Data Event Time Stamp: 5950400 ps, Ref Event Time Stamp: 5950204 ps, Limit: -45 ps
WARNING: "C:/Xilinx/Vivado/2024.2/data/verilog/src/unisims/FDRE.v" Line 150: Timing violation in scope /top/bram_streamer_0/weight_bram_0/weight_fifo_push_reg/TChk150_29055 at time 5950400 ps $setuphold (posedge C,negedge D,(0:0:0),(0:0:0),notifier,in_clk_enable_p,in_clk_enable_p,C_dly,D_dly)  $hold violation detected. Time: 5950400 ps, Ref Event Time Stamp: 5950204 ps, Data Event Time Stamp: 5950400 ps, Limit: 241 ps
WARNING: "C:/Xilinx/Vivado/2024.2/data/verilog/src/unisims/RAMB18E1.v" Line 989: Timing violation in scope /top/bram_streamer_0/bram1/mem_reg/TChk989_24102 at time 5980131 ps $setuphold (posedge CLKARDCLK,posedge REGCEAREGCE,(0:0:0),(0:0:0),notifier_a,clkardclk_en_p,clkardclk_en_p,CLKARDCLK_delay,REGCEAREGCE_delay)  $setup violation detected. Time: 5980131 ps, Data Event Time Stamp: 5979885 ps, Ref Event Time Stamp: 5980131 ps, Limit: 360 ps
WARNING: "C:/Xilinx/Vivado/2024.2/data/verilog/src/unisims/RAMB18E1.v" Line 990: Timing violation in scope /top/bram_streamer_0/bram1/mem_reg/TChk990_24103 at time 5990131 ps $setuphold (posedge CLKARDCLK,negedge REGCEAREGCE,(0:0:0),(0:0:0),notifier_a,clkardclk_en_p,clkardclk_en_p,CLKARDCLK_delay,REGCEAREGCE_delay)  $setup violation detected. Time: 5990131 ps, Data Event Time Stamp: 5989925 ps, Ref Event Time Stamp: 5990131 ps, Limit: 360 ps
WARNING: "C:/Xilinx/Vivado/2024.2/data/verilog/src/unisims/FDRE.v" Line 153: Timing violation in scope /top/bram_streamer_0/lif_bram_0/mem_done_reg/TChk153_29058 at time 5990447 ps $setuphold (posedge C,posedge D,(0:0:0),(0:0:0),notifier,in_clk_enable_p,in_clk_enable_p,C_dly,D_dly)  $setup violation detected. Time: 5990447 ps, Data Event Time Stamp: 5990447 ps, Ref Event Time Stamp: 5990245 ps, Limit: -60 ps
WARNING: "C:/Xilinx/Vivado/2024.2/data/verilog/src/unisims/FDRE.v" Line 153: Timing violation in scope /top/bram_streamer_0/lif_bram_0/mem_done_reg/TChk153_29058 at time 5990447 ps $setuphold (posedge C,posedge D,(0:0:0),(0:0:0),notifier,in_clk_enable_p,in_clk_enable_p,C_dly,D_dly)  $hold violation detected. Time: 5990447 ps, Ref Event Time Stamp: 5990245 ps, Data Event Time Stamp: 5990447 ps, Limit: 241 ps
WARNING: "C:/Xilinx/Vivado/2024.2/data/verilog/src/unisims/FDRE.v" Line 150: Timing violation in scope /top/bram_streamer_0/lif_bram_0/mem_done_reg/TChk150_29055 at time 6000447 ps $setuphold (posedge C,negedge D,(0:0:0),(0:0:0),notifier,in_clk_enable_p,in_clk_enable_p,C_dly,D_dly)  $setup violation detected. Time: 6000447 ps, Data Event Time Stamp: 6000447 ps, Ref Event Time Stamp: 6000245 ps, Limit: -60 ps
WARNING: "C:/Xilinx/Vivado/2024.2/data/verilog/src/unisims/FDRE.v" Line 150: Timing violation in scope /top/bram_streamer_0/lif_bram_0/mem_done_reg/TChk150_29055 at time 6000447 ps $setuphold (posedge C,negedge D,(0:0:0),(0:0:0),notifier,in_clk_enable_p,in_clk_enable_p,C_dly,D_dly)  $hold violation detected. Time: 6000447 ps, Ref Event Time Stamp: 6000245 ps, Data Event Time Stamp: 6000447 ps, Limit: 241 ps
WARNING: "C:/Xilinx/Vivado/2024.2/data/verilog/src/unisims/FDRE.v" Line 150: Timing violation in scope /top/bram_streamer_0/tile_idx_bram_0/addr_reg__11/TChk150_29055 at time 6060383 ps $setuphold (posedge C,negedge D,(0:0:0),(0:0:0),notifier,in_clk_enable_p,in_clk_enable_p,C_dly,D_dly)  $setup violation detected. Time: 6060383 ps, Data Event Time Stamp: 6060383 ps, Ref Event Time Stamp: 6060245 ps, Limit: -60 ps
WARNING: "C:/Xilinx/Vivado/2024.2/data/verilog/src/unisims/FDRE.v" Line 150: Timing violation in scope /top/bram_streamer_0/tile_idx_bram_0/addr_reg__11/TChk150_29055 at time 6060383 ps $setuphold (posedge C,negedge D,(0:0:0),(0:0:0),notifier,in_clk_enable_p,in_clk_enable_p,C_dly,D_dly)  $hold violation detected. Time: 6060383 ps, Ref Event Time Stamp: 6060245 ps, Data Event Time Stamp: 6060383 ps, Limit: 262 ps
WARNING: "C:/Xilinx/Vivado/2024.2/data/verilog/src/unisims/FDRE.v" Line 149: Timing violation in scope /top/bram_streamer_0/tile_idx_bram_0/addr_reg__11/TChk149_29054 at time 6070245 ps $setuphold (posedge C,negedge CE,(0:0:0),(0:0:0),notifier,ce_clk_enable_p,ce_clk_enable_p,C_dly,CE_dly)  $hold violation detected. Time: 6070245 ps, Ref Event Time Stamp: 6070245 ps, Data Event Time Stamp: 6070178 ps, Limit: -5 ps
WARNING: "C:/Xilinx/Vivado/2024.2/data/verilog/src/unisims/FDRE.v" Line 149: Timing violation in scope /top/bram_streamer_0/tile_idx_bram_0/addr_reg__11/TChk149_29054 at time 6070245 ps $setuphold (posedge C,negedge CE,(0:0:0),(0:0:0),notifier,ce_clk_enable_p,ce_clk_enable_p,C_dly,CE_dly)  $setup violation detected. Time: 6070245 ps, Data Event Time Stamp: 6070178 ps, Ref Event Time Stamp: 6070245 ps, Limit: 109 ps
WARNING: "C:/Xilinx/Vivado/2024.2/data/verilog/src/unisims/RAMB36E1.v" Line 1347: Timing violation in scope /top/bram_streamer_0/bram0/mem_reg/TChk1347_23798 at time 6080131 ps $setuphold (posedge CLKARDCLK,negedge ENARDEN,(0:0:0),(0:0:0),notifier_a,clkardclk_en_p,clkardclk_en_p,CLKARDCLK_delay,ENARDEN_delay)  $setup violation detected. Time: 6080131 ps, Data Event Time Stamp: 6079898 ps, Ref Event Time Stamp: 6080131 ps, Limit: 443 ps
WARNING: "C:/Xilinx/Vivado/2024.2/data/verilog/src/unisims/FDRE.v" Line 153: Timing violation in scope /top/bram_streamer_0/weight_bram_0/weight_fifo_push_reg/TChk153_29058 at time 6110400 ps $setuphold (posedge C,posedge D,(0:0:0),(0:0:0),notifier,in_clk_enable_p,in_clk_enable_p,C_dly,D_dly)  $setup violation detected. Time: 6110400 ps, Data Event Time Stamp: 6110400 ps, Ref Event Time Stamp: 6110204 ps, Limit: -45 ps
WARNING: "C:/Xilinx/Vivado/2024.2/data/verilog/src/unisims/FDRE.v" Line 153: Timing violation in scope /top/bram_streamer_0/weight_bram_0/weight_fifo_push_reg/TChk153_29058 at time 6110400 ps $setuphold (posedge C,posedge D,(0:0:0),(0:0:0),notifier,in_clk_enable_p,in_clk_enable_p,C_dly,D_dly)  $hold violation detected. Time: 6110400 ps, Ref Event Time Stamp: 6110204 ps, Data Event Time Stamp: 6110400 ps, Limit: 241 ps
WARNING: "C:/Xilinx/Vivado/2024.2/data/verilog/src/unisims/FDRE.v" Line 150: Timing violation in scope /top/bram_streamer_0/weight_bram_0/weight_fifo_push_reg/TChk150_29055 at time 6130381 ps $setuphold (posedge C,negedge D,(0:0:0),(0:0:0),notifier,in_clk_enable_p,in_clk_enable_p,C_dly,D_dly)  $setup violation detected. Time: 6130381 ps, Data Event Time Stamp: 6130381 ps, Ref Event Time Stamp: 6130204 ps, Limit: -45 ps
WARNING: "C:/Xilinx/Vivado/2024.2/data/verilog/src/unisims/FDRE.v" Line 150: Timing violation in scope /top/bram_streamer_0/weight_bram_0/weight_fifo_push_reg/TChk150_29055 at time 6130381 ps $setuphold (posedge C,negedge D,(0:0:0),(0:0:0),notifier,in_clk_enable_p,in_clk_enable_p,C_dly,D_dly)  $hold violation detected. Time: 6130381 ps, Ref Event Time Stamp: 6130204 ps, Data Event Time Stamp: 6130381 ps, Limit: 241 ps
WARNING: "C:/Xilinx/Vivado/2024.2/data/verilog/src/unisims/FDRE.v" Line 153: Timing violation in scope /top/bram_streamer_0/weight_bram_0/bram_en_reg/TChk153_29058 at time 6150394 ps $setuphold (posedge C,posedge D,(0:0:0),(0:0:0),notifier,in_clk_enable_p,in_clk_enable_p,C_dly,D_dly)  $setup violation detected. Time: 6150394 ps, Data Event Time Stamp: 6150394 ps, Ref Event Time Stamp: 6150198 ps, Limit: -45 ps
WARNING: "C:/Xilinx/Vivado/2024.2/data/verilog/src/unisims/FDRE.v" Line 153: Timing violation in scope /top/bram_streamer_0/weight_bram_0/bram_en_reg/TChk153_29058 at time 6150394 ps $setuphold (posedge C,posedge D,(0:0:0),(0:0:0),notifier,in_clk_enable_p,in_clk_enable_p,C_dly,D_dly)  $hold violation detected. Time: 6150394 ps, Ref Event Time Stamp: 6150198 ps, Data Event Time Stamp: 6150394 ps, Limit: 241 ps
WARNING: "C:/Xilinx/Vivado/2024.2/data/verilog/src/unisims/FDRE.v" Line 150: Timing violation in scope /top/bram_streamer_0/weight_bram_0/weight_fifo_push_reg/TChk150_29055 at time 6150400 ps $setuphold (posedge C,negedge D,(0:0:0),(0:0:0),notifier,in_clk_enable_p,in_clk_enable_p,C_dly,D_dly)  $setup violation detected. Time: 6150400 ps, Data Event Time Stamp: 6150400 ps, Ref Event Time Stamp: 6150204 ps, Limit: -45 ps
WARNING: "C:/Xilinx/Vivado/2024.2/data/verilog/src/unisims/FDRE.v" Line 150: Timing violation in scope /top/bram_streamer_0/weight_bram_0/weight_fifo_push_reg/TChk150_29055 at time 6150400 ps $setuphold (posedge C,negedge D,(0:0:0),(0:0:0),notifier,in_clk_enable_p,in_clk_enable_p,C_dly,D_dly)  $hold violation detected. Time: 6150400 ps, Ref Event Time Stamp: 6150204 ps, Data Event Time Stamp: 6150400 ps, Limit: 241 ps
WARNING: "C:/Xilinx/Vivado/2024.2/data/verilog/src/unisims/FDRE.v" Line 153: Timing violation in scope /top/bram_streamer_0/weight_bram_0/weight_fifo_push_reg/TChk153_29058 at time 6160400 ps $setuphold (posedge C,posedge D,(0:0:0),(0:0:0),notifier,in_clk_enable_p,in_clk_enable_p,C_dly,D_dly)  $setup violation detected. Time: 6160400 ps, Data Event Time Stamp: 6160400 ps, Ref Event Time Stamp: 6160204 ps, Limit: -45 ps
WARNING: "C:/Xilinx/Vivado/2024.2/data/verilog/src/unisims/FDRE.v" Line 153: Timing violation in scope /top/bram_streamer_0/weight_bram_0/weight_fifo_push_reg/TChk153_29058 at time 6160400 ps $setuphold (posedge C,posedge D,(0:0:0),(0:0:0),notifier,in_clk_enable_p,in_clk_enable_p,C_dly,D_dly)  $hold violation detected. Time: 6160400 ps, Ref Event Time Stamp: 6160204 ps, Data Event Time Stamp: 6160400 ps, Limit: 241 ps
WARNING: "C:/Xilinx/Vivado/2024.2/data/verilog/src/unisims/FDRE.v" Line 150: Timing violation in scope /top/bram_streamer_0/weight_bram_0/weight_fifo_push_reg/TChk150_29055 at time 6180381 ps $setuphold (posedge C,negedge D,(0:0:0),(0:0:0),notifier,in_clk_enable_p,in_clk_enable_p,C_dly,D_dly)  $setup violation detected. Time: 6180381 ps, Data Event Time Stamp: 6180381 ps, Ref Event Time Stamp: 6180204 ps, Limit: -45 ps
WARNING: "C:/Xilinx/Vivado/2024.2/data/verilog/src/unisims/FDRE.v" Line 150: Timing violation in scope /top/bram_streamer_0/weight_bram_0/weight_fifo_push_reg/TChk150_29055 at time 6180381 ps $setuphold (posedge C,negedge D,(0:0:0),(0:0:0),notifier,in_clk_enable_p,in_clk_enable_p,C_dly,D_dly)  $hold violation detected. Time: 6180381 ps, Ref Event Time Stamp: 6180204 ps, Data Event Time Stamp: 6180381 ps, Limit: 241 ps
WARNING: "C:/Xilinx/Vivado/2024.2/data/verilog/src/unisims/FDRE.v" Line 153: Timing violation in scope /top/bram_streamer_0/weight_bram_0/bram_en_reg/TChk153_29058 at time 6340394 ps $setuphold (posedge C,posedge D,(0:0:0),(0:0:0),notifier,in_clk_enable_p,in_clk_enable_p,C_dly,D_dly)  $setup violation detected. Time: 6340394 ps, Data Event Time Stamp: 6340394 ps, Ref Event Time Stamp: 6340198 ps, Limit: -45 ps
WARNING: "C:/Xilinx/Vivado/2024.2/data/verilog/src/unisims/FDRE.v" Line 153: Timing violation in scope /top/bram_streamer_0/weight_bram_0/bram_en_reg/TChk153_29058 at time 6340394 ps $setuphold (posedge C,posedge D,(0:0:0),(0:0:0),notifier,in_clk_enable_p,in_clk_enable_p,C_dly,D_dly)  $hold violation detected. Time: 6340394 ps, Ref Event Time Stamp: 6340198 ps, Data Event Time Stamp: 6340394 ps, Limit: 241 ps
WARNING: "C:/Xilinx/Vivado/2024.2/data/verilog/src/unisims/FDRE.v" Line 150: Timing violation in scope /top/bram_streamer_0/weight_bram_0/weight_fifo_push_reg/TChk150_29055 at time 6340400 ps $setuphold (posedge C,negedge D,(0:0:0),(0:0:0),notifier,in_clk_enable_p,in_clk_enable_p,C_dly,D_dly)  $setup violation detected. Time: 6340400 ps, Data Event Time Stamp: 6340400 ps, Ref Event Time Stamp: 6340204 ps, Limit: -45 ps
WARNING: "C:/Xilinx/Vivado/2024.2/data/verilog/src/unisims/FDRE.v" Line 150: Timing violation in scope /top/bram_streamer_0/weight_bram_0/weight_fifo_push_reg/TChk150_29055 at time 6340400 ps $setuphold (posedge C,negedge D,(0:0:0),(0:0:0),notifier,in_clk_enable_p,in_clk_enable_p,C_dly,D_dly)  $hold violation detected. Time: 6340400 ps, Ref Event Time Stamp: 6340204 ps, Data Event Time Stamp: 6340400 ps, Limit: 241 ps
WARNING: "C:/Xilinx/Vivado/2024.2/data/verilog/src/unisims/RAMB18E1.v" Line 989: Timing violation in scope /top/bram_streamer_0/bram1/mem_reg/TChk989_24102 at time 6370131 ps $setuphold (posedge CLKARDCLK,posedge REGCEAREGCE,(0:0:0),(0:0:0),notifier_a,clkardclk_en_p,clkardclk_en_p,CLKARDCLK_delay,REGCEAREGCE_delay)  $setup violation detected. Time: 6370131 ps, Data Event Time Stamp: 6369885 ps, Ref Event Time Stamp: 6370131 ps, Limit: 360 ps
WARNING: "C:/Xilinx/Vivado/2024.2/data/verilog/src/unisims/RAMB18E1.v" Line 990: Timing violation in scope /top/bram_streamer_0/bram1/mem_reg/TChk990_24103 at time 6380131 ps $setuphold (posedge CLKARDCLK,negedge REGCEAREGCE,(0:0:0),(0:0:0),notifier_a,clkardclk_en_p,clkardclk_en_p,CLKARDCLK_delay,REGCEAREGCE_delay)  $setup violation detected. Time: 6380131 ps, Data Event Time Stamp: 6379925 ps, Ref Event Time Stamp: 6380131 ps, Limit: 360 ps
WARNING: "C:/Xilinx/Vivado/2024.2/data/verilog/src/unisims/FDRE.v" Line 153: Timing violation in scope /top/bram_streamer_0/lif_bram_0/mem_done_reg/TChk153_29058 at time 6380447 ps $setuphold (posedge C,posedge D,(0:0:0),(0:0:0),notifier,in_clk_enable_p,in_clk_enable_p,C_dly,D_dly)  $setup violation detected. Time: 6380447 ps, Data Event Time Stamp: 6380447 ps, Ref Event Time Stamp: 6380245 ps, Limit: -60 ps
WARNING: "C:/Xilinx/Vivado/2024.2/data/verilog/src/unisims/FDRE.v" Line 153: Timing violation in scope /top/bram_streamer_0/lif_bram_0/mem_done_reg/TChk153_29058 at time 6380447 ps $setuphold (posedge C,posedge D,(0:0:0),(0:0:0),notifier,in_clk_enable_p,in_clk_enable_p,C_dly,D_dly)  $hold violation detected. Time: 6380447 ps, Ref Event Time Stamp: 6380245 ps, Data Event Time Stamp: 6380447 ps, Limit: 241 ps
WARNING: "C:/Xilinx/Vivado/2024.2/data/verilog/src/unisims/FDRE.v" Line 150: Timing violation in scope /top/bram_streamer_0/lif_bram_0/mem_done_reg/TChk150_29055 at time 6390447 ps $setuphold (posedge C,negedge D,(0:0:0),(0:0:0),notifier,in_clk_enable_p,in_clk_enable_p,C_dly,D_dly)  $setup violation detected. Time: 6390447 ps, Data Event Time Stamp: 6390447 ps, Ref Event Time Stamp: 6390245 ps, Limit: -60 ps
WARNING: "C:/Xilinx/Vivado/2024.2/data/verilog/src/unisims/FDRE.v" Line 150: Timing violation in scope /top/bram_streamer_0/lif_bram_0/mem_done_reg/TChk150_29055 at time 6390447 ps $setuphold (posedge C,negedge D,(0:0:0),(0:0:0),notifier,in_clk_enable_p,in_clk_enable_p,C_dly,D_dly)  $hold violation detected. Time: 6390447 ps, Ref Event Time Stamp: 6390245 ps, Data Event Time Stamp: 6390447 ps, Limit: 241 ps
WARNING: "C:/Xilinx/Vivado/2024.2/data/verilog/src/unisims/FDRE.v" Line 152: Timing violation in scope /top/bram_streamer_0/tile_idx_bram_0/addr_reg__11/TChk152_29057 at time 6450245 ps $setuphold (posedge C,posedge CE,(0:0:0),(0:0:0),notifier,ce_clk_enable_p,ce_clk_enable_p,C_dly,CE_dly)  $hold violation detected. Time: 6450245 ps, Ref Event Time Stamp: 6450245 ps, Data Event Time Stamp: 6450178 ps, Limit: -5 ps
WARNING: "C:/Xilinx/Vivado/2024.2/data/verilog/src/unisims/FDRE.v" Line 152: Timing violation in scope /top/bram_streamer_0/tile_idx_bram_0/addr_reg__11/TChk152_29057 at time 6450245 ps $setuphold (posedge C,posedge CE,(0:0:0),(0:0:0),notifier,ce_clk_enable_p,ce_clk_enable_p,C_dly,CE_dly)  $setup violation detected. Time: 6450245 ps, Data Event Time Stamp: 6450178 ps, Ref Event Time Stamp: 6450245 ps, Limit: 109 ps
WARNING: "C:/Xilinx/Vivado/2024.2/data/verilog/src/unisims/RAMB36E1.v" Line 1347: Timing violation in scope /top/bram_streamer_0/bram0/mem_reg/TChk1347_23798 at time 6470131 ps $setuphold (posedge CLKARDCLK,negedge ENARDEN,(0:0:0),(0:0:0),notifier_a,clkardclk_en_p,clkardclk_en_p,CLKARDCLK_delay,ENARDEN_delay)  $setup violation detected. Time: 6470131 ps, Data Event Time Stamp: 6469898 ps, Ref Event Time Stamp: 6470131 ps, Limit: 443 ps
WARNING: "C:/Xilinx/Vivado/2024.2/data/verilog/src/unisims/FDRE.v" Line 153: Timing violation in scope /top/bram_streamer_0/weight_bram_0/weight_fifo_push_reg/TChk153_29058 at time 6500400 ps $setuphold (posedge C,posedge D,(0:0:0),(0:0:0),notifier,in_clk_enable_p,in_clk_enable_p,C_dly,D_dly)  $setup violation detected. Time: 6500400 ps, Data Event Time Stamp: 6500400 ps, Ref Event Time Stamp: 6500204 ps, Limit: -45 ps
WARNING: "C:/Xilinx/Vivado/2024.2/data/verilog/src/unisims/FDRE.v" Line 153: Timing violation in scope /top/bram_streamer_0/weight_bram_0/weight_fifo_push_reg/TChk153_29058 at time 6500400 ps $setuphold (posedge C,posedge D,(0:0:0),(0:0:0),notifier,in_clk_enable_p,in_clk_enable_p,C_dly,D_dly)  $hold violation detected. Time: 6500400 ps, Ref Event Time Stamp: 6500204 ps, Data Event Time Stamp: 6500400 ps, Limit: 241 ps
WARNING: "C:/Xilinx/Vivado/2024.2/data/verilog/src/unisims/FDRE.v" Line 150: Timing violation in scope /top/bram_streamer_0/weight_bram_0/weight_fifo_push_reg/TChk150_29055 at time 6520381 ps $setuphold (posedge C,negedge D,(0:0:0),(0:0:0),notifier,in_clk_enable_p,in_clk_enable_p,C_dly,D_dly)  $setup violation detected. Time: 6520381 ps, Data Event Time Stamp: 6520381 ps, Ref Event Time Stamp: 6520204 ps, Limit: -45 ps
WARNING: "C:/Xilinx/Vivado/2024.2/data/verilog/src/unisims/FDRE.v" Line 150: Timing violation in scope /top/bram_streamer_0/weight_bram_0/weight_fifo_push_reg/TChk150_29055 at time 6520381 ps $setuphold (posedge C,negedge D,(0:0:0),(0:0:0),notifier,in_clk_enable_p,in_clk_enable_p,C_dly,D_dly)  $hold violation detected. Time: 6520381 ps, Ref Event Time Stamp: 6520204 ps, Data Event Time Stamp: 6520381 ps, Limit: 241 ps
WARNING: "C:/Xilinx/Vivado/2024.2/data/verilog/src/unisims/FDRE.v" Line 153: Timing violation in scope /top/bram_streamer_0/weight_bram_0/bram_en_reg/TChk153_29058 at time 6540394 ps $setuphold (posedge C,posedge D,(0:0:0),(0:0:0),notifier,in_clk_enable_p,in_clk_enable_p,C_dly,D_dly)  $setup violation detected. Time: 6540394 ps, Data Event Time Stamp: 6540394 ps, Ref Event Time Stamp: 6540198 ps, Limit: -45 ps
WARNING: "C:/Xilinx/Vivado/2024.2/data/verilog/src/unisims/FDRE.v" Line 153: Timing violation in scope /top/bram_streamer_0/weight_bram_0/bram_en_reg/TChk153_29058 at time 6540394 ps $setuphold (posedge C,posedge D,(0:0:0),(0:0:0),notifier,in_clk_enable_p,in_clk_enable_p,C_dly,D_dly)  $hold violation detected. Time: 6540394 ps, Ref Event Time Stamp: 6540198 ps, Data Event Time Stamp: 6540394 ps, Limit: 241 ps
WARNING: "C:/Xilinx/Vivado/2024.2/data/verilog/src/unisims/FDRE.v" Line 150: Timing violation in scope /top/bram_streamer_0/weight_bram_0/weight_fifo_push_reg/TChk150_29055 at time 6540400 ps $setuphold (posedge C,negedge D,(0:0:0),(0:0:0),notifier,in_clk_enable_p,in_clk_enable_p,C_dly,D_dly)  $setup violation detected. Time: 6540400 ps, Data Event Time Stamp: 6540400 ps, Ref Event Time Stamp: 6540204 ps, Limit: -45 ps
WARNING: "C:/Xilinx/Vivado/2024.2/data/verilog/src/unisims/FDRE.v" Line 150: Timing violation in scope /top/bram_streamer_0/weight_bram_0/weight_fifo_push_reg/TChk150_29055 at time 6540400 ps $setuphold (posedge C,negedge D,(0:0:0),(0:0:0),notifier,in_clk_enable_p,in_clk_enable_p,C_dly,D_dly)  $hold violation detected. Time: 6540400 ps, Ref Event Time Stamp: 6540204 ps, Data Event Time Stamp: 6540400 ps, Limit: 241 ps
WARNING: "C:/Xilinx/Vivado/2024.2/data/verilog/src/unisims/FDRE.v" Line 153: Timing violation in scope /top/bram_streamer_0/weight_bram_0/weight_fifo_push_reg/TChk153_29058 at time 6550400 ps $setuphold (posedge C,posedge D,(0:0:0),(0:0:0),notifier,in_clk_enable_p,in_clk_enable_p,C_dly,D_dly)  $setup violation detected. Time: 6550400 ps, Data Event Time Stamp: 6550400 ps, Ref Event Time Stamp: 6550204 ps, Limit: -45 ps
WARNING: "C:/Xilinx/Vivado/2024.2/data/verilog/src/unisims/FDRE.v" Line 153: Timing violation in scope /top/bram_streamer_0/weight_bram_0/weight_fifo_push_reg/TChk153_29058 at time 6550400 ps $setuphold (posedge C,posedge D,(0:0:0),(0:0:0),notifier,in_clk_enable_p,in_clk_enable_p,C_dly,D_dly)  $hold violation detected. Time: 6550400 ps, Ref Event Time Stamp: 6550204 ps, Data Event Time Stamp: 6550400 ps, Limit: 241 ps
WARNING: "C:/Xilinx/Vivado/2024.2/data/verilog/src/unisims/FDRE.v" Line 150: Timing violation in scope /top/bram_streamer_0/weight_bram_0/weight_fifo_push_reg/TChk150_29055 at time 6570381 ps $setuphold (posedge C,negedge D,(0:0:0),(0:0:0),notifier,in_clk_enable_p,in_clk_enable_p,C_dly,D_dly)  $setup violation detected. Time: 6570381 ps, Data Event Time Stamp: 6570381 ps, Ref Event Time Stamp: 6570204 ps, Limit: -45 ps
WARNING: "C:/Xilinx/Vivado/2024.2/data/verilog/src/unisims/FDRE.v" Line 150: Timing violation in scope /top/bram_streamer_0/weight_bram_0/weight_fifo_push_reg/TChk150_29055 at time 6570381 ps $setuphold (posedge C,negedge D,(0:0:0),(0:0:0),notifier,in_clk_enable_p,in_clk_enable_p,C_dly,D_dly)  $hold violation detected. Time: 6570381 ps, Ref Event Time Stamp: 6570204 ps, Data Event Time Stamp: 6570381 ps, Limit: 241 ps
WARNING: "C:/Xilinx/Vivado/2024.2/data/verilog/src/unisims/FDRE.v" Line 153: Timing violation in scope /top/bram_streamer_0/weight_bram_0/bram_en_reg/TChk153_29058 at time 6730394 ps $setuphold (posedge C,posedge D,(0:0:0),(0:0:0),notifier,in_clk_enable_p,in_clk_enable_p,C_dly,D_dly)  $setup violation detected. Time: 6730394 ps, Data Event Time Stamp: 6730394 ps, Ref Event Time Stamp: 6730198 ps, Limit: -45 ps
WARNING: "C:/Xilinx/Vivado/2024.2/data/verilog/src/unisims/FDRE.v" Line 153: Timing violation in scope /top/bram_streamer_0/weight_bram_0/bram_en_reg/TChk153_29058 at time 6730394 ps $setuphold (posedge C,posedge D,(0:0:0),(0:0:0),notifier,in_clk_enable_p,in_clk_enable_p,C_dly,D_dly)  $hold violation detected. Time: 6730394 ps, Ref Event Time Stamp: 6730198 ps, Data Event Time Stamp: 6730394 ps, Limit: 241 ps
WARNING: "C:/Xilinx/Vivado/2024.2/data/verilog/src/unisims/FDRE.v" Line 150: Timing violation in scope /top/bram_streamer_0/weight_bram_0/weight_fifo_push_reg/TChk150_29055 at time 6730400 ps $setuphold (posedge C,negedge D,(0:0:0),(0:0:0),notifier,in_clk_enable_p,in_clk_enable_p,C_dly,D_dly)  $setup violation detected. Time: 6730400 ps, Data Event Time Stamp: 6730400 ps, Ref Event Time Stamp: 6730204 ps, Limit: -45 ps
WARNING: "C:/Xilinx/Vivado/2024.2/data/verilog/src/unisims/FDRE.v" Line 150: Timing violation in scope /top/bram_streamer_0/weight_bram_0/weight_fifo_push_reg/TChk150_29055 at time 6730400 ps $setuphold (posedge C,negedge D,(0:0:0),(0:0:0),notifier,in_clk_enable_p,in_clk_enable_p,C_dly,D_dly)  $hold violation detected. Time: 6730400 ps, Ref Event Time Stamp: 6730204 ps, Data Event Time Stamp: 6730400 ps, Limit: 241 ps
WARNING: "C:/Xilinx/Vivado/2024.2/data/verilog/src/unisims/RAMB18E1.v" Line 989: Timing violation in scope /top/bram_streamer_0/bram1/mem_reg/TChk989_24102 at time 6760131 ps $setuphold (posedge CLKARDCLK,posedge REGCEAREGCE,(0:0:0),(0:0:0),notifier_a,clkardclk_en_p,clkardclk_en_p,CLKARDCLK_delay,REGCEAREGCE_delay)  $setup violation detected. Time: 6760131 ps, Data Event Time Stamp: 6759885 ps, Ref Event Time Stamp: 6760131 ps, Limit: 360 ps
WARNING: "C:/Xilinx/Vivado/2024.2/data/verilog/src/unisims/RAMB18E1.v" Line 990: Timing violation in scope /top/bram_streamer_0/bram1/mem_reg/TChk990_24103 at time 6770131 ps $setuphold (posedge CLKARDCLK,negedge REGCEAREGCE,(0:0:0),(0:0:0),notifier_a,clkardclk_en_p,clkardclk_en_p,CLKARDCLK_delay,REGCEAREGCE_delay)  $setup violation detected. Time: 6770131 ps, Data Event Time Stamp: 6769925 ps, Ref Event Time Stamp: 6770131 ps, Limit: 360 ps
WARNING: "C:/Xilinx/Vivado/2024.2/data/verilog/src/unisims/FDRE.v" Line 153: Timing violation in scope /top/bram_streamer_0/lif_bram_0/mem_done_reg/TChk153_29058 at time 6770447 ps $setuphold (posedge C,posedge D,(0:0:0),(0:0:0),notifier,in_clk_enable_p,in_clk_enable_p,C_dly,D_dly)  $setup violation detected. Time: 6770447 ps, Data Event Time Stamp: 6770447 ps, Ref Event Time Stamp: 6770245 ps, Limit: -60 ps
WARNING: "C:/Xilinx/Vivado/2024.2/data/verilog/src/unisims/FDRE.v" Line 153: Timing violation in scope /top/bram_streamer_0/lif_bram_0/mem_done_reg/TChk153_29058 at time 6770447 ps $setuphold (posedge C,posedge D,(0:0:0),(0:0:0),notifier,in_clk_enable_p,in_clk_enable_p,C_dly,D_dly)  $hold violation detected. Time: 6770447 ps, Ref Event Time Stamp: 6770245 ps, Data Event Time Stamp: 6770447 ps, Limit: 241 ps
WARNING: "C:/Xilinx/Vivado/2024.2/data/verilog/src/unisims/FDRE.v" Line 150: Timing violation in scope /top/bram_streamer_0/lif_bram_0/mem_done_reg/TChk150_29055 at time 6780447 ps $setuphold (posedge C,negedge D,(0:0:0),(0:0:0),notifier,in_clk_enable_p,in_clk_enable_p,C_dly,D_dly)  $setup violation detected. Time: 6780447 ps, Data Event Time Stamp: 6780447 ps, Ref Event Time Stamp: 6780245 ps, Limit: -60 ps
WARNING: "C:/Xilinx/Vivado/2024.2/data/verilog/src/unisims/FDRE.v" Line 150: Timing violation in scope /top/bram_streamer_0/lif_bram_0/mem_done_reg/TChk150_29055 at time 6780447 ps $setuphold (posedge C,negedge D,(0:0:0),(0:0:0),notifier,in_clk_enable_p,in_clk_enable_p,C_dly,D_dly)  $hold violation detected. Time: 6780447 ps, Ref Event Time Stamp: 6780245 ps, Data Event Time Stamp: 6780447 ps, Limit: 241 ps
WARNING: "C:/Xilinx/Vivado/2024.2/data/verilog/src/unisims/FDRE.v" Line 153: Timing violation in scope /top/bram_streamer_0/tile_idx_bram_0/addr_reg__11/TChk153_29058 at time 6840383 ps $setuphold (posedge C,posedge D,(0:0:0),(0:0:0),notifier,in_clk_enable_p,in_clk_enable_p,C_dly,D_dly)  $setup violation detected. Time: 6840383 ps, Data Event Time Stamp: 6840383 ps, Ref Event Time Stamp: 6840245 ps, Limit: -60 ps
WARNING: "C:/Xilinx/Vivado/2024.2/data/verilog/src/unisims/FDRE.v" Line 153: Timing violation in scope /top/bram_streamer_0/tile_idx_bram_0/addr_reg__11/TChk153_29058 at time 6840383 ps $setuphold (posedge C,posedge D,(0:0:0),(0:0:0),notifier,in_clk_enable_p,in_clk_enable_p,C_dly,D_dly)  $hold violation detected. Time: 6840383 ps, Ref Event Time Stamp: 6840245 ps, Data Event Time Stamp: 6840383 ps, Limit: 262 ps
WARNING: "C:/Xilinx/Vivado/2024.2/data/verilog/src/unisims/FDRE.v" Line 149: Timing violation in scope /top/bram_streamer_0/tile_idx_bram_0/addr_reg__11/TChk149_29054 at time 6850245 ps $setuphold (posedge C,negedge CE,(0:0:0),(0:0:0),notifier,ce_clk_enable_p,ce_clk_enable_p,C_dly,CE_dly)  $hold violation detected. Time: 6850245 ps, Ref Event Time Stamp: 6850245 ps, Data Event Time Stamp: 6850178 ps, Limit: -5 ps
WARNING: "C:/Xilinx/Vivado/2024.2/data/verilog/src/unisims/FDRE.v" Line 149: Timing violation in scope /top/bram_streamer_0/tile_idx_bram_0/addr_reg__11/TChk149_29054 at time 6850245 ps $setuphold (posedge C,negedge CE,(0:0:0),(0:0:0),notifier,ce_clk_enable_p,ce_clk_enable_p,C_dly,CE_dly)  $setup violation detected. Time: 6850245 ps, Data Event Time Stamp: 6850178 ps, Ref Event Time Stamp: 6850245 ps, Limit: 109 ps
WARNING: "C:/Xilinx/Vivado/2024.2/data/verilog/src/unisims/RAMB36E1.v" Line 1347: Timing violation in scope /top/bram_streamer_0/bram0/mem_reg/TChk1347_23798 at time 6860131 ps $setuphold (posedge CLKARDCLK,negedge ENARDEN,(0:0:0),(0:0:0),notifier_a,clkardclk_en_p,clkardclk_en_p,CLKARDCLK_delay,ENARDEN_delay)  $setup violation detected. Time: 6860131 ps, Data Event Time Stamp: 6859898 ps, Ref Event Time Stamp: 6860131 ps, Limit: 443 ps
WARNING: "C:/Xilinx/Vivado/2024.2/data/verilog/src/unisims/FDRE.v" Line 153: Timing violation in scope /top/bram_streamer_0/weight_bram_0/weight_fifo_push_reg/TChk153_29058 at time 6890400 ps $setuphold (posedge C,posedge D,(0:0:0),(0:0:0),notifier,in_clk_enable_p,in_clk_enable_p,C_dly,D_dly)  $setup violation detected. Time: 6890400 ps, Data Event Time Stamp: 6890400 ps, Ref Event Time Stamp: 6890204 ps, Limit: -45 ps
WARNING: "C:/Xilinx/Vivado/2024.2/data/verilog/src/unisims/FDRE.v" Line 153: Timing violation in scope /top/bram_streamer_0/weight_bram_0/weight_fifo_push_reg/TChk153_29058 at time 6890400 ps $setuphold (posedge C,posedge D,(0:0:0),(0:0:0),notifier,in_clk_enable_p,in_clk_enable_p,C_dly,D_dly)  $hold violation detected. Time: 6890400 ps, Ref Event Time Stamp: 6890204 ps, Data Event Time Stamp: 6890400 ps, Limit: 241 ps
WARNING: "C:/Xilinx/Vivado/2024.2/data/verilog/src/unisims/FDRE.v" Line 150: Timing violation in scope /top/bram_streamer_0/weight_bram_0/weight_fifo_push_reg/TChk150_29055 at time 6910381 ps $setuphold (posedge C,negedge D,(0:0:0),(0:0:0),notifier,in_clk_enable_p,in_clk_enable_p,C_dly,D_dly)  $setup violation detected. Time: 6910381 ps, Data Event Time Stamp: 6910381 ps, Ref Event Time Stamp: 6910204 ps, Limit: -45 ps
WARNING: "C:/Xilinx/Vivado/2024.2/data/verilog/src/unisims/FDRE.v" Line 150: Timing violation in scope /top/bram_streamer_0/weight_bram_0/weight_fifo_push_reg/TChk150_29055 at time 6910381 ps $setuphold (posedge C,negedge D,(0:0:0),(0:0:0),notifier,in_clk_enable_p,in_clk_enable_p,C_dly,D_dly)  $hold violation detected. Time: 6910381 ps, Ref Event Time Stamp: 6910204 ps, Data Event Time Stamp: 6910381 ps, Limit: 241 ps
WARNING: "C:/Xilinx/Vivado/2024.2/data/verilog/src/unisims/FDRE.v" Line 153: Timing violation in scope /top/bram_streamer_0/weight_bram_0/bram_en_reg/TChk153_29058 at time 6930394 ps $setuphold (posedge C,posedge D,(0:0:0),(0:0:0),notifier,in_clk_enable_p,in_clk_enable_p,C_dly,D_dly)  $setup violation detected. Time: 6930394 ps, Data Event Time Stamp: 6930394 ps, Ref Event Time Stamp: 6930198 ps, Limit: -45 ps
WARNING: "C:/Xilinx/Vivado/2024.2/data/verilog/src/unisims/FDRE.v" Line 153: Timing violation in scope /top/bram_streamer_0/weight_bram_0/bram_en_reg/TChk153_29058 at time 6930394 ps $setuphold (posedge C,posedge D,(0:0:0),(0:0:0),notifier,in_clk_enable_p,in_clk_enable_p,C_dly,D_dly)  $hold violation detected. Time: 6930394 ps, Ref Event Time Stamp: 6930198 ps, Data Event Time Stamp: 6930394 ps, Limit: 241 ps
WARNING: "C:/Xilinx/Vivado/2024.2/data/verilog/src/unisims/FDRE.v" Line 150: Timing violation in scope /top/bram_streamer_0/weight_bram_0/weight_fifo_push_reg/TChk150_29055 at time 6930400 ps $setuphold (posedge C,negedge D,(0:0:0),(0:0:0),notifier,in_clk_enable_p,in_clk_enable_p,C_dly,D_dly)  $setup violation detected. Time: 6930400 ps, Data Event Time Stamp: 6930400 ps, Ref Event Time Stamp: 6930204 ps, Limit: -45 ps
WARNING: "C:/Xilinx/Vivado/2024.2/data/verilog/src/unisims/FDRE.v" Line 150: Timing violation in scope /top/bram_streamer_0/weight_bram_0/weight_fifo_push_reg/TChk150_29055 at time 6930400 ps $setuphold (posedge C,negedge D,(0:0:0),(0:0:0),notifier,in_clk_enable_p,in_clk_enable_p,C_dly,D_dly)  $hold violation detected. Time: 6930400 ps, Ref Event Time Stamp: 6930204 ps, Data Event Time Stamp: 6930400 ps, Limit: 241 ps
WARNING: "C:/Xilinx/Vivado/2024.2/data/verilog/src/unisims/FDRE.v" Line 153: Timing violation in scope /top/bram_streamer_0/weight_bram_0/weight_fifo_push_reg/TChk153_29058 at time 6940400 ps $setuphold (posedge C,posedge D,(0:0:0),(0:0:0),notifier,in_clk_enable_p,in_clk_enable_p,C_dly,D_dly)  $setup violation detected. Time: 6940400 ps, Data Event Time Stamp: 6940400 ps, Ref Event Time Stamp: 6940204 ps, Limit: -45 ps
WARNING: "C:/Xilinx/Vivado/2024.2/data/verilog/src/unisims/FDRE.v" Line 153: Timing violation in scope /top/bram_streamer_0/weight_bram_0/weight_fifo_push_reg/TChk153_29058 at time 6940400 ps $setuphold (posedge C,posedge D,(0:0:0),(0:0:0),notifier,in_clk_enable_p,in_clk_enable_p,C_dly,D_dly)  $hold violation detected. Time: 6940400 ps, Ref Event Time Stamp: 6940204 ps, Data Event Time Stamp: 6940400 ps, Limit: 241 ps
WARNING: "C:/Xilinx/Vivado/2024.2/data/verilog/src/unisims/FDRE.v" Line 150: Timing violation in scope /top/bram_streamer_0/weight_bram_0/weight_fifo_push_reg/TChk150_29055 at time 6960381 ps $setuphold (posedge C,negedge D,(0:0:0),(0:0:0),notifier,in_clk_enable_p,in_clk_enable_p,C_dly,D_dly)  $setup violation detected. Time: 6960381 ps, Data Event Time Stamp: 6960381 ps, Ref Event Time Stamp: 6960204 ps, Limit: -45 ps
WARNING: "C:/Xilinx/Vivado/2024.2/data/verilog/src/unisims/FDRE.v" Line 150: Timing violation in scope /top/bram_streamer_0/weight_bram_0/weight_fifo_push_reg/TChk150_29055 at time 6960381 ps $setuphold (posedge C,negedge D,(0:0:0),(0:0:0),notifier,in_clk_enable_p,in_clk_enable_p,C_dly,D_dly)  $hold violation detected. Time: 6960381 ps, Ref Event Time Stamp: 6960204 ps, Data Event Time Stamp: 6960381 ps, Limit: 241 ps
WARNING: "C:/Xilinx/Vivado/2024.2/data/verilog/src/unisims/FDRE.v" Line 153: Timing violation in scope /top/bram_streamer_0/weight_bram_0/bram_en_reg/TChk153_29058 at time 7120394 ps $setuphold (posedge C,posedge D,(0:0:0),(0:0:0),notifier,in_clk_enable_p,in_clk_enable_p,C_dly,D_dly)  $setup violation detected. Time: 7120394 ps, Data Event Time Stamp: 7120394 ps, Ref Event Time Stamp: 7120198 ps, Limit: -45 ps
WARNING: "C:/Xilinx/Vivado/2024.2/data/verilog/src/unisims/FDRE.v" Line 153: Timing violation in scope /top/bram_streamer_0/weight_bram_0/bram_en_reg/TChk153_29058 at time 7120394 ps $setuphold (posedge C,posedge D,(0:0:0),(0:0:0),notifier,in_clk_enable_p,in_clk_enable_p,C_dly,D_dly)  $hold violation detected. Time: 7120394 ps, Ref Event Time Stamp: 7120198 ps, Data Event Time Stamp: 7120394 ps, Limit: 241 ps
WARNING: "C:/Xilinx/Vivado/2024.2/data/verilog/src/unisims/FDRE.v" Line 150: Timing violation in scope /top/bram_streamer_0/weight_bram_0/weight_fifo_push_reg/TChk150_29055 at time 7120400 ps $setuphold (posedge C,negedge D,(0:0:0),(0:0:0),notifier,in_clk_enable_p,in_clk_enable_p,C_dly,D_dly)  $setup violation detected. Time: 7120400 ps, Data Event Time Stamp: 7120400 ps, Ref Event Time Stamp: 7120204 ps, Limit: -45 ps
WARNING: "C:/Xilinx/Vivado/2024.2/data/verilog/src/unisims/FDRE.v" Line 150: Timing violation in scope /top/bram_streamer_0/weight_bram_0/weight_fifo_push_reg/TChk150_29055 at time 7120400 ps $setuphold (posedge C,negedge D,(0:0:0),(0:0:0),notifier,in_clk_enable_p,in_clk_enable_p,C_dly,D_dly)  $hold violation detected. Time: 7120400 ps, Ref Event Time Stamp: 7120204 ps, Data Event Time Stamp: 7120400 ps, Limit: 241 ps
WARNING: "C:/Xilinx/Vivado/2024.2/data/verilog/src/unisims/RAMB18E1.v" Line 989: Timing violation in scope /top/bram_streamer_0/bram1/mem_reg/TChk989_24102 at time 7150131 ps $setuphold (posedge CLKARDCLK,posedge REGCEAREGCE,(0:0:0),(0:0:0),notifier_a,clkardclk_en_p,clkardclk_en_p,CLKARDCLK_delay,REGCEAREGCE_delay)  $setup violation detected. Time: 7150131 ps, Data Event Time Stamp: 7149885 ps, Ref Event Time Stamp: 7150131 ps, Limit: 360 ps
WARNING: "C:/Xilinx/Vivado/2024.2/data/verilog/src/unisims/RAMB18E1.v" Line 990: Timing violation in scope /top/bram_streamer_0/bram1/mem_reg/TChk990_24103 at time 7160131 ps $setuphold (posedge CLKARDCLK,negedge REGCEAREGCE,(0:0:0),(0:0:0),notifier_a,clkardclk_en_p,clkardclk_en_p,CLKARDCLK_delay,REGCEAREGCE_delay)  $setup violation detected. Time: 7160131 ps, Data Event Time Stamp: 7159925 ps, Ref Event Time Stamp: 7160131 ps, Limit: 360 ps
WARNING: "C:/Xilinx/Vivado/2024.2/data/verilog/src/unisims/FDRE.v" Line 153: Timing violation in scope /top/bram_streamer_0/lif_bram_0/mem_done_reg/TChk153_29058 at time 7160447 ps $setuphold (posedge C,posedge D,(0:0:0),(0:0:0),notifier,in_clk_enable_p,in_clk_enable_p,C_dly,D_dly)  $setup violation detected. Time: 7160447 ps, Data Event Time Stamp: 7160447 ps, Ref Event Time Stamp: 7160245 ps, Limit: -60 ps
WARNING: "C:/Xilinx/Vivado/2024.2/data/verilog/src/unisims/FDRE.v" Line 153: Timing violation in scope /top/bram_streamer_0/lif_bram_0/mem_done_reg/TChk153_29058 at time 7160447 ps $setuphold (posedge C,posedge D,(0:0:0),(0:0:0),notifier,in_clk_enable_p,in_clk_enable_p,C_dly,D_dly)  $hold violation detected. Time: 7160447 ps, Ref Event Time Stamp: 7160245 ps, Data Event Time Stamp: 7160447 ps, Limit: 241 ps
WARNING: "C:/Xilinx/Vivado/2024.2/data/verilog/src/unisims/FDRE.v" Line 150: Timing violation in scope /top/bram_streamer_0/lif_bram_0/mem_done_reg/TChk150_29055 at time 7170447 ps $setuphold (posedge C,negedge D,(0:0:0),(0:0:0),notifier,in_clk_enable_p,in_clk_enable_p,C_dly,D_dly)  $setup violation detected. Time: 7170447 ps, Data Event Time Stamp: 7170447 ps, Ref Event Time Stamp: 7170245 ps, Limit: -60 ps
WARNING: "C:/Xilinx/Vivado/2024.2/data/verilog/src/unisims/FDRE.v" Line 150: Timing violation in scope /top/bram_streamer_0/lif_bram_0/mem_done_reg/TChk150_29055 at time 7170447 ps $setuphold (posedge C,negedge D,(0:0:0),(0:0:0),notifier,in_clk_enable_p,in_clk_enable_p,C_dly,D_dly)  $hold violation detected. Time: 7170447 ps, Ref Event Time Stamp: 7170245 ps, Data Event Time Stamp: 7170447 ps, Limit: 241 ps
WARNING: "C:/Xilinx/Vivado/2024.2/data/verilog/src/unisims/FDRE.v" Line 152: Timing violation in scope /top/bram_streamer_0/tile_idx_bram_0/addr_reg__11/TChk152_29057 at time 7230245 ps $setuphold (posedge C,posedge CE,(0:0:0),(0:0:0),notifier,ce_clk_enable_p,ce_clk_enable_p,C_dly,CE_dly)  $hold violation detected. Time: 7230245 ps, Ref Event Time Stamp: 7230245 ps, Data Event Time Stamp: 7230178 ps, Limit: -5 ps
WARNING: "C:/Xilinx/Vivado/2024.2/data/verilog/src/unisims/FDRE.v" Line 152: Timing violation in scope /top/bram_streamer_0/tile_idx_bram_0/addr_reg__11/TChk152_29057 at time 7230245 ps $setuphold (posedge C,posedge CE,(0:0:0),(0:0:0),notifier,ce_clk_enable_p,ce_clk_enable_p,C_dly,CE_dly)  $setup violation detected. Time: 7230245 ps, Data Event Time Stamp: 7230178 ps, Ref Event Time Stamp: 7230245 ps, Limit: 109 ps
WARNING: "C:/Xilinx/Vivado/2024.2/data/verilog/src/unisims/RAMB36E1.v" Line 1347: Timing violation in scope /top/bram_streamer_0/bram0/mem_reg/TChk1347_23798 at time 7250131 ps $setuphold (posedge CLKARDCLK,negedge ENARDEN,(0:0:0),(0:0:0),notifier_a,clkardclk_en_p,clkardclk_en_p,CLKARDCLK_delay,ENARDEN_delay)  $setup violation detected. Time: 7250131 ps, Data Event Time Stamp: 7249898 ps, Ref Event Time Stamp: 7250131 ps, Limit: 443 ps
WARNING: "C:/Xilinx/Vivado/2024.2/data/verilog/src/unisims/FDRE.v" Line 153: Timing violation in scope /top/bram_streamer_0/weight_bram_0/weight_fifo_push_reg/TChk153_29058 at time 7280400 ps $setuphold (posedge C,posedge D,(0:0:0),(0:0:0),notifier,in_clk_enable_p,in_clk_enable_p,C_dly,D_dly)  $setup violation detected. Time: 7280400 ps, Data Event Time Stamp: 7280400 ps, Ref Event Time Stamp: 7280204 ps, Limit: -45 ps
WARNING: "C:/Xilinx/Vivado/2024.2/data/verilog/src/unisims/FDRE.v" Line 153: Timing violation in scope /top/bram_streamer_0/weight_bram_0/weight_fifo_push_reg/TChk153_29058 at time 7280400 ps $setuphold (posedge C,posedge D,(0:0:0),(0:0:0),notifier,in_clk_enable_p,in_clk_enable_p,C_dly,D_dly)  $hold violation detected. Time: 7280400 ps, Ref Event Time Stamp: 7280204 ps, Data Event Time Stamp: 7280400 ps, Limit: 241 ps
WARNING: "C:/Xilinx/Vivado/2024.2/data/verilog/src/unisims/FDRE.v" Line 150: Timing violation in scope /top/bram_streamer_0/weight_bram_0/weight_fifo_push_reg/TChk150_29055 at time 7300381 ps $setuphold (posedge C,negedge D,(0:0:0),(0:0:0),notifier,in_clk_enable_p,in_clk_enable_p,C_dly,D_dly)  $setup violation detected. Time: 7300381 ps, Data Event Time Stamp: 7300381 ps, Ref Event Time Stamp: 7300204 ps, Limit: -45 ps
WARNING: "C:/Xilinx/Vivado/2024.2/data/verilog/src/unisims/FDRE.v" Line 150: Timing violation in scope /top/bram_streamer_0/weight_bram_0/weight_fifo_push_reg/TChk150_29055 at time 7300381 ps $setuphold (posedge C,negedge D,(0:0:0),(0:0:0),notifier,in_clk_enable_p,in_clk_enable_p,C_dly,D_dly)  $hold violation detected. Time: 7300381 ps, Ref Event Time Stamp: 7300204 ps, Data Event Time Stamp: 7300381 ps, Limit: 241 ps
WARNING: "C:/Xilinx/Vivado/2024.2/data/verilog/src/unisims/FDRE.v" Line 153: Timing violation in scope /top/bram_streamer_0/weight_bram_0/bram_en_reg/TChk153_29058 at time 7320394 ps $setuphold (posedge C,posedge D,(0:0:0),(0:0:0),notifier,in_clk_enable_p,in_clk_enable_p,C_dly,D_dly)  $setup violation detected. Time: 7320394 ps, Data Event Time Stamp: 7320394 ps, Ref Event Time Stamp: 7320198 ps, Limit: -45 ps
WARNING: "C:/Xilinx/Vivado/2024.2/data/verilog/src/unisims/FDRE.v" Line 153: Timing violation in scope /top/bram_streamer_0/weight_bram_0/bram_en_reg/TChk153_29058 at time 7320394 ps $setuphold (posedge C,posedge D,(0:0:0),(0:0:0),notifier,in_clk_enable_p,in_clk_enable_p,C_dly,D_dly)  $hold violation detected. Time: 7320394 ps, Ref Event Time Stamp: 7320198 ps, Data Event Time Stamp: 7320394 ps, Limit: 241 ps
WARNING: "C:/Xilinx/Vivado/2024.2/data/verilog/src/unisims/FDRE.v" Line 150: Timing violation in scope /top/bram_streamer_0/weight_bram_0/weight_fifo_push_reg/TChk150_29055 at time 7320400 ps $setuphold (posedge C,negedge D,(0:0:0),(0:0:0),notifier,in_clk_enable_p,in_clk_enable_p,C_dly,D_dly)  $setup violation detected. Time: 7320400 ps, Data Event Time Stamp: 7320400 ps, Ref Event Time Stamp: 7320204 ps, Limit: -45 ps
WARNING: "C:/Xilinx/Vivado/2024.2/data/verilog/src/unisims/FDRE.v" Line 150: Timing violation in scope /top/bram_streamer_0/weight_bram_0/weight_fifo_push_reg/TChk150_29055 at time 7320400 ps $setuphold (posedge C,negedge D,(0:0:0),(0:0:0),notifier,in_clk_enable_p,in_clk_enable_p,C_dly,D_dly)  $hold violation detected. Time: 7320400 ps, Ref Event Time Stamp: 7320204 ps, Data Event Time Stamp: 7320400 ps, Limit: 241 ps
WARNING: "C:/Xilinx/Vivado/2024.2/data/verilog/src/unisims/FDRE.v" Line 153: Timing violation in scope /top/bram_streamer_0/weight_bram_0/weight_fifo_push_reg/TChk153_29058 at time 7330400 ps $setuphold (posedge C,posedge D,(0:0:0),(0:0:0),notifier,in_clk_enable_p,in_clk_enable_p,C_dly,D_dly)  $setup violation detected. Time: 7330400 ps, Data Event Time Stamp: 7330400 ps, Ref Event Time Stamp: 7330204 ps, Limit: -45 ps
WARNING: "C:/Xilinx/Vivado/2024.2/data/verilog/src/unisims/FDRE.v" Line 153: Timing violation in scope /top/bram_streamer_0/weight_bram_0/weight_fifo_push_reg/TChk153_29058 at time 7330400 ps $setuphold (posedge C,posedge D,(0:0:0),(0:0:0),notifier,in_clk_enable_p,in_clk_enable_p,C_dly,D_dly)  $hold violation detected. Time: 7330400 ps, Ref Event Time Stamp: 7330204 ps, Data Event Time Stamp: 7330400 ps, Limit: 241 ps
WARNING: "C:/Xilinx/Vivado/2024.2/data/verilog/src/unisims/FDRE.v" Line 150: Timing violation in scope /top/bram_streamer_0/weight_bram_0/weight_fifo_push_reg/TChk150_29055 at time 7350381 ps $setuphold (posedge C,negedge D,(0:0:0),(0:0:0),notifier,in_clk_enable_p,in_clk_enable_p,C_dly,D_dly)  $setup violation detected. Time: 7350381 ps, Data Event Time Stamp: 7350381 ps, Ref Event Time Stamp: 7350204 ps, Limit: -45 ps
WARNING: "C:/Xilinx/Vivado/2024.2/data/verilog/src/unisims/FDRE.v" Line 150: Timing violation in scope /top/bram_streamer_0/weight_bram_0/weight_fifo_push_reg/TChk150_29055 at time 7350381 ps $setuphold (posedge C,negedge D,(0:0:0),(0:0:0),notifier,in_clk_enable_p,in_clk_enable_p,C_dly,D_dly)  $hold violation detected. Time: 7350381 ps, Ref Event Time Stamp: 7350204 ps, Data Event Time Stamp: 7350381 ps, Limit: 241 ps
WARNING: "C:/Xilinx/Vivado/2024.2/data/verilog/src/unisims/FDRE.v" Line 153: Timing violation in scope /top/bram_streamer_0/weight_bram_0/bram_en_reg/TChk153_29058 at time 7510394 ps $setuphold (posedge C,posedge D,(0:0:0),(0:0:0),notifier,in_clk_enable_p,in_clk_enable_p,C_dly,D_dly)  $setup violation detected. Time: 7510394 ps, Data Event Time Stamp: 7510394 ps, Ref Event Time Stamp: 7510198 ps, Limit: -45 ps
WARNING: "C:/Xilinx/Vivado/2024.2/data/verilog/src/unisims/FDRE.v" Line 153: Timing violation in scope /top/bram_streamer_0/weight_bram_0/bram_en_reg/TChk153_29058 at time 7510394 ps $setuphold (posedge C,posedge D,(0:0:0),(0:0:0),notifier,in_clk_enable_p,in_clk_enable_p,C_dly,D_dly)  $hold violation detected. Time: 7510394 ps, Ref Event Time Stamp: 7510198 ps, Data Event Time Stamp: 7510394 ps, Limit: 241 ps
WARNING: "C:/Xilinx/Vivado/2024.2/data/verilog/src/unisims/FDRE.v" Line 150: Timing violation in scope /top/bram_streamer_0/weight_bram_0/weight_fifo_push_reg/TChk150_29055 at time 7510400 ps $setuphold (posedge C,negedge D,(0:0:0),(0:0:0),notifier,in_clk_enable_p,in_clk_enable_p,C_dly,D_dly)  $setup violation detected. Time: 7510400 ps, Data Event Time Stamp: 7510400 ps, Ref Event Time Stamp: 7510204 ps, Limit: -45 ps
WARNING: "C:/Xilinx/Vivado/2024.2/data/verilog/src/unisims/FDRE.v" Line 150: Timing violation in scope /top/bram_streamer_0/weight_bram_0/weight_fifo_push_reg/TChk150_29055 at time 7510400 ps $setuphold (posedge C,negedge D,(0:0:0),(0:0:0),notifier,in_clk_enable_p,in_clk_enable_p,C_dly,D_dly)  $hold violation detected. Time: 7510400 ps, Ref Event Time Stamp: 7510204 ps, Data Event Time Stamp: 7510400 ps, Limit: 241 ps
WARNING: "C:/Xilinx/Vivado/2024.2/data/verilog/src/unisims/RAMB18E1.v" Line 989: Timing violation in scope /top/bram_streamer_0/bram1/mem_reg/TChk989_24102 at time 7540131 ps $setuphold (posedge CLKARDCLK,posedge REGCEAREGCE,(0:0:0),(0:0:0),notifier_a,clkardclk_en_p,clkardclk_en_p,CLKARDCLK_delay,REGCEAREGCE_delay)  $setup violation detected. Time: 7540131 ps, Data Event Time Stamp: 7539885 ps, Ref Event Time Stamp: 7540131 ps, Limit: 360 ps
WARNING: "C:/Xilinx/Vivado/2024.2/data/verilog/src/unisims/RAMB18E1.v" Line 990: Timing violation in scope /top/bram_streamer_0/bram1/mem_reg/TChk990_24103 at time 7550131 ps $setuphold (posedge CLKARDCLK,negedge REGCEAREGCE,(0:0:0),(0:0:0),notifier_a,clkardclk_en_p,clkardclk_en_p,CLKARDCLK_delay,REGCEAREGCE_delay)  $setup violation detected. Time: 7550131 ps, Data Event Time Stamp: 7549925 ps, Ref Event Time Stamp: 7550131 ps, Limit: 360 ps
WARNING: "C:/Xilinx/Vivado/2024.2/data/verilog/src/unisims/FDRE.v" Line 153: Timing violation in scope /top/bram_streamer_0/lif_bram_0/mem_done_reg/TChk153_29058 at time 7550447 ps $setuphold (posedge C,posedge D,(0:0:0),(0:0:0),notifier,in_clk_enable_p,in_clk_enable_p,C_dly,D_dly)  $setup violation detected. Time: 7550447 ps, Data Event Time Stamp: 7550447 ps, Ref Event Time Stamp: 7550245 ps, Limit: -60 ps
WARNING: "C:/Xilinx/Vivado/2024.2/data/verilog/src/unisims/FDRE.v" Line 153: Timing violation in scope /top/bram_streamer_0/lif_bram_0/mem_done_reg/TChk153_29058 at time 7550447 ps $setuphold (posedge C,posedge D,(0:0:0),(0:0:0),notifier,in_clk_enable_p,in_clk_enable_p,C_dly,D_dly)  $hold violation detected. Time: 7550447 ps, Ref Event Time Stamp: 7550245 ps, Data Event Time Stamp: 7550447 ps, Limit: 241 ps
WARNING: "C:/Xilinx/Vivado/2024.2/data/verilog/src/unisims/FDRE.v" Line 150: Timing violation in scope /top/bram_streamer_0/lif_bram_0/mem_done_reg/TChk150_29055 at time 7560447 ps $setuphold (posedge C,negedge D,(0:0:0),(0:0:0),notifier,in_clk_enable_p,in_clk_enable_p,C_dly,D_dly)  $setup violation detected. Time: 7560447 ps, Data Event Time Stamp: 7560447 ps, Ref Event Time Stamp: 7560245 ps, Limit: -60 ps
WARNING: "C:/Xilinx/Vivado/2024.2/data/verilog/src/unisims/FDRE.v" Line 150: Timing violation in scope /top/bram_streamer_0/lif_bram_0/mem_done_reg/TChk150_29055 at time 7560447 ps $setuphold (posedge C,negedge D,(0:0:0),(0:0:0),notifier,in_clk_enable_p,in_clk_enable_p,C_dly,D_dly)  $hold violation detected. Time: 7560447 ps, Ref Event Time Stamp: 7560245 ps, Data Event Time Stamp: 7560447 ps, Limit: 241 ps
WARNING: "C:/Xilinx/Vivado/2024.2/data/verilog/src/unisims/FDRE.v" Line 150: Timing violation in scope /top/bram_streamer_0/tile_idx_bram_0/addr_reg__11/TChk150_29055 at time 7620383 ps $setuphold (posedge C,negedge D,(0:0:0),(0:0:0),notifier,in_clk_enable_p,in_clk_enable_p,C_dly,D_dly)  $setup violation detected. Time: 7620383 ps, Data Event Time Stamp: 7620383 ps, Ref Event Time Stamp: 7620245 ps, Limit: -60 ps
WARNING: "C:/Xilinx/Vivado/2024.2/data/verilog/src/unisims/FDRE.v" Line 150: Timing violation in scope /top/bram_streamer_0/tile_idx_bram_0/addr_reg__11/TChk150_29055 at time 7620383 ps $setuphold (posedge C,negedge D,(0:0:0),(0:0:0),notifier,in_clk_enable_p,in_clk_enable_p,C_dly,D_dly)  $hold violation detected. Time: 7620383 ps, Ref Event Time Stamp: 7620245 ps, Data Event Time Stamp: 7620383 ps, Limit: 262 ps
WARNING: "C:/Xilinx/Vivado/2024.2/data/verilog/src/unisims/FDRE.v" Line 149: Timing violation in scope /top/bram_streamer_0/tile_idx_bram_0/addr_reg__11/TChk149_29054 at time 7630245 ps $setuphold (posedge C,negedge CE,(0:0:0),(0:0:0),notifier,ce_clk_enable_p,ce_clk_enable_p,C_dly,CE_dly)  $hold violation detected. Time: 7630245 ps, Ref Event Time Stamp: 7630245 ps, Data Event Time Stamp: 7630178 ps, Limit: -5 ps
WARNING: "C:/Xilinx/Vivado/2024.2/data/verilog/src/unisims/FDRE.v" Line 149: Timing violation in scope /top/bram_streamer_0/tile_idx_bram_0/addr_reg__11/TChk149_29054 at time 7630245 ps $setuphold (posedge C,negedge CE,(0:0:0),(0:0:0),notifier,ce_clk_enable_p,ce_clk_enable_p,C_dly,CE_dly)  $setup violation detected. Time: 7630245 ps, Data Event Time Stamp: 7630178 ps, Ref Event Time Stamp: 7630245 ps, Limit: 109 ps
WARNING: "C:/Xilinx/Vivado/2024.2/data/verilog/src/unisims/RAMB36E1.v" Line 1347: Timing violation in scope /top/bram_streamer_0/bram0/mem_reg/TChk1347_23798 at time 7640131 ps $setuphold (posedge CLKARDCLK,negedge ENARDEN,(0:0:0),(0:0:0),notifier_a,clkardclk_en_p,clkardclk_en_p,CLKARDCLK_delay,ENARDEN_delay)  $setup violation detected. Time: 7640131 ps, Data Event Time Stamp: 7639898 ps, Ref Event Time Stamp: 7640131 ps, Limit: 443 ps
WARNING: "C:/Xilinx/Vivado/2024.2/data/verilog/src/unisims/FDRE.v" Line 153: Timing violation in scope /top/bram_streamer_0/weight_bram_0/weight_fifo_push_reg/TChk153_29058 at time 7670400 ps $setuphold (posedge C,posedge D,(0:0:0),(0:0:0),notifier,in_clk_enable_p,in_clk_enable_p,C_dly,D_dly)  $setup violation detected. Time: 7670400 ps, Data Event Time Stamp: 7670400 ps, Ref Event Time Stamp: 7670204 ps, Limit: -45 ps
WARNING: "C:/Xilinx/Vivado/2024.2/data/verilog/src/unisims/FDRE.v" Line 153: Timing violation in scope /top/bram_streamer_0/weight_bram_0/weight_fifo_push_reg/TChk153_29058 at time 7670400 ps $setuphold (posedge C,posedge D,(0:0:0),(0:0:0),notifier,in_clk_enable_p,in_clk_enable_p,C_dly,D_dly)  $hold violation detected. Time: 7670400 ps, Ref Event Time Stamp: 7670204 ps, Data Event Time Stamp: 7670400 ps, Limit: 241 ps
WARNING: "C:/Xilinx/Vivado/2024.2/data/verilog/src/unisims/FDRE.v" Line 150: Timing violation in scope /top/bram_streamer_0/weight_bram_0/weight_fifo_push_reg/TChk150_29055 at time 7690381 ps $setuphold (posedge C,negedge D,(0:0:0),(0:0:0),notifier,in_clk_enable_p,in_clk_enable_p,C_dly,D_dly)  $setup violation detected. Time: 7690381 ps, Data Event Time Stamp: 7690381 ps, Ref Event Time Stamp: 7690204 ps, Limit: -45 ps
WARNING: "C:/Xilinx/Vivado/2024.2/data/verilog/src/unisims/FDRE.v" Line 150: Timing violation in scope /top/bram_streamer_0/weight_bram_0/weight_fifo_push_reg/TChk150_29055 at time 7690381 ps $setuphold (posedge C,negedge D,(0:0:0),(0:0:0),notifier,in_clk_enable_p,in_clk_enable_p,C_dly,D_dly)  $hold violation detected. Time: 7690381 ps, Ref Event Time Stamp: 7690204 ps, Data Event Time Stamp: 7690381 ps, Limit: 241 ps
WARNING: "C:/Xilinx/Vivado/2024.2/data/verilog/src/unisims/FDRE.v" Line 153: Timing violation in scope /top/bram_streamer_0/weight_bram_0/bram_en_reg/TChk153_29058 at time 7710394 ps $setuphold (posedge C,posedge D,(0:0:0),(0:0:0),notifier,in_clk_enable_p,in_clk_enable_p,C_dly,D_dly)  $setup violation detected. Time: 7710394 ps, Data Event Time Stamp: 7710394 ps, Ref Event Time Stamp: 7710198 ps, Limit: -45 ps
WARNING: "C:/Xilinx/Vivado/2024.2/data/verilog/src/unisims/FDRE.v" Line 153: Timing violation in scope /top/bram_streamer_0/weight_bram_0/bram_en_reg/TChk153_29058 at time 7710394 ps $setuphold (posedge C,posedge D,(0:0:0),(0:0:0),notifier,in_clk_enable_p,in_clk_enable_p,C_dly,D_dly)  $hold violation detected. Time: 7710394 ps, Ref Event Time Stamp: 7710198 ps, Data Event Time Stamp: 7710394 ps, Limit: 241 ps
WARNING: "C:/Xilinx/Vivado/2024.2/data/verilog/src/unisims/FDRE.v" Line 150: Timing violation in scope /top/bram_streamer_0/weight_bram_0/weight_fifo_push_reg/TChk150_29055 at time 7710400 ps $setuphold (posedge C,negedge D,(0:0:0),(0:0:0),notifier,in_clk_enable_p,in_clk_enable_p,C_dly,D_dly)  $setup violation detected. Time: 7710400 ps, Data Event Time Stamp: 7710400 ps, Ref Event Time Stamp: 7710204 ps, Limit: -45 ps
WARNING: "C:/Xilinx/Vivado/2024.2/data/verilog/src/unisims/FDRE.v" Line 150: Timing violation in scope /top/bram_streamer_0/weight_bram_0/weight_fifo_push_reg/TChk150_29055 at time 7710400 ps $setuphold (posedge C,negedge D,(0:0:0),(0:0:0),notifier,in_clk_enable_p,in_clk_enable_p,C_dly,D_dly)  $hold violation detected. Time: 7710400 ps, Ref Event Time Stamp: 7710204 ps, Data Event Time Stamp: 7710400 ps, Limit: 241 ps
WARNING: "C:/Xilinx/Vivado/2024.2/data/verilog/src/unisims/FDRE.v" Line 153: Timing violation in scope /top/bram_streamer_0/weight_bram_0/weight_fifo_push_reg/TChk153_29058 at time 7720400 ps $setuphold (posedge C,posedge D,(0:0:0),(0:0:0),notifier,in_clk_enable_p,in_clk_enable_p,C_dly,D_dly)  $setup violation detected. Time: 7720400 ps, Data Event Time Stamp: 7720400 ps, Ref Event Time Stamp: 7720204 ps, Limit: -45 ps
WARNING: "C:/Xilinx/Vivado/2024.2/data/verilog/src/unisims/FDRE.v" Line 153: Timing violation in scope /top/bram_streamer_0/weight_bram_0/weight_fifo_push_reg/TChk153_29058 at time 7720400 ps $setuphold (posedge C,posedge D,(0:0:0),(0:0:0),notifier,in_clk_enable_p,in_clk_enable_p,C_dly,D_dly)  $hold violation detected. Time: 7720400 ps, Ref Event Time Stamp: 7720204 ps, Data Event Time Stamp: 7720400 ps, Limit: 241 ps
WARNING: "C:/Xilinx/Vivado/2024.2/data/verilog/src/unisims/FDRE.v" Line 150: Timing violation in scope /top/bram_streamer_0/weight_bram_0/weight_fifo_push_reg/TChk150_29055 at time 7740381 ps $setuphold (posedge C,negedge D,(0:0:0),(0:0:0),notifier,in_clk_enable_p,in_clk_enable_p,C_dly,D_dly)  $setup violation detected. Time: 7740381 ps, Data Event Time Stamp: 7740381 ps, Ref Event Time Stamp: 7740204 ps, Limit: -45 ps
WARNING: "C:/Xilinx/Vivado/2024.2/data/verilog/src/unisims/FDRE.v" Line 150: Timing violation in scope /top/bram_streamer_0/weight_bram_0/weight_fifo_push_reg/TChk150_29055 at time 7740381 ps $setuphold (posedge C,negedge D,(0:0:0),(0:0:0),notifier,in_clk_enable_p,in_clk_enable_p,C_dly,D_dly)  $hold violation detected. Time: 7740381 ps, Ref Event Time Stamp: 7740204 ps, Data Event Time Stamp: 7740381 ps, Limit: 241 ps
WARNING: "C:/Xilinx/Vivado/2024.2/data/verilog/src/unisims/FDRE.v" Line 153: Timing violation in scope /top/bram_streamer_0/weight_bram_0/bram_en_reg/TChk153_29058 at time 7900394 ps $setuphold (posedge C,posedge D,(0:0:0),(0:0:0),notifier,in_clk_enable_p,in_clk_enable_p,C_dly,D_dly)  $setup violation detected. Time: 7900394 ps, Data Event Time Stamp: 7900394 ps, Ref Event Time Stamp: 7900198 ps, Limit: -45 ps
WARNING: "C:/Xilinx/Vivado/2024.2/data/verilog/src/unisims/FDRE.v" Line 153: Timing violation in scope /top/bram_streamer_0/weight_bram_0/bram_en_reg/TChk153_29058 at time 7900394 ps $setuphold (posedge C,posedge D,(0:0:0),(0:0:0),notifier,in_clk_enable_p,in_clk_enable_p,C_dly,D_dly)  $hold violation detected. Time: 7900394 ps, Ref Event Time Stamp: 7900198 ps, Data Event Time Stamp: 7900394 ps, Limit: 241 ps
WARNING: "C:/Xilinx/Vivado/2024.2/data/verilog/src/unisims/FDRE.v" Line 150: Timing violation in scope /top/bram_streamer_0/weight_bram_0/weight_fifo_push_reg/TChk150_29055 at time 7900400 ps $setuphold (posedge C,negedge D,(0:0:0),(0:0:0),notifier,in_clk_enable_p,in_clk_enable_p,C_dly,D_dly)  $setup violation detected. Time: 7900400 ps, Data Event Time Stamp: 7900400 ps, Ref Event Time Stamp: 7900204 ps, Limit: -45 ps
WARNING: "C:/Xilinx/Vivado/2024.2/data/verilog/src/unisims/FDRE.v" Line 150: Timing violation in scope /top/bram_streamer_0/weight_bram_0/weight_fifo_push_reg/TChk150_29055 at time 7900400 ps $setuphold (posedge C,negedge D,(0:0:0),(0:0:0),notifier,in_clk_enable_p,in_clk_enable_p,C_dly,D_dly)  $hold violation detected. Time: 7900400 ps, Ref Event Time Stamp: 7900204 ps, Data Event Time Stamp: 7900400 ps, Limit: 241 ps
WARNING: "C:/Xilinx/Vivado/2024.2/data/verilog/src/unisims/RAMB18E1.v" Line 989: Timing violation in scope /top/bram_streamer_0/bram1/mem_reg/TChk989_24102 at time 7930131 ps $setuphold (posedge CLKARDCLK,posedge REGCEAREGCE,(0:0:0),(0:0:0),notifier_a,clkardclk_en_p,clkardclk_en_p,CLKARDCLK_delay,REGCEAREGCE_delay)  $setup violation detected. Time: 7930131 ps, Data Event Time Stamp: 7929885 ps, Ref Event Time Stamp: 7930131 ps, Limit: 360 ps
WARNING: "C:/Xilinx/Vivado/2024.2/data/verilog/src/unisims/RAMB18E1.v" Line 990: Timing violation in scope /top/bram_streamer_0/bram1/mem_reg/TChk990_24103 at time 7940131 ps $setuphold (posedge CLKARDCLK,negedge REGCEAREGCE,(0:0:0),(0:0:0),notifier_a,clkardclk_en_p,clkardclk_en_p,CLKARDCLK_delay,REGCEAREGCE_delay)  $setup violation detected. Time: 7940131 ps, Data Event Time Stamp: 7939925 ps, Ref Event Time Stamp: 7940131 ps, Limit: 360 ps
WARNING: "C:/Xilinx/Vivado/2024.2/data/verilog/src/unisims/FDRE.v" Line 153: Timing violation in scope /top/bram_streamer_0/lif_bram_0/mem_done_reg/TChk153_29058 at time 7940447 ps $setuphold (posedge C,posedge D,(0:0:0),(0:0:0),notifier,in_clk_enable_p,in_clk_enable_p,C_dly,D_dly)  $setup violation detected. Time: 7940447 ps, Data Event Time Stamp: 7940447 ps, Ref Event Time Stamp: 7940245 ps, Limit: -60 ps
WARNING: "C:/Xilinx/Vivado/2024.2/data/verilog/src/unisims/FDRE.v" Line 153: Timing violation in scope /top/bram_streamer_0/lif_bram_0/mem_done_reg/TChk153_29058 at time 7940447 ps $setuphold (posedge C,posedge D,(0:0:0),(0:0:0),notifier,in_clk_enable_p,in_clk_enable_p,C_dly,D_dly)  $hold violation detected. Time: 7940447 ps, Ref Event Time Stamp: 7940245 ps, Data Event Time Stamp: 7940447 ps, Limit: 241 ps
WARNING: "C:/Xilinx/Vivado/2024.2/data/verilog/src/unisims/FDRE.v" Line 150: Timing violation in scope /top/bram_streamer_0/lif_bram_0/mem_done_reg/TChk150_29055 at time 7950447 ps $setuphold (posedge C,negedge D,(0:0:0),(0:0:0),notifier,in_clk_enable_p,in_clk_enable_p,C_dly,D_dly)  $setup violation detected. Time: 7950447 ps, Data Event Time Stamp: 7950447 ps, Ref Event Time Stamp: 7950245 ps, Limit: -60 ps
WARNING: "C:/Xilinx/Vivado/2024.2/data/verilog/src/unisims/FDRE.v" Line 150: Timing violation in scope /top/bram_streamer_0/lif_bram_0/mem_done_reg/TChk150_29055 at time 7950447 ps $setuphold (posedge C,negedge D,(0:0:0),(0:0:0),notifier,in_clk_enable_p,in_clk_enable_p,C_dly,D_dly)  $hold violation detected. Time: 7950447 ps, Ref Event Time Stamp: 7950245 ps, Data Event Time Stamp: 7950447 ps, Limit: 241 ps
WARNING: "C:/Xilinx/Vivado/2024.2/data/verilog/src/unisims/FDRE.v" Line 152: Timing violation in scope /top/bram_streamer_0/tile_idx_bram_0/addr_reg__11/TChk152_29057 at time 8010245 ps $setuphold (posedge C,posedge CE,(0:0:0),(0:0:0),notifier,ce_clk_enable_p,ce_clk_enable_p,C_dly,CE_dly)  $hold violation detected. Time: 8010245 ps, Ref Event Time Stamp: 8010245 ps, Data Event Time Stamp: 8010178 ps, Limit: -5 ps
WARNING: "C:/Xilinx/Vivado/2024.2/data/verilog/src/unisims/FDRE.v" Line 152: Timing violation in scope /top/bram_streamer_0/tile_idx_bram_0/addr_reg__11/TChk152_29057 at time 8010245 ps $setuphold (posedge C,posedge CE,(0:0:0),(0:0:0),notifier,ce_clk_enable_p,ce_clk_enable_p,C_dly,CE_dly)  $setup violation detected. Time: 8010245 ps, Data Event Time Stamp: 8010178 ps, Ref Event Time Stamp: 8010245 ps, Limit: 109 ps
WARNING: "C:/Xilinx/Vivado/2024.2/data/verilog/src/unisims/RAMB36E1.v" Line 1347: Timing violation in scope /top/bram_streamer_0/bram0/mem_reg/TChk1347_23798 at time 8030131 ps $setuphold (posedge CLKARDCLK,negedge ENARDEN,(0:0:0),(0:0:0),notifier_a,clkardclk_en_p,clkardclk_en_p,CLKARDCLK_delay,ENARDEN_delay)  $setup violation detected. Time: 8030131 ps, Data Event Time Stamp: 8029898 ps, Ref Event Time Stamp: 8030131 ps, Limit: 443 ps
WARNING: "C:/Xilinx/Vivado/2024.2/data/verilog/src/unisims/FDRE.v" Line 153: Timing violation in scope /top/bram_streamer_0/weight_bram_0/weight_fifo_push_reg/TChk153_29058 at time 8060400 ps $setuphold (posedge C,posedge D,(0:0:0),(0:0:0),notifier,in_clk_enable_p,in_clk_enable_p,C_dly,D_dly)  $setup violation detected. Time: 8060400 ps, Data Event Time Stamp: 8060400 ps, Ref Event Time Stamp: 8060204 ps, Limit: -45 ps
WARNING: "C:/Xilinx/Vivado/2024.2/data/verilog/src/unisims/FDRE.v" Line 153: Timing violation in scope /top/bram_streamer_0/weight_bram_0/weight_fifo_push_reg/TChk153_29058 at time 8060400 ps $setuphold (posedge C,posedge D,(0:0:0),(0:0:0),notifier,in_clk_enable_p,in_clk_enable_p,C_dly,D_dly)  $hold violation detected. Time: 8060400 ps, Ref Event Time Stamp: 8060204 ps, Data Event Time Stamp: 8060400 ps, Limit: 241 ps
WARNING: "C:/Xilinx/Vivado/2024.2/data/verilog/src/unisims/FDRE.v" Line 150: Timing violation in scope /top/bram_streamer_0/weight_bram_0/weight_fifo_push_reg/TChk150_29055 at time 8080381 ps $setuphold (posedge C,negedge D,(0:0:0),(0:0:0),notifier,in_clk_enable_p,in_clk_enable_p,C_dly,D_dly)  $setup violation detected. Time: 8080381 ps, Data Event Time Stamp: 8080381 ps, Ref Event Time Stamp: 8080204 ps, Limit: -45 ps
WARNING: "C:/Xilinx/Vivado/2024.2/data/verilog/src/unisims/FDRE.v" Line 150: Timing violation in scope /top/bram_streamer_0/weight_bram_0/weight_fifo_push_reg/TChk150_29055 at time 8080381 ps $setuphold (posedge C,negedge D,(0:0:0),(0:0:0),notifier,in_clk_enable_p,in_clk_enable_p,C_dly,D_dly)  $hold violation detected. Time: 8080381 ps, Ref Event Time Stamp: 8080204 ps, Data Event Time Stamp: 8080381 ps, Limit: 241 ps
WARNING: "C:/Xilinx/Vivado/2024.2/data/verilog/src/unisims/FDRE.v" Line 153: Timing violation in scope /top/bram_streamer_0/weight_bram_0/bram_en_reg/TChk153_29058 at time 8100394 ps $setuphold (posedge C,posedge D,(0:0:0),(0:0:0),notifier,in_clk_enable_p,in_clk_enable_p,C_dly,D_dly)  $setup violation detected. Time: 8100394 ps, Data Event Time Stamp: 8100394 ps, Ref Event Time Stamp: 8100198 ps, Limit: -45 ps
WARNING: "C:/Xilinx/Vivado/2024.2/data/verilog/src/unisims/FDRE.v" Line 153: Timing violation in scope /top/bram_streamer_0/weight_bram_0/bram_en_reg/TChk153_29058 at time 8100394 ps $setuphold (posedge C,posedge D,(0:0:0),(0:0:0),notifier,in_clk_enable_p,in_clk_enable_p,C_dly,D_dly)  $hold violation detected. Time: 8100394 ps, Ref Event Time Stamp: 8100198 ps, Data Event Time Stamp: 8100394 ps, Limit: 241 ps
WARNING: "C:/Xilinx/Vivado/2024.2/data/verilog/src/unisims/FDRE.v" Line 150: Timing violation in scope /top/bram_streamer_0/weight_bram_0/weight_fifo_push_reg/TChk150_29055 at time 8100400 ps $setuphold (posedge C,negedge D,(0:0:0),(0:0:0),notifier,in_clk_enable_p,in_clk_enable_p,C_dly,D_dly)  $setup violation detected. Time: 8100400 ps, Data Event Time Stamp: 8100400 ps, Ref Event Time Stamp: 8100204 ps, Limit: -45 ps
WARNING: "C:/Xilinx/Vivado/2024.2/data/verilog/src/unisims/FDRE.v" Line 150: Timing violation in scope /top/bram_streamer_0/weight_bram_0/weight_fifo_push_reg/TChk150_29055 at time 8100400 ps $setuphold (posedge C,negedge D,(0:0:0),(0:0:0),notifier,in_clk_enable_p,in_clk_enable_p,C_dly,D_dly)  $hold violation detected. Time: 8100400 ps, Ref Event Time Stamp: 8100204 ps, Data Event Time Stamp: 8100400 ps, Limit: 241 ps
WARNING: "C:/Xilinx/Vivado/2024.2/data/verilog/src/unisims/FDRE.v" Line 153: Timing violation in scope /top/bram_streamer_0/weight_bram_0/weight_fifo_push_reg/TChk153_29058 at time 8110400 ps $setuphold (posedge C,posedge D,(0:0:0),(0:0:0),notifier,in_clk_enable_p,in_clk_enable_p,C_dly,D_dly)  $setup violation detected. Time: 8110400 ps, Data Event Time Stamp: 8110400 ps, Ref Event Time Stamp: 8110204 ps, Limit: -45 ps
WARNING: "C:/Xilinx/Vivado/2024.2/data/verilog/src/unisims/FDRE.v" Line 153: Timing violation in scope /top/bram_streamer_0/weight_bram_0/weight_fifo_push_reg/TChk153_29058 at time 8110400 ps $setuphold (posedge C,posedge D,(0:0:0),(0:0:0),notifier,in_clk_enable_p,in_clk_enable_p,C_dly,D_dly)  $hold violation detected. Time: 8110400 ps, Ref Event Time Stamp: 8110204 ps, Data Event Time Stamp: 8110400 ps, Limit: 241 ps
WARNING: "C:/Xilinx/Vivado/2024.2/data/verilog/src/unisims/FDRE.v" Line 150: Timing violation in scope /top/bram_streamer_0/weight_bram_0/weight_fifo_push_reg/TChk150_29055 at time 8130381 ps $setuphold (posedge C,negedge D,(0:0:0),(0:0:0),notifier,in_clk_enable_p,in_clk_enable_p,C_dly,D_dly)  $setup violation detected. Time: 8130381 ps, Data Event Time Stamp: 8130381 ps, Ref Event Time Stamp: 8130204 ps, Limit: -45 ps
WARNING: "C:/Xilinx/Vivado/2024.2/data/verilog/src/unisims/FDRE.v" Line 150: Timing violation in scope /top/bram_streamer_0/weight_bram_0/weight_fifo_push_reg/TChk150_29055 at time 8130381 ps $setuphold (posedge C,negedge D,(0:0:0),(0:0:0),notifier,in_clk_enable_p,in_clk_enable_p,C_dly,D_dly)  $hold violation detected. Time: 8130381 ps, Ref Event Time Stamp: 8130204 ps, Data Event Time Stamp: 8130381 ps, Limit: 241 ps
WARNING: "C:/Xilinx/Vivado/2024.2/data/verilog/src/unisims/FDRE.v" Line 153: Timing violation in scope /top/bram_streamer_0/weight_bram_0/bram_en_reg/TChk153_29058 at time 8290394 ps $setuphold (posedge C,posedge D,(0:0:0),(0:0:0),notifier,in_clk_enable_p,in_clk_enable_p,C_dly,D_dly)  $setup violation detected. Time: 8290394 ps, Data Event Time Stamp: 8290394 ps, Ref Event Time Stamp: 8290198 ps, Limit: -45 ps
WARNING: "C:/Xilinx/Vivado/2024.2/data/verilog/src/unisims/FDRE.v" Line 153: Timing violation in scope /top/bram_streamer_0/weight_bram_0/bram_en_reg/TChk153_29058 at time 8290394 ps $setuphold (posedge C,posedge D,(0:0:0),(0:0:0),notifier,in_clk_enable_p,in_clk_enable_p,C_dly,D_dly)  $hold violation detected. Time: 8290394 ps, Ref Event Time Stamp: 8290198 ps, Data Event Time Stamp: 8290394 ps, Limit: 241 ps
WARNING: "C:/Xilinx/Vivado/2024.2/data/verilog/src/unisims/FDRE.v" Line 150: Timing violation in scope /top/bram_streamer_0/weight_bram_0/weight_fifo_push_reg/TChk150_29055 at time 8290400 ps $setuphold (posedge C,negedge D,(0:0:0),(0:0:0),notifier,in_clk_enable_p,in_clk_enable_p,C_dly,D_dly)  $setup violation detected. Time: 8290400 ps, Data Event Time Stamp: 8290400 ps, Ref Event Time Stamp: 8290204 ps, Limit: -45 ps
WARNING: "C:/Xilinx/Vivado/2024.2/data/verilog/src/unisims/FDRE.v" Line 150: Timing violation in scope /top/bram_streamer_0/weight_bram_0/weight_fifo_push_reg/TChk150_29055 at time 8290400 ps $setuphold (posedge C,negedge D,(0:0:0),(0:0:0),notifier,in_clk_enable_p,in_clk_enable_p,C_dly,D_dly)  $hold violation detected. Time: 8290400 ps, Ref Event Time Stamp: 8290204 ps, Data Event Time Stamp: 8290400 ps, Limit: 241 ps
WARNING: "C:/Xilinx/Vivado/2024.2/data/verilog/src/unisims/RAMB18E1.v" Line 989: Timing violation in scope /top/bram_streamer_0/bram1/mem_reg/TChk989_24102 at time 8320131 ps $setuphold (posedge CLKARDCLK,posedge REGCEAREGCE,(0:0:0),(0:0:0),notifier_a,clkardclk_en_p,clkardclk_en_p,CLKARDCLK_delay,REGCEAREGCE_delay)  $setup violation detected. Time: 8320131 ps, Data Event Time Stamp: 8319885 ps, Ref Event Time Stamp: 8320131 ps, Limit: 360 ps
WARNING: "C:/Xilinx/Vivado/2024.2/data/verilog/src/unisims/RAMB18E1.v" Line 990: Timing violation in scope /top/bram_streamer_0/bram1/mem_reg/TChk990_24103 at time 8330131 ps $setuphold (posedge CLKARDCLK,negedge REGCEAREGCE,(0:0:0),(0:0:0),notifier_a,clkardclk_en_p,clkardclk_en_p,CLKARDCLK_delay,REGCEAREGCE_delay)  $setup violation detected. Time: 8330131 ps, Data Event Time Stamp: 8329925 ps, Ref Event Time Stamp: 8330131 ps, Limit: 360 ps
WARNING: "C:/Xilinx/Vivado/2024.2/data/verilog/src/unisims/FDRE.v" Line 153: Timing violation in scope /top/bram_streamer_0/lif_bram_0/mem_done_reg/TChk153_29058 at time 8330447 ps $setuphold (posedge C,posedge D,(0:0:0),(0:0:0),notifier,in_clk_enable_p,in_clk_enable_p,C_dly,D_dly)  $setup violation detected. Time: 8330447 ps, Data Event Time Stamp: 8330447 ps, Ref Event Time Stamp: 8330245 ps, Limit: -60 ps
WARNING: "C:/Xilinx/Vivado/2024.2/data/verilog/src/unisims/FDRE.v" Line 153: Timing violation in scope /top/bram_streamer_0/lif_bram_0/mem_done_reg/TChk153_29058 at time 8330447 ps $setuphold (posedge C,posedge D,(0:0:0),(0:0:0),notifier,in_clk_enable_p,in_clk_enable_p,C_dly,D_dly)  $hold violation detected. Time: 8330447 ps, Ref Event Time Stamp: 8330245 ps, Data Event Time Stamp: 8330447 ps, Limit: 241 ps
WARNING: "C:/Xilinx/Vivado/2024.2/data/verilog/src/unisims/FDRE.v" Line 150: Timing violation in scope /top/bram_streamer_0/lif_bram_0/mem_done_reg/TChk150_29055 at time 8340447 ps $setuphold (posedge C,negedge D,(0:0:0),(0:0:0),notifier,in_clk_enable_p,in_clk_enable_p,C_dly,D_dly)  $setup violation detected. Time: 8340447 ps, Data Event Time Stamp: 8340447 ps, Ref Event Time Stamp: 8340245 ps, Limit: -60 ps
WARNING: "C:/Xilinx/Vivado/2024.2/data/verilog/src/unisims/FDRE.v" Line 150: Timing violation in scope /top/bram_streamer_0/lif_bram_0/mem_done_reg/TChk150_29055 at time 8340447 ps $setuphold (posedge C,negedge D,(0:0:0),(0:0:0),notifier,in_clk_enable_p,in_clk_enable_p,C_dly,D_dly)  $hold violation detected. Time: 8340447 ps, Ref Event Time Stamp: 8340245 ps, Data Event Time Stamp: 8340447 ps, Limit: 241 ps
WARNING: "C:/Xilinx/Vivado/2024.2/data/verilog/src/unisims/FDRE.v" Line 153: Timing violation in scope /top/bram_streamer_0/tile_idx_bram_0/addr_reg__11/TChk153_29058 at time 8400383 ps $setuphold (posedge C,posedge D,(0:0:0),(0:0:0),notifier,in_clk_enable_p,in_clk_enable_p,C_dly,D_dly)  $setup violation detected. Time: 8400383 ps, Data Event Time Stamp: 8400383 ps, Ref Event Time Stamp: 8400245 ps, Limit: -60 ps
WARNING: "C:/Xilinx/Vivado/2024.2/data/verilog/src/unisims/FDRE.v" Line 153: Timing violation in scope /top/bram_streamer_0/tile_idx_bram_0/addr_reg__11/TChk153_29058 at time 8400383 ps $setuphold (posedge C,posedge D,(0:0:0),(0:0:0),notifier,in_clk_enable_p,in_clk_enable_p,C_dly,D_dly)  $hold violation detected. Time: 8400383 ps, Ref Event Time Stamp: 8400245 ps, Data Event Time Stamp: 8400383 ps, Limit: 262 ps
WARNING: "C:/Xilinx/Vivado/2024.2/data/verilog/src/unisims/FDRE.v" Line 149: Timing violation in scope /top/bram_streamer_0/tile_idx_bram_0/addr_reg__11/TChk149_29054 at time 8410245 ps $setuphold (posedge C,negedge CE,(0:0:0),(0:0:0),notifier,ce_clk_enable_p,ce_clk_enable_p,C_dly,CE_dly)  $hold violation detected. Time: 8410245 ps, Ref Event Time Stamp: 8410245 ps, Data Event Time Stamp: 8410178 ps, Limit: -5 ps
WARNING: "C:/Xilinx/Vivado/2024.2/data/verilog/src/unisims/FDRE.v" Line 149: Timing violation in scope /top/bram_streamer_0/tile_idx_bram_0/addr_reg__11/TChk149_29054 at time 8410245 ps $setuphold (posedge C,negedge CE,(0:0:0),(0:0:0),notifier,ce_clk_enable_p,ce_clk_enable_p,C_dly,CE_dly)  $setup violation detected. Time: 8410245 ps, Data Event Time Stamp: 8410178 ps, Ref Event Time Stamp: 8410245 ps, Limit: 109 ps
WARNING: "C:/Xilinx/Vivado/2024.2/data/verilog/src/unisims/RAMB36E1.v" Line 1347: Timing violation in scope /top/bram_streamer_0/bram0/mem_reg/TChk1347_23798 at time 8420131 ps $setuphold (posedge CLKARDCLK,negedge ENARDEN,(0:0:0),(0:0:0),notifier_a,clkardclk_en_p,clkardclk_en_p,CLKARDCLK_delay,ENARDEN_delay)  $setup violation detected. Time: 8420131 ps, Data Event Time Stamp: 8419898 ps, Ref Event Time Stamp: 8420131 ps, Limit: 443 ps
WARNING: "C:/Xilinx/Vivado/2024.2/data/verilog/src/unisims/FDRE.v" Line 153: Timing violation in scope /top/bram_streamer_0/weight_bram_0/weight_fifo_push_reg/TChk153_29058 at time 8450400 ps $setuphold (posedge C,posedge D,(0:0:0),(0:0:0),notifier,in_clk_enable_p,in_clk_enable_p,C_dly,D_dly)  $setup violation detected. Time: 8450400 ps, Data Event Time Stamp: 8450400 ps, Ref Event Time Stamp: 8450204 ps, Limit: -45 ps
WARNING: "C:/Xilinx/Vivado/2024.2/data/verilog/src/unisims/FDRE.v" Line 153: Timing violation in scope /top/bram_streamer_0/weight_bram_0/weight_fifo_push_reg/TChk153_29058 at time 8450400 ps $setuphold (posedge C,posedge D,(0:0:0),(0:0:0),notifier,in_clk_enable_p,in_clk_enable_p,C_dly,D_dly)  $hold violation detected. Time: 8450400 ps, Ref Event Time Stamp: 8450204 ps, Data Event Time Stamp: 8450400 ps, Limit: 241 ps
WARNING: "C:/Xilinx/Vivado/2024.2/data/verilog/src/unisims/FDRE.v" Line 150: Timing violation in scope /top/bram_streamer_0/weight_bram_0/weight_fifo_push_reg/TChk150_29055 at time 8470381 ps $setuphold (posedge C,negedge D,(0:0:0),(0:0:0),notifier,in_clk_enable_p,in_clk_enable_p,C_dly,D_dly)  $setup violation detected. Time: 8470381 ps, Data Event Time Stamp: 8470381 ps, Ref Event Time Stamp: 8470204 ps, Limit: -45 ps
WARNING: "C:/Xilinx/Vivado/2024.2/data/verilog/src/unisims/FDRE.v" Line 150: Timing violation in scope /top/bram_streamer_0/weight_bram_0/weight_fifo_push_reg/TChk150_29055 at time 8470381 ps $setuphold (posedge C,negedge D,(0:0:0),(0:0:0),notifier,in_clk_enable_p,in_clk_enable_p,C_dly,D_dly)  $hold violation detected. Time: 8470381 ps, Ref Event Time Stamp: 8470204 ps, Data Event Time Stamp: 8470381 ps, Limit: 241 ps
WARNING: "C:/Xilinx/Vivado/2024.2/data/verilog/src/unisims/FDRE.v" Line 153: Timing violation in scope /top/bram_streamer_0/weight_bram_0/bram_en_reg/TChk153_29058 at time 8490394 ps $setuphold (posedge C,posedge D,(0:0:0),(0:0:0),notifier,in_clk_enable_p,in_clk_enable_p,C_dly,D_dly)  $setup violation detected. Time: 8490394 ps, Data Event Time Stamp: 8490394 ps, Ref Event Time Stamp: 8490198 ps, Limit: -45 ps
WARNING: "C:/Xilinx/Vivado/2024.2/data/verilog/src/unisims/FDRE.v" Line 153: Timing violation in scope /top/bram_streamer_0/weight_bram_0/bram_en_reg/TChk153_29058 at time 8490394 ps $setuphold (posedge C,posedge D,(0:0:0),(0:0:0),notifier,in_clk_enable_p,in_clk_enable_p,C_dly,D_dly)  $hold violation detected. Time: 8490394 ps, Ref Event Time Stamp: 8490198 ps, Data Event Time Stamp: 8490394 ps, Limit: 241 ps
WARNING: "C:/Xilinx/Vivado/2024.2/data/verilog/src/unisims/FDRE.v" Line 150: Timing violation in scope /top/bram_streamer_0/weight_bram_0/weight_fifo_push_reg/TChk150_29055 at time 8490400 ps $setuphold (posedge C,negedge D,(0:0:0),(0:0:0),notifier,in_clk_enable_p,in_clk_enable_p,C_dly,D_dly)  $setup violation detected. Time: 8490400 ps, Data Event Time Stamp: 8490400 ps, Ref Event Time Stamp: 8490204 ps, Limit: -45 ps
WARNING: "C:/Xilinx/Vivado/2024.2/data/verilog/src/unisims/FDRE.v" Line 150: Timing violation in scope /top/bram_streamer_0/weight_bram_0/weight_fifo_push_reg/TChk150_29055 at time 8490400 ps $setuphold (posedge C,negedge D,(0:0:0),(0:0:0),notifier,in_clk_enable_p,in_clk_enable_p,C_dly,D_dly)  $hold violation detected. Time: 8490400 ps, Ref Event Time Stamp: 8490204 ps, Data Event Time Stamp: 8490400 ps, Limit: 241 ps
WARNING: "C:/Xilinx/Vivado/2024.2/data/verilog/src/unisims/FDRE.v" Line 153: Timing violation in scope /top/bram_streamer_0/weight_bram_0/weight_fifo_push_reg/TChk153_29058 at time 8500400 ps $setuphold (posedge C,posedge D,(0:0:0),(0:0:0),notifier,in_clk_enable_p,in_clk_enable_p,C_dly,D_dly)  $setup violation detected. Time: 8500400 ps, Data Event Time Stamp: 8500400 ps, Ref Event Time Stamp: 8500204 ps, Limit: -45 ps
WARNING: "C:/Xilinx/Vivado/2024.2/data/verilog/src/unisims/FDRE.v" Line 153: Timing violation in scope /top/bram_streamer_0/weight_bram_0/weight_fifo_push_reg/TChk153_29058 at time 8500400 ps $setuphold (posedge C,posedge D,(0:0:0),(0:0:0),notifier,in_clk_enable_p,in_clk_enable_p,C_dly,D_dly)  $hold violation detected. Time: 8500400 ps, Ref Event Time Stamp: 8500204 ps, Data Event Time Stamp: 8500400 ps, Limit: 241 ps
WARNING: "C:/Xilinx/Vivado/2024.2/data/verilog/src/unisims/FDRE.v" Line 150: Timing violation in scope /top/bram_streamer_0/weight_bram_0/weight_fifo_push_reg/TChk150_29055 at time 8520381 ps $setuphold (posedge C,negedge D,(0:0:0),(0:0:0),notifier,in_clk_enable_p,in_clk_enable_p,C_dly,D_dly)  $setup violation detected. Time: 8520381 ps, Data Event Time Stamp: 8520381 ps, Ref Event Time Stamp: 8520204 ps, Limit: -45 ps
WARNING: "C:/Xilinx/Vivado/2024.2/data/verilog/src/unisims/FDRE.v" Line 150: Timing violation in scope /top/bram_streamer_0/weight_bram_0/weight_fifo_push_reg/TChk150_29055 at time 8520381 ps $setuphold (posedge C,negedge D,(0:0:0),(0:0:0),notifier,in_clk_enable_p,in_clk_enable_p,C_dly,D_dly)  $hold violation detected. Time: 8520381 ps, Ref Event Time Stamp: 8520204 ps, Data Event Time Stamp: 8520381 ps, Limit: 241 ps
WARNING: "C:/Xilinx/Vivado/2024.2/data/verilog/src/unisims/FDRE.v" Line 153: Timing violation in scope /top/bram_streamer_0/weight_bram_0/bram_en_reg/TChk153_29058 at time 8680394 ps $setuphold (posedge C,posedge D,(0:0:0),(0:0:0),notifier,in_clk_enable_p,in_clk_enable_p,C_dly,D_dly)  $setup violation detected. Time: 8680394 ps, Data Event Time Stamp: 8680394 ps, Ref Event Time Stamp: 8680198 ps, Limit: -45 ps
WARNING: "C:/Xilinx/Vivado/2024.2/data/verilog/src/unisims/FDRE.v" Line 153: Timing violation in scope /top/bram_streamer_0/weight_bram_0/bram_en_reg/TChk153_29058 at time 8680394 ps $setuphold (posedge C,posedge D,(0:0:0),(0:0:0),notifier,in_clk_enable_p,in_clk_enable_p,C_dly,D_dly)  $hold violation detected. Time: 8680394 ps, Ref Event Time Stamp: 8680198 ps, Data Event Time Stamp: 8680394 ps, Limit: 241 ps
WARNING: "C:/Xilinx/Vivado/2024.2/data/verilog/src/unisims/FDRE.v" Line 150: Timing violation in scope /top/bram_streamer_0/weight_bram_0/weight_fifo_push_reg/TChk150_29055 at time 8680400 ps $setuphold (posedge C,negedge D,(0:0:0),(0:0:0),notifier,in_clk_enable_p,in_clk_enable_p,C_dly,D_dly)  $setup violation detected. Time: 8680400 ps, Data Event Time Stamp: 8680400 ps, Ref Event Time Stamp: 8680204 ps, Limit: -45 ps
WARNING: "C:/Xilinx/Vivado/2024.2/data/verilog/src/unisims/FDRE.v" Line 150: Timing violation in scope /top/bram_streamer_0/weight_bram_0/weight_fifo_push_reg/TChk150_29055 at time 8680400 ps $setuphold (posedge C,negedge D,(0:0:0),(0:0:0),notifier,in_clk_enable_p,in_clk_enable_p,C_dly,D_dly)  $hold violation detected. Time: 8680400 ps, Ref Event Time Stamp: 8680204 ps, Data Event Time Stamp: 8680400 ps, Limit: 241 ps
WARNING: "C:/Xilinx/Vivado/2024.2/data/verilog/src/unisims/RAMB18E1.v" Line 989: Timing violation in scope /top/bram_streamer_0/bram1/mem_reg/TChk989_24102 at time 8710131 ps $setuphold (posedge CLKARDCLK,posedge REGCEAREGCE,(0:0:0),(0:0:0),notifier_a,clkardclk_en_p,clkardclk_en_p,CLKARDCLK_delay,REGCEAREGCE_delay)  $setup violation detected. Time: 8710131 ps, Data Event Time Stamp: 8709885 ps, Ref Event Time Stamp: 8710131 ps, Limit: 360 ps
WARNING: "C:/Xilinx/Vivado/2024.2/data/verilog/src/unisims/RAMB18E1.v" Line 990: Timing violation in scope /top/bram_streamer_0/bram1/mem_reg/TChk990_24103 at time 8720131 ps $setuphold (posedge CLKARDCLK,negedge REGCEAREGCE,(0:0:0),(0:0:0),notifier_a,clkardclk_en_p,clkardclk_en_p,CLKARDCLK_delay,REGCEAREGCE_delay)  $setup violation detected. Time: 8720131 ps, Data Event Time Stamp: 8719925 ps, Ref Event Time Stamp: 8720131 ps, Limit: 360 ps
WARNING: "C:/Xilinx/Vivado/2024.2/data/verilog/src/unisims/FDRE.v" Line 153: Timing violation in scope /top/bram_streamer_0/lif_bram_0/mem_done_reg/TChk153_29058 at time 8720447 ps $setuphold (posedge C,posedge D,(0:0:0),(0:0:0),notifier,in_clk_enable_p,in_clk_enable_p,C_dly,D_dly)  $setup violation detected. Time: 8720447 ps, Data Event Time Stamp: 8720447 ps, Ref Event Time Stamp: 8720245 ps, Limit: -60 ps
WARNING: "C:/Xilinx/Vivado/2024.2/data/verilog/src/unisims/FDRE.v" Line 153: Timing violation in scope /top/bram_streamer_0/lif_bram_0/mem_done_reg/TChk153_29058 at time 8720447 ps $setuphold (posedge C,posedge D,(0:0:0),(0:0:0),notifier,in_clk_enable_p,in_clk_enable_p,C_dly,D_dly)  $hold violation detected. Time: 8720447 ps, Ref Event Time Stamp: 8720245 ps, Data Event Time Stamp: 8720447 ps, Limit: 241 ps
WARNING: "C:/Xilinx/Vivado/2024.2/data/verilog/src/unisims/FDRE.v" Line 150: Timing violation in scope /top/bram_streamer_0/lif_bram_0/mem_done_reg/TChk150_29055 at time 8730447 ps $setuphold (posedge C,negedge D,(0:0:0),(0:0:0),notifier,in_clk_enable_p,in_clk_enable_p,C_dly,D_dly)  $setup violation detected. Time: 8730447 ps, Data Event Time Stamp: 8730447 ps, Ref Event Time Stamp: 8730245 ps, Limit: -60 ps
WARNING: "C:/Xilinx/Vivado/2024.2/data/verilog/src/unisims/FDRE.v" Line 150: Timing violation in scope /top/bram_streamer_0/lif_bram_0/mem_done_reg/TChk150_29055 at time 8730447 ps $setuphold (posedge C,negedge D,(0:0:0),(0:0:0),notifier,in_clk_enable_p,in_clk_enable_p,C_dly,D_dly)  $hold violation detected. Time: 8730447 ps, Ref Event Time Stamp: 8730245 ps, Data Event Time Stamp: 8730447 ps, Limit: 241 ps
WARNING: "C:/Xilinx/Vivado/2024.2/data/verilog/src/unisims/FDRE.v" Line 152: Timing violation in scope /top/bram_streamer_0/tile_idx_bram_0/addr_reg__11/TChk152_29057 at time 8790245 ps $setuphold (posedge C,posedge CE,(0:0:0),(0:0:0),notifier,ce_clk_enable_p,ce_clk_enable_p,C_dly,CE_dly)  $hold violation detected. Time: 8790245 ps, Ref Event Time Stamp: 8790245 ps, Data Event Time Stamp: 8790178 ps, Limit: -5 ps
WARNING: "C:/Xilinx/Vivado/2024.2/data/verilog/src/unisims/FDRE.v" Line 152: Timing violation in scope /top/bram_streamer_0/tile_idx_bram_0/addr_reg__11/TChk152_29057 at time 8790245 ps $setuphold (posedge C,posedge CE,(0:0:0),(0:0:0),notifier,ce_clk_enable_p,ce_clk_enable_p,C_dly,CE_dly)  $setup violation detected. Time: 8790245 ps, Data Event Time Stamp: 8790178 ps, Ref Event Time Stamp: 8790245 ps, Limit: 109 ps
WARNING: "C:/Xilinx/Vivado/2024.2/data/verilog/src/unisims/RAMB36E1.v" Line 1347: Timing violation in scope /top/bram_streamer_0/bram0/mem_reg/TChk1347_23798 at time 8810131 ps $setuphold (posedge CLKARDCLK,negedge ENARDEN,(0:0:0),(0:0:0),notifier_a,clkardclk_en_p,clkardclk_en_p,CLKARDCLK_delay,ENARDEN_delay)  $setup violation detected. Time: 8810131 ps, Data Event Time Stamp: 8809898 ps, Ref Event Time Stamp: 8810131 ps, Limit: 443 ps
WARNING: "C:/Xilinx/Vivado/2024.2/data/verilog/src/unisims/FDRE.v" Line 153: Timing violation in scope /top/bram_streamer_0/weight_bram_0/weight_fifo_push_reg/TChk153_29058 at time 8840400 ps $setuphold (posedge C,posedge D,(0:0:0),(0:0:0),notifier,in_clk_enable_p,in_clk_enable_p,C_dly,D_dly)  $setup violation detected. Time: 8840400 ps, Data Event Time Stamp: 8840400 ps, Ref Event Time Stamp: 8840204 ps, Limit: -45 ps
WARNING: "C:/Xilinx/Vivado/2024.2/data/verilog/src/unisims/FDRE.v" Line 153: Timing violation in scope /top/bram_streamer_0/weight_bram_0/weight_fifo_push_reg/TChk153_29058 at time 8840400 ps $setuphold (posedge C,posedge D,(0:0:0),(0:0:0),notifier,in_clk_enable_p,in_clk_enable_p,C_dly,D_dly)  $hold violation detected. Time: 8840400 ps, Ref Event Time Stamp: 8840204 ps, Data Event Time Stamp: 8840400 ps, Limit: 241 ps
WARNING: "C:/Xilinx/Vivado/2024.2/data/verilog/src/unisims/FDRE.v" Line 150: Timing violation in scope /top/bram_streamer_0/weight_bram_0/weight_fifo_push_reg/TChk150_29055 at time 8860381 ps $setuphold (posedge C,negedge D,(0:0:0),(0:0:0),notifier,in_clk_enable_p,in_clk_enable_p,C_dly,D_dly)  $setup violation detected. Time: 8860381 ps, Data Event Time Stamp: 8860381 ps, Ref Event Time Stamp: 8860204 ps, Limit: -45 ps
WARNING: "C:/Xilinx/Vivado/2024.2/data/verilog/src/unisims/FDRE.v" Line 150: Timing violation in scope /top/bram_streamer_0/weight_bram_0/weight_fifo_push_reg/TChk150_29055 at time 8860381 ps $setuphold (posedge C,negedge D,(0:0:0),(0:0:0),notifier,in_clk_enable_p,in_clk_enable_p,C_dly,D_dly)  $hold violation detected. Time: 8860381 ps, Ref Event Time Stamp: 8860204 ps, Data Event Time Stamp: 8860381 ps, Limit: 241 ps
WARNING: "C:/Xilinx/Vivado/2024.2/data/verilog/src/unisims/FDRE.v" Line 153: Timing violation in scope /top/bram_streamer_0/weight_bram_0/bram_en_reg/TChk153_29058 at time 8880394 ps $setuphold (posedge C,posedge D,(0:0:0),(0:0:0),notifier,in_clk_enable_p,in_clk_enable_p,C_dly,D_dly)  $setup violation detected. Time: 8880394 ps, Data Event Time Stamp: 8880394 ps, Ref Event Time Stamp: 8880198 ps, Limit: -45 ps
WARNING: "C:/Xilinx/Vivado/2024.2/data/verilog/src/unisims/FDRE.v" Line 153: Timing violation in scope /top/bram_streamer_0/weight_bram_0/bram_en_reg/TChk153_29058 at time 8880394 ps $setuphold (posedge C,posedge D,(0:0:0),(0:0:0),notifier,in_clk_enable_p,in_clk_enable_p,C_dly,D_dly)  $hold violation detected. Time: 8880394 ps, Ref Event Time Stamp: 8880198 ps, Data Event Time Stamp: 8880394 ps, Limit: 241 ps
WARNING: "C:/Xilinx/Vivado/2024.2/data/verilog/src/unisims/FDRE.v" Line 150: Timing violation in scope /top/bram_streamer_0/weight_bram_0/weight_fifo_push_reg/TChk150_29055 at time 8880400 ps $setuphold (posedge C,negedge D,(0:0:0),(0:0:0),notifier,in_clk_enable_p,in_clk_enable_p,C_dly,D_dly)  $setup violation detected. Time: 8880400 ps, Data Event Time Stamp: 8880400 ps, Ref Event Time Stamp: 8880204 ps, Limit: -45 ps
WARNING: "C:/Xilinx/Vivado/2024.2/data/verilog/src/unisims/FDRE.v" Line 150: Timing violation in scope /top/bram_streamer_0/weight_bram_0/weight_fifo_push_reg/TChk150_29055 at time 8880400 ps $setuphold (posedge C,negedge D,(0:0:0),(0:0:0),notifier,in_clk_enable_p,in_clk_enable_p,C_dly,D_dly)  $hold violation detected. Time: 8880400 ps, Ref Event Time Stamp: 8880204 ps, Data Event Time Stamp: 8880400 ps, Limit: 241 ps
WARNING: "C:/Xilinx/Vivado/2024.2/data/verilog/src/unisims/FDRE.v" Line 153: Timing violation in scope /top/bram_streamer_0/weight_bram_0/weight_fifo_push_reg/TChk153_29058 at time 8890400 ps $setuphold (posedge C,posedge D,(0:0:0),(0:0:0),notifier,in_clk_enable_p,in_clk_enable_p,C_dly,D_dly)  $setup violation detected. Time: 8890400 ps, Data Event Time Stamp: 8890400 ps, Ref Event Time Stamp: 8890204 ps, Limit: -45 ps
WARNING: "C:/Xilinx/Vivado/2024.2/data/verilog/src/unisims/FDRE.v" Line 153: Timing violation in scope /top/bram_streamer_0/weight_bram_0/weight_fifo_push_reg/TChk153_29058 at time 8890400 ps $setuphold (posedge C,posedge D,(0:0:0),(0:0:0),notifier,in_clk_enable_p,in_clk_enable_p,C_dly,D_dly)  $hold violation detected. Time: 8890400 ps, Ref Event Time Stamp: 8890204 ps, Data Event Time Stamp: 8890400 ps, Limit: 241 ps
WARNING: "C:/Xilinx/Vivado/2024.2/data/verilog/src/unisims/FDRE.v" Line 150: Timing violation in scope /top/bram_streamer_0/weight_bram_0/weight_fifo_push_reg/TChk150_29055 at time 8910381 ps $setuphold (posedge C,negedge D,(0:0:0),(0:0:0),notifier,in_clk_enable_p,in_clk_enable_p,C_dly,D_dly)  $setup violation detected. Time: 8910381 ps, Data Event Time Stamp: 8910381 ps, Ref Event Time Stamp: 8910204 ps, Limit: -45 ps
WARNING: "C:/Xilinx/Vivado/2024.2/data/verilog/src/unisims/FDRE.v" Line 150: Timing violation in scope /top/bram_streamer_0/weight_bram_0/weight_fifo_push_reg/TChk150_29055 at time 8910381 ps $setuphold (posedge C,negedge D,(0:0:0),(0:0:0),notifier,in_clk_enable_p,in_clk_enable_p,C_dly,D_dly)  $hold violation detected. Time: 8910381 ps, Ref Event Time Stamp: 8910204 ps, Data Event Time Stamp: 8910381 ps, Limit: 241 ps
WARNING: "C:/Xilinx/Vivado/2024.2/data/verilog/src/unisims/FDRE.v" Line 153: Timing violation in scope /top/bram_streamer_0/weight_bram_0/bram_en_reg/TChk153_29058 at time 9070394 ps $setuphold (posedge C,posedge D,(0:0:0),(0:0:0),notifier,in_clk_enable_p,in_clk_enable_p,C_dly,D_dly)  $setup violation detected. Time: 9070394 ps, Data Event Time Stamp: 9070394 ps, Ref Event Time Stamp: 9070198 ps, Limit: -45 ps
WARNING: "C:/Xilinx/Vivado/2024.2/data/verilog/src/unisims/FDRE.v" Line 153: Timing violation in scope /top/bram_streamer_0/weight_bram_0/bram_en_reg/TChk153_29058 at time 9070394 ps $setuphold (posedge C,posedge D,(0:0:0),(0:0:0),notifier,in_clk_enable_p,in_clk_enable_p,C_dly,D_dly)  $hold violation detected. Time: 9070394 ps, Ref Event Time Stamp: 9070198 ps, Data Event Time Stamp: 9070394 ps, Limit: 241 ps
WARNING: "C:/Xilinx/Vivado/2024.2/data/verilog/src/unisims/FDRE.v" Line 150: Timing violation in scope /top/bram_streamer_0/weight_bram_0/weight_fifo_push_reg/TChk150_29055 at time 9070400 ps $setuphold (posedge C,negedge D,(0:0:0),(0:0:0),notifier,in_clk_enable_p,in_clk_enable_p,C_dly,D_dly)  $setup violation detected. Time: 9070400 ps, Data Event Time Stamp: 9070400 ps, Ref Event Time Stamp: 9070204 ps, Limit: -45 ps
WARNING: "C:/Xilinx/Vivado/2024.2/data/verilog/src/unisims/FDRE.v" Line 150: Timing violation in scope /top/bram_streamer_0/weight_bram_0/weight_fifo_push_reg/TChk150_29055 at time 9070400 ps $setuphold (posedge C,negedge D,(0:0:0),(0:0:0),notifier,in_clk_enable_p,in_clk_enable_p,C_dly,D_dly)  $hold violation detected. Time: 9070400 ps, Ref Event Time Stamp: 9070204 ps, Data Event Time Stamp: 9070400 ps, Limit: 241 ps
WARNING: "C:/Xilinx/Vivado/2024.2/data/verilog/src/unisims/RAMB18E1.v" Line 989: Timing violation in scope /top/bram_streamer_0/bram1/mem_reg/TChk989_24102 at time 9100131 ps $setuphold (posedge CLKARDCLK,posedge REGCEAREGCE,(0:0:0),(0:0:0),notifier_a,clkardclk_en_p,clkardclk_en_p,CLKARDCLK_delay,REGCEAREGCE_delay)  $setup violation detected. Time: 9100131 ps, Data Event Time Stamp: 9099885 ps, Ref Event Time Stamp: 9100131 ps, Limit: 360 ps
WARNING: "C:/Xilinx/Vivado/2024.2/data/verilog/src/unisims/RAMB18E1.v" Line 990: Timing violation in scope /top/bram_streamer_0/bram1/mem_reg/TChk990_24103 at time 9110131 ps $setuphold (posedge CLKARDCLK,negedge REGCEAREGCE,(0:0:0),(0:0:0),notifier_a,clkardclk_en_p,clkardclk_en_p,CLKARDCLK_delay,REGCEAREGCE_delay)  $setup violation detected. Time: 9110131 ps, Data Event Time Stamp: 9109925 ps, Ref Event Time Stamp: 9110131 ps, Limit: 360 ps
WARNING: "C:/Xilinx/Vivado/2024.2/data/verilog/src/unisims/FDRE.v" Line 153: Timing violation in scope /top/bram_streamer_0/lif_bram_0/mem_done_reg/TChk153_29058 at time 9110447 ps $setuphold (posedge C,posedge D,(0:0:0),(0:0:0),notifier,in_clk_enable_p,in_clk_enable_p,C_dly,D_dly)  $setup violation detected. Time: 9110447 ps, Data Event Time Stamp: 9110447 ps, Ref Event Time Stamp: 9110245 ps, Limit: -60 ps
WARNING: "C:/Xilinx/Vivado/2024.2/data/verilog/src/unisims/FDRE.v" Line 153: Timing violation in scope /top/bram_streamer_0/lif_bram_0/mem_done_reg/TChk153_29058 at time 9110447 ps $setuphold (posedge C,posedge D,(0:0:0),(0:0:0),notifier,in_clk_enable_p,in_clk_enable_p,C_dly,D_dly)  $hold violation detected. Time: 9110447 ps, Ref Event Time Stamp: 9110245 ps, Data Event Time Stamp: 9110447 ps, Limit: 241 ps
WARNING: "C:/Xilinx/Vivado/2024.2/data/verilog/src/unisims/FDRE.v" Line 150: Timing violation in scope /top/bram_streamer_0/lif_bram_0/mem_done_reg/TChk150_29055 at time 9120447 ps $setuphold (posedge C,negedge D,(0:0:0),(0:0:0),notifier,in_clk_enable_p,in_clk_enable_p,C_dly,D_dly)  $setup violation detected. Time: 9120447 ps, Data Event Time Stamp: 9120447 ps, Ref Event Time Stamp: 9120245 ps, Limit: -60 ps
WARNING: "C:/Xilinx/Vivado/2024.2/data/verilog/src/unisims/FDRE.v" Line 150: Timing violation in scope /top/bram_streamer_0/lif_bram_0/mem_done_reg/TChk150_29055 at time 9120447 ps $setuphold (posedge C,negedge D,(0:0:0),(0:0:0),notifier,in_clk_enable_p,in_clk_enable_p,C_dly,D_dly)  $hold violation detected. Time: 9120447 ps, Ref Event Time Stamp: 9120245 ps, Data Event Time Stamp: 9120447 ps, Limit: 241 ps
WARNING: "C:/Xilinx/Vivado/2024.2/data/verilog/src/unisims/FDRE.v" Line 150: Timing violation in scope /top/bram_streamer_0/tile_idx_bram_0/addr_reg__11/TChk150_29055 at time 9180383 ps $setuphold (posedge C,negedge D,(0:0:0),(0:0:0),notifier,in_clk_enable_p,in_clk_enable_p,C_dly,D_dly)  $setup violation detected. Time: 9180383 ps, Data Event Time Stamp: 9180383 ps, Ref Event Time Stamp: 9180245 ps, Limit: -60 ps
WARNING: "C:/Xilinx/Vivado/2024.2/data/verilog/src/unisims/FDRE.v" Line 150: Timing violation in scope /top/bram_streamer_0/tile_idx_bram_0/addr_reg__11/TChk150_29055 at time 9180383 ps $setuphold (posedge C,negedge D,(0:0:0),(0:0:0),notifier,in_clk_enable_p,in_clk_enable_p,C_dly,D_dly)  $hold violation detected. Time: 9180383 ps, Ref Event Time Stamp: 9180245 ps, Data Event Time Stamp: 9180383 ps, Limit: 262 ps
WARNING: "C:/Xilinx/Vivado/2024.2/data/verilog/src/unisims/FDRE.v" Line 149: Timing violation in scope /top/bram_streamer_0/tile_idx_bram_0/addr_reg__11/TChk149_29054 at time 9190245 ps $setuphold (posedge C,negedge CE,(0:0:0),(0:0:0),notifier,ce_clk_enable_p,ce_clk_enable_p,C_dly,CE_dly)  $hold violation detected. Time: 9190245 ps, Ref Event Time Stamp: 9190245 ps, Data Event Time Stamp: 9190178 ps, Limit: -5 ps
WARNING: "C:/Xilinx/Vivado/2024.2/data/verilog/src/unisims/FDRE.v" Line 149: Timing violation in scope /top/bram_streamer_0/tile_idx_bram_0/addr_reg__11/TChk149_29054 at time 9190245 ps $setuphold (posedge C,negedge CE,(0:0:0),(0:0:0),notifier,ce_clk_enable_p,ce_clk_enable_p,C_dly,CE_dly)  $setup violation detected. Time: 9190245 ps, Data Event Time Stamp: 9190178 ps, Ref Event Time Stamp: 9190245 ps, Limit: 109 ps
WARNING: "C:/Xilinx/Vivado/2024.2/data/verilog/src/unisims/RAMB36E1.v" Line 1347: Timing violation in scope /top/bram_streamer_0/bram0/mem_reg/TChk1347_23798 at time 9200131 ps $setuphold (posedge CLKARDCLK,negedge ENARDEN,(0:0:0),(0:0:0),notifier_a,clkardclk_en_p,clkardclk_en_p,CLKARDCLK_delay,ENARDEN_delay)  $setup violation detected. Time: 9200131 ps, Data Event Time Stamp: 9199898 ps, Ref Event Time Stamp: 9200131 ps, Limit: 443 ps
WARNING: "C:/Xilinx/Vivado/2024.2/data/verilog/src/unisims/FDRE.v" Line 153: Timing violation in scope /top/bram_streamer_0/weight_bram_0/weight_fifo_push_reg/TChk153_29058 at time 9230400 ps $setuphold (posedge C,posedge D,(0:0:0),(0:0:0),notifier,in_clk_enable_p,in_clk_enable_p,C_dly,D_dly)  $setup violation detected. Time: 9230400 ps, Data Event Time Stamp: 9230400 ps, Ref Event Time Stamp: 9230204 ps, Limit: -45 ps
WARNING: "C:/Xilinx/Vivado/2024.2/data/verilog/src/unisims/FDRE.v" Line 153: Timing violation in scope /top/bram_streamer_0/weight_bram_0/weight_fifo_push_reg/TChk153_29058 at time 9230400 ps $setuphold (posedge C,posedge D,(0:0:0),(0:0:0),notifier,in_clk_enable_p,in_clk_enable_p,C_dly,D_dly)  $hold violation detected. Time: 9230400 ps, Ref Event Time Stamp: 9230204 ps, Data Event Time Stamp: 9230400 ps, Limit: 241 ps
WARNING: "C:/Xilinx/Vivado/2024.2/data/verilog/src/unisims/FDRE.v" Line 150: Timing violation in scope /top/bram_streamer_0/weight_bram_0/weight_fifo_push_reg/TChk150_29055 at time 9250381 ps $setuphold (posedge C,negedge D,(0:0:0),(0:0:0),notifier,in_clk_enable_p,in_clk_enable_p,C_dly,D_dly)  $setup violation detected. Time: 9250381 ps, Data Event Time Stamp: 9250381 ps, Ref Event Time Stamp: 9250204 ps, Limit: -45 ps
WARNING: "C:/Xilinx/Vivado/2024.2/data/verilog/src/unisims/FDRE.v" Line 150: Timing violation in scope /top/bram_streamer_0/weight_bram_0/weight_fifo_push_reg/TChk150_29055 at time 9250381 ps $setuphold (posedge C,negedge D,(0:0:0),(0:0:0),notifier,in_clk_enable_p,in_clk_enable_p,C_dly,D_dly)  $hold violation detected. Time: 9250381 ps, Ref Event Time Stamp: 9250204 ps, Data Event Time Stamp: 9250381 ps, Limit: 241 ps
WARNING: "C:/Xilinx/Vivado/2024.2/data/verilog/src/unisims/FDRE.v" Line 153: Timing violation in scope /top/bram_streamer_0/weight_bram_0/bram_en_reg/TChk153_29058 at time 9270394 ps $setuphold (posedge C,posedge D,(0:0:0),(0:0:0),notifier,in_clk_enable_p,in_clk_enable_p,C_dly,D_dly)  $setup violation detected. Time: 9270394 ps, Data Event Time Stamp: 9270394 ps, Ref Event Time Stamp: 9270198 ps, Limit: -45 ps
WARNING: "C:/Xilinx/Vivado/2024.2/data/verilog/src/unisims/FDRE.v" Line 153: Timing violation in scope /top/bram_streamer_0/weight_bram_0/bram_en_reg/TChk153_29058 at time 9270394 ps $setuphold (posedge C,posedge D,(0:0:0),(0:0:0),notifier,in_clk_enable_p,in_clk_enable_p,C_dly,D_dly)  $hold violation detected. Time: 9270394 ps, Ref Event Time Stamp: 9270198 ps, Data Event Time Stamp: 9270394 ps, Limit: 241 ps
WARNING: "C:/Xilinx/Vivado/2024.2/data/verilog/src/unisims/FDRE.v" Line 150: Timing violation in scope /top/bram_streamer_0/weight_bram_0/weight_fifo_push_reg/TChk150_29055 at time 9270400 ps $setuphold (posedge C,negedge D,(0:0:0),(0:0:0),notifier,in_clk_enable_p,in_clk_enable_p,C_dly,D_dly)  $setup violation detected. Time: 9270400 ps, Data Event Time Stamp: 9270400 ps, Ref Event Time Stamp: 9270204 ps, Limit: -45 ps
WARNING: "C:/Xilinx/Vivado/2024.2/data/verilog/src/unisims/FDRE.v" Line 150: Timing violation in scope /top/bram_streamer_0/weight_bram_0/weight_fifo_push_reg/TChk150_29055 at time 9270400 ps $setuphold (posedge C,negedge D,(0:0:0),(0:0:0),notifier,in_clk_enable_p,in_clk_enable_p,C_dly,D_dly)  $hold violation detected. Time: 9270400 ps, Ref Event Time Stamp: 9270204 ps, Data Event Time Stamp: 9270400 ps, Limit: 241 ps
WARNING: "C:/Xilinx/Vivado/2024.2/data/verilog/src/unisims/FDRE.v" Line 153: Timing violation in scope /top/bram_streamer_0/weight_bram_0/weight_fifo_push_reg/TChk153_29058 at time 9280400 ps $setuphold (posedge C,posedge D,(0:0:0),(0:0:0),notifier,in_clk_enable_p,in_clk_enable_p,C_dly,D_dly)  $setup violation detected. Time: 9280400 ps, Data Event Time Stamp: 9280400 ps, Ref Event Time Stamp: 9280204 ps, Limit: -45 ps
WARNING: "C:/Xilinx/Vivado/2024.2/data/verilog/src/unisims/FDRE.v" Line 153: Timing violation in scope /top/bram_streamer_0/weight_bram_0/weight_fifo_push_reg/TChk153_29058 at time 9280400 ps $setuphold (posedge C,posedge D,(0:0:0),(0:0:0),notifier,in_clk_enable_p,in_clk_enable_p,C_dly,D_dly)  $hold violation detected. Time: 9280400 ps, Ref Event Time Stamp: 9280204 ps, Data Event Time Stamp: 9280400 ps, Limit: 241 ps
WARNING: "C:/Xilinx/Vivado/2024.2/data/verilog/src/unisims/FDRE.v" Line 150: Timing violation in scope /top/bram_streamer_0/weight_bram_0/weight_fifo_push_reg/TChk150_29055 at time 9300381 ps $setuphold (posedge C,negedge D,(0:0:0),(0:0:0),notifier,in_clk_enable_p,in_clk_enable_p,C_dly,D_dly)  $setup violation detected. Time: 9300381 ps, Data Event Time Stamp: 9300381 ps, Ref Event Time Stamp: 9300204 ps, Limit: -45 ps
WARNING: "C:/Xilinx/Vivado/2024.2/data/verilog/src/unisims/FDRE.v" Line 150: Timing violation in scope /top/bram_streamer_0/weight_bram_0/weight_fifo_push_reg/TChk150_29055 at time 9300381 ps $setuphold (posedge C,negedge D,(0:0:0),(0:0:0),notifier,in_clk_enable_p,in_clk_enable_p,C_dly,D_dly)  $hold violation detected. Time: 9300381 ps, Ref Event Time Stamp: 9300204 ps, Data Event Time Stamp: 9300381 ps, Limit: 241 ps
WARNING: "C:/Xilinx/Vivado/2024.2/data/verilog/src/unisims/FDRE.v" Line 153: Timing violation in scope /top/bram_streamer_0/weight_bram_0/bram_en_reg/TChk153_29058 at time 9460394 ps $setuphold (posedge C,posedge D,(0:0:0),(0:0:0),notifier,in_clk_enable_p,in_clk_enable_p,C_dly,D_dly)  $setup violation detected. Time: 9460394 ps, Data Event Time Stamp: 9460394 ps, Ref Event Time Stamp: 9460198 ps, Limit: -45 ps
WARNING: "C:/Xilinx/Vivado/2024.2/data/verilog/src/unisims/FDRE.v" Line 153: Timing violation in scope /top/bram_streamer_0/weight_bram_0/bram_en_reg/TChk153_29058 at time 9460394 ps $setuphold (posedge C,posedge D,(0:0:0),(0:0:0),notifier,in_clk_enable_p,in_clk_enable_p,C_dly,D_dly)  $hold violation detected. Time: 9460394 ps, Ref Event Time Stamp: 9460198 ps, Data Event Time Stamp: 9460394 ps, Limit: 241 ps
WARNING: "C:/Xilinx/Vivado/2024.2/data/verilog/src/unisims/FDRE.v" Line 150: Timing violation in scope /top/bram_streamer_0/weight_bram_0/weight_fifo_push_reg/TChk150_29055 at time 9460400 ps $setuphold (posedge C,negedge D,(0:0:0),(0:0:0),notifier,in_clk_enable_p,in_clk_enable_p,C_dly,D_dly)  $setup violation detected. Time: 9460400 ps, Data Event Time Stamp: 9460400 ps, Ref Event Time Stamp: 9460204 ps, Limit: -45 ps
WARNING: "C:/Xilinx/Vivado/2024.2/data/verilog/src/unisims/FDRE.v" Line 150: Timing violation in scope /top/bram_streamer_0/weight_bram_0/weight_fifo_push_reg/TChk150_29055 at time 9460400 ps $setuphold (posedge C,negedge D,(0:0:0),(0:0:0),notifier,in_clk_enable_p,in_clk_enable_p,C_dly,D_dly)  $hold violation detected. Time: 9460400 ps, Ref Event Time Stamp: 9460204 ps, Data Event Time Stamp: 9460400 ps, Limit: 241 ps
WARNING: "C:/Xilinx/Vivado/2024.2/data/verilog/src/unisims/RAMB18E1.v" Line 989: Timing violation in scope /top/bram_streamer_0/bram1/mem_reg/TChk989_24102 at time 9490131 ps $setuphold (posedge CLKARDCLK,posedge REGCEAREGCE,(0:0:0),(0:0:0),notifier_a,clkardclk_en_p,clkardclk_en_p,CLKARDCLK_delay,REGCEAREGCE_delay)  $setup violation detected. Time: 9490131 ps, Data Event Time Stamp: 9489885 ps, Ref Event Time Stamp: 9490131 ps, Limit: 360 ps
WARNING: "C:/Xilinx/Vivado/2024.2/data/verilog/src/unisims/RAMB18E1.v" Line 990: Timing violation in scope /top/bram_streamer_0/bram1/mem_reg/TChk990_24103 at time 9500131 ps $setuphold (posedge CLKARDCLK,negedge REGCEAREGCE,(0:0:0),(0:0:0),notifier_a,clkardclk_en_p,clkardclk_en_p,CLKARDCLK_delay,REGCEAREGCE_delay)  $setup violation detected. Time: 9500131 ps, Data Event Time Stamp: 9499925 ps, Ref Event Time Stamp: 9500131 ps, Limit: 360 ps
WARNING: "C:/Xilinx/Vivado/2024.2/data/verilog/src/unisims/FDRE.v" Line 153: Timing violation in scope /top/bram_streamer_0/lif_bram_0/mem_done_reg/TChk153_29058 at time 9500447 ps $setuphold (posedge C,posedge D,(0:0:0),(0:0:0),notifier,in_clk_enable_p,in_clk_enable_p,C_dly,D_dly)  $setup violation detected. Time: 9500447 ps, Data Event Time Stamp: 9500447 ps, Ref Event Time Stamp: 9500245 ps, Limit: -60 ps
WARNING: "C:/Xilinx/Vivado/2024.2/data/verilog/src/unisims/FDRE.v" Line 153: Timing violation in scope /top/bram_streamer_0/lif_bram_0/mem_done_reg/TChk153_29058 at time 9500447 ps $setuphold (posedge C,posedge D,(0:0:0),(0:0:0),notifier,in_clk_enable_p,in_clk_enable_p,C_dly,D_dly)  $hold violation detected. Time: 9500447 ps, Ref Event Time Stamp: 9500245 ps, Data Event Time Stamp: 9500447 ps, Limit: 241 ps
WARNING: "C:/Xilinx/Vivado/2024.2/data/verilog/src/unisims/FDRE.v" Line 150: Timing violation in scope /top/bram_streamer_0/lif_bram_0/mem_done_reg/TChk150_29055 at time 9510447 ps $setuphold (posedge C,negedge D,(0:0:0),(0:0:0),notifier,in_clk_enable_p,in_clk_enable_p,C_dly,D_dly)  $setup violation detected. Time: 9510447 ps, Data Event Time Stamp: 9510447 ps, Ref Event Time Stamp: 9510245 ps, Limit: -60 ps
WARNING: "C:/Xilinx/Vivado/2024.2/data/verilog/src/unisims/FDRE.v" Line 150: Timing violation in scope /top/bram_streamer_0/lif_bram_0/mem_done_reg/TChk150_29055 at time 9510447 ps $setuphold (posedge C,negedge D,(0:0:0),(0:0:0),notifier,in_clk_enable_p,in_clk_enable_p,C_dly,D_dly)  $hold violation detected. Time: 9510447 ps, Ref Event Time Stamp: 9510245 ps, Data Event Time Stamp: 9510447 ps, Limit: 241 ps
WARNING: "C:/Xilinx/Vivado/2024.2/data/verilog/src/unisims/FDRE.v" Line 152: Timing violation in scope /top/bram_streamer_0/tile_idx_bram_0/addr_reg__11/TChk152_29057 at time 9570245 ps $setuphold (posedge C,posedge CE,(0:0:0),(0:0:0),notifier,ce_clk_enable_p,ce_clk_enable_p,C_dly,CE_dly)  $hold violation detected. Time: 9570245 ps, Ref Event Time Stamp: 9570245 ps, Data Event Time Stamp: 9570178 ps, Limit: -5 ps
WARNING: "C:/Xilinx/Vivado/2024.2/data/verilog/src/unisims/FDRE.v" Line 152: Timing violation in scope /top/bram_streamer_0/tile_idx_bram_0/addr_reg__11/TChk152_29057 at time 9570245 ps $setuphold (posedge C,posedge CE,(0:0:0),(0:0:0),notifier,ce_clk_enable_p,ce_clk_enable_p,C_dly,CE_dly)  $setup violation detected. Time: 9570245 ps, Data Event Time Stamp: 9570178 ps, Ref Event Time Stamp: 9570245 ps, Limit: 109 ps
WARNING: "C:/Xilinx/Vivado/2024.2/data/verilog/src/unisims/RAMB36E1.v" Line 1347: Timing violation in scope /top/bram_streamer_0/bram0/mem_reg/TChk1347_23798 at time 9590131 ps $setuphold (posedge CLKARDCLK,negedge ENARDEN,(0:0:0),(0:0:0),notifier_a,clkardclk_en_p,clkardclk_en_p,CLKARDCLK_delay,ENARDEN_delay)  $setup violation detected. Time: 9590131 ps, Data Event Time Stamp: 9589898 ps, Ref Event Time Stamp: 9590131 ps, Limit: 443 ps
WARNING: "C:/Xilinx/Vivado/2024.2/data/verilog/src/unisims/FDRE.v" Line 153: Timing violation in scope /top/bram_streamer_0/weight_bram_0/weight_fifo_push_reg/TChk153_29058 at time 9620400 ps $setuphold (posedge C,posedge D,(0:0:0),(0:0:0),notifier,in_clk_enable_p,in_clk_enable_p,C_dly,D_dly)  $setup violation detected. Time: 9620400 ps, Data Event Time Stamp: 9620400 ps, Ref Event Time Stamp: 9620204 ps, Limit: -45 ps
WARNING: "C:/Xilinx/Vivado/2024.2/data/verilog/src/unisims/FDRE.v" Line 153: Timing violation in scope /top/bram_streamer_0/weight_bram_0/weight_fifo_push_reg/TChk153_29058 at time 9620400 ps $setuphold (posedge C,posedge D,(0:0:0),(0:0:0),notifier,in_clk_enable_p,in_clk_enable_p,C_dly,D_dly)  $hold violation detected. Time: 9620400 ps, Ref Event Time Stamp: 9620204 ps, Data Event Time Stamp: 9620400 ps, Limit: 241 ps
WARNING: "C:/Xilinx/Vivado/2024.2/data/verilog/src/unisims/FDRE.v" Line 150: Timing violation in scope /top/bram_streamer_0/weight_bram_0/weight_fifo_push_reg/TChk150_29055 at time 9640381 ps $setuphold (posedge C,negedge D,(0:0:0),(0:0:0),notifier,in_clk_enable_p,in_clk_enable_p,C_dly,D_dly)  $setup violation detected. Time: 9640381 ps, Data Event Time Stamp: 9640381 ps, Ref Event Time Stamp: 9640204 ps, Limit: -45 ps
WARNING: "C:/Xilinx/Vivado/2024.2/data/verilog/src/unisims/FDRE.v" Line 150: Timing violation in scope /top/bram_streamer_0/weight_bram_0/weight_fifo_push_reg/TChk150_29055 at time 9640381 ps $setuphold (posedge C,negedge D,(0:0:0),(0:0:0),notifier,in_clk_enable_p,in_clk_enable_p,C_dly,D_dly)  $hold violation detected. Time: 9640381 ps, Ref Event Time Stamp: 9640204 ps, Data Event Time Stamp: 9640381 ps, Limit: 241 ps
WARNING: "C:/Xilinx/Vivado/2024.2/data/verilog/src/unisims/FDRE.v" Line 153: Timing violation in scope /top/bram_streamer_0/weight_bram_0/bram_en_reg/TChk153_29058 at time 9660394 ps $setuphold (posedge C,posedge D,(0:0:0),(0:0:0),notifier,in_clk_enable_p,in_clk_enable_p,C_dly,D_dly)  $setup violation detected. Time: 9660394 ps, Data Event Time Stamp: 9660394 ps, Ref Event Time Stamp: 9660198 ps, Limit: -45 ps
WARNING: "C:/Xilinx/Vivado/2024.2/data/verilog/src/unisims/FDRE.v" Line 153: Timing violation in scope /top/bram_streamer_0/weight_bram_0/bram_en_reg/TChk153_29058 at time 9660394 ps $setuphold (posedge C,posedge D,(0:0:0),(0:0:0),notifier,in_clk_enable_p,in_clk_enable_p,C_dly,D_dly)  $hold violation detected. Time: 9660394 ps, Ref Event Time Stamp: 9660198 ps, Data Event Time Stamp: 9660394 ps, Limit: 241 ps
WARNING: "C:/Xilinx/Vivado/2024.2/data/verilog/src/unisims/FDRE.v" Line 150: Timing violation in scope /top/bram_streamer_0/weight_bram_0/weight_fifo_push_reg/TChk150_29055 at time 9660400 ps $setuphold (posedge C,negedge D,(0:0:0),(0:0:0),notifier,in_clk_enable_p,in_clk_enable_p,C_dly,D_dly)  $setup violation detected. Time: 9660400 ps, Data Event Time Stamp: 9660400 ps, Ref Event Time Stamp: 9660204 ps, Limit: -45 ps
WARNING: "C:/Xilinx/Vivado/2024.2/data/verilog/src/unisims/FDRE.v" Line 150: Timing violation in scope /top/bram_streamer_0/weight_bram_0/weight_fifo_push_reg/TChk150_29055 at time 9660400 ps $setuphold (posedge C,negedge D,(0:0:0),(0:0:0),notifier,in_clk_enable_p,in_clk_enable_p,C_dly,D_dly)  $hold violation detected. Time: 9660400 ps, Ref Event Time Stamp: 9660204 ps, Data Event Time Stamp: 9660400 ps, Limit: 241 ps
WARNING: "C:/Xilinx/Vivado/2024.2/data/verilog/src/unisims/FDRE.v" Line 153: Timing violation in scope /top/bram_streamer_0/weight_bram_0/weight_fifo_push_reg/TChk153_29058 at time 9670400 ps $setuphold (posedge C,posedge D,(0:0:0),(0:0:0),notifier,in_clk_enable_p,in_clk_enable_p,C_dly,D_dly)  $setup violation detected. Time: 9670400 ps, Data Event Time Stamp: 9670400 ps, Ref Event Time Stamp: 9670204 ps, Limit: -45 ps
WARNING: "C:/Xilinx/Vivado/2024.2/data/verilog/src/unisims/FDRE.v" Line 153: Timing violation in scope /top/bram_streamer_0/weight_bram_0/weight_fifo_push_reg/TChk153_29058 at time 9670400 ps $setuphold (posedge C,posedge D,(0:0:0),(0:0:0),notifier,in_clk_enable_p,in_clk_enable_p,C_dly,D_dly)  $hold violation detected. Time: 9670400 ps, Ref Event Time Stamp: 9670204 ps, Data Event Time Stamp: 9670400 ps, Limit: 241 ps
WARNING: "C:/Xilinx/Vivado/2024.2/data/verilog/src/unisims/FDRE.v" Line 150: Timing violation in scope /top/bram_streamer_0/weight_bram_0/weight_fifo_push_reg/TChk150_29055 at time 9690381 ps $setuphold (posedge C,negedge D,(0:0:0),(0:0:0),notifier,in_clk_enable_p,in_clk_enable_p,C_dly,D_dly)  $setup violation detected. Time: 9690381 ps, Data Event Time Stamp: 9690381 ps, Ref Event Time Stamp: 9690204 ps, Limit: -45 ps
WARNING: "C:/Xilinx/Vivado/2024.2/data/verilog/src/unisims/FDRE.v" Line 150: Timing violation in scope /top/bram_streamer_0/weight_bram_0/weight_fifo_push_reg/TChk150_29055 at time 9690381 ps $setuphold (posedge C,negedge D,(0:0:0),(0:0:0),notifier,in_clk_enable_p,in_clk_enable_p,C_dly,D_dly)  $hold violation detected. Time: 9690381 ps, Ref Event Time Stamp: 9690204 ps, Data Event Time Stamp: 9690381 ps, Limit: 241 ps
WARNING: "C:/Xilinx/Vivado/2024.2/data/verilog/src/unisims/FDRE.v" Line 153: Timing violation in scope /top/bram_streamer_0/weight_bram_0/bram_en_reg/TChk153_29058 at time 9850394 ps $setuphold (posedge C,posedge D,(0:0:0),(0:0:0),notifier,in_clk_enable_p,in_clk_enable_p,C_dly,D_dly)  $setup violation detected. Time: 9850394 ps, Data Event Time Stamp: 9850394 ps, Ref Event Time Stamp: 9850198 ps, Limit: -45 ps
WARNING: "C:/Xilinx/Vivado/2024.2/data/verilog/src/unisims/FDRE.v" Line 153: Timing violation in scope /top/bram_streamer_0/weight_bram_0/bram_en_reg/TChk153_29058 at time 9850394 ps $setuphold (posedge C,posedge D,(0:0:0),(0:0:0),notifier,in_clk_enable_p,in_clk_enable_p,C_dly,D_dly)  $hold violation detected. Time: 9850394 ps, Ref Event Time Stamp: 9850198 ps, Data Event Time Stamp: 9850394 ps, Limit: 241 ps
WARNING: "C:/Xilinx/Vivado/2024.2/data/verilog/src/unisims/FDRE.v" Line 150: Timing violation in scope /top/bram_streamer_0/weight_bram_0/weight_fifo_push_reg/TChk150_29055 at time 9850400 ps $setuphold (posedge C,negedge D,(0:0:0),(0:0:0),notifier,in_clk_enable_p,in_clk_enable_p,C_dly,D_dly)  $setup violation detected. Time: 9850400 ps, Data Event Time Stamp: 9850400 ps, Ref Event Time Stamp: 9850204 ps, Limit: -45 ps
WARNING: "C:/Xilinx/Vivado/2024.2/data/verilog/src/unisims/FDRE.v" Line 150: Timing violation in scope /top/bram_streamer_0/weight_bram_0/weight_fifo_push_reg/TChk150_29055 at time 9850400 ps $setuphold (posedge C,negedge D,(0:0:0),(0:0:0),notifier,in_clk_enable_p,in_clk_enable_p,C_dly,D_dly)  $hold violation detected. Time: 9850400 ps, Ref Event Time Stamp: 9850204 ps, Data Event Time Stamp: 9850400 ps, Limit: 241 ps
WARNING: "C:/Xilinx/Vivado/2024.2/data/verilog/src/unisims/RAMB18E1.v" Line 989: Timing violation in scope /top/bram_streamer_0/bram1/mem_reg/TChk989_24102 at time 9880131 ps $setuphold (posedge CLKARDCLK,posedge REGCEAREGCE,(0:0:0),(0:0:0),notifier_a,clkardclk_en_p,clkardclk_en_p,CLKARDCLK_delay,REGCEAREGCE_delay)  $setup violation detected. Time: 9880131 ps, Data Event Time Stamp: 9879885 ps, Ref Event Time Stamp: 9880131 ps, Limit: 360 ps
WARNING: "C:/Xilinx/Vivado/2024.2/data/verilog/src/unisims/RAMB18E1.v" Line 990: Timing violation in scope /top/bram_streamer_0/bram1/mem_reg/TChk990_24103 at time 9890131 ps $setuphold (posedge CLKARDCLK,negedge REGCEAREGCE,(0:0:0),(0:0:0),notifier_a,clkardclk_en_p,clkardclk_en_p,CLKARDCLK_delay,REGCEAREGCE_delay)  $setup violation detected. Time: 9890131 ps, Data Event Time Stamp: 9889925 ps, Ref Event Time Stamp: 9890131 ps, Limit: 360 ps
WARNING: "C:/Xilinx/Vivado/2024.2/data/verilog/src/unisims/FDRE.v" Line 153: Timing violation in scope /top/bram_streamer_0/lif_bram_0/mem_done_reg/TChk153_29058 at time 9890447 ps $setuphold (posedge C,posedge D,(0:0:0),(0:0:0),notifier,in_clk_enable_p,in_clk_enable_p,C_dly,D_dly)  $setup violation detected. Time: 9890447 ps, Data Event Time Stamp: 9890447 ps, Ref Event Time Stamp: 9890245 ps, Limit: -60 ps
WARNING: "C:/Xilinx/Vivado/2024.2/data/verilog/src/unisims/FDRE.v" Line 153: Timing violation in scope /top/bram_streamer_0/lif_bram_0/mem_done_reg/TChk153_29058 at time 9890447 ps $setuphold (posedge C,posedge D,(0:0:0),(0:0:0),notifier,in_clk_enable_p,in_clk_enable_p,C_dly,D_dly)  $hold violation detected. Time: 9890447 ps, Ref Event Time Stamp: 9890245 ps, Data Event Time Stamp: 9890447 ps, Limit: 241 ps
WARNING: "C:/Xilinx/Vivado/2024.2/data/verilog/src/unisims/FDRE.v" Line 150: Timing violation in scope /top/bram_streamer_0/lif_bram_0/mem_done_reg/TChk150_29055 at time 9900447 ps $setuphold (posedge C,negedge D,(0:0:0),(0:0:0),notifier,in_clk_enable_p,in_clk_enable_p,C_dly,D_dly)  $setup violation detected. Time: 9900447 ps, Data Event Time Stamp: 9900447 ps, Ref Event Time Stamp: 9900245 ps, Limit: -60 ps
WARNING: "C:/Xilinx/Vivado/2024.2/data/verilog/src/unisims/FDRE.v" Line 150: Timing violation in scope /top/bram_streamer_0/lif_bram_0/mem_done_reg/TChk150_29055 at time 9900447 ps $setuphold (posedge C,negedge D,(0:0:0),(0:0:0),notifier,in_clk_enable_p,in_clk_enable_p,C_dly,D_dly)  $hold violation detected. Time: 9900447 ps, Ref Event Time Stamp: 9900245 ps, Data Event Time Stamp: 9900447 ps, Limit: 241 ps
WARNING: "C:/Xilinx/Vivado/2024.2/data/verilog/src/unisims/FDRE.v" Line 153: Timing violation in scope /top/bram_streamer_0/tile_idx_bram_0/addr_reg__11/TChk153_29058 at time 9960383 ps $setuphold (posedge C,posedge D,(0:0:0),(0:0:0),notifier,in_clk_enable_p,in_clk_enable_p,C_dly,D_dly)  $setup violation detected. Time: 9960383 ps, Data Event Time Stamp: 9960383 ps, Ref Event Time Stamp: 9960245 ps, Limit: -60 ps
WARNING: "C:/Xilinx/Vivado/2024.2/data/verilog/src/unisims/FDRE.v" Line 153: Timing violation in scope /top/bram_streamer_0/tile_idx_bram_0/addr_reg__11/TChk153_29058 at time 9960383 ps $setuphold (posedge C,posedge D,(0:0:0),(0:0:0),notifier,in_clk_enable_p,in_clk_enable_p,C_dly,D_dly)  $hold violation detected. Time: 9960383 ps, Ref Event Time Stamp: 9960245 ps, Data Event Time Stamp: 9960383 ps, Limit: 262 ps
WARNING: "C:/Xilinx/Vivado/2024.2/data/verilog/src/unisims/FDRE.v" Line 149: Timing violation in scope /top/bram_streamer_0/tile_idx_bram_0/addr_reg__11/TChk149_29054 at time 9970245 ps $setuphold (posedge C,negedge CE,(0:0:0),(0:0:0),notifier,ce_clk_enable_p,ce_clk_enable_p,C_dly,CE_dly)  $hold violation detected. Time: 9970245 ps, Ref Event Time Stamp: 9970245 ps, Data Event Time Stamp: 9970178 ps, Limit: -5 ps
WARNING: "C:/Xilinx/Vivado/2024.2/data/verilog/src/unisims/FDRE.v" Line 149: Timing violation in scope /top/bram_streamer_0/tile_idx_bram_0/addr_reg__11/TChk149_29054 at time 9970245 ps $setuphold (posedge C,negedge CE,(0:0:0),(0:0:0),notifier,ce_clk_enable_p,ce_clk_enable_p,C_dly,CE_dly)  $setup violation detected. Time: 9970245 ps, Data Event Time Stamp: 9970178 ps, Ref Event Time Stamp: 9970245 ps, Limit: 109 ps
WARNING: "C:/Xilinx/Vivado/2024.2/data/verilog/src/unisims/RAMB36E1.v" Line 1347: Timing violation in scope /top/bram_streamer_0/bram0/mem_reg/TChk1347_23798 at time 9980131 ps $setuphold (posedge CLKARDCLK,negedge ENARDEN,(0:0:0),(0:0:0),notifier_a,clkardclk_en_p,clkardclk_en_p,CLKARDCLK_delay,ENARDEN_delay)  $setup violation detected. Time: 9980131 ps, Data Event Time Stamp: 9979898 ps, Ref Event Time Stamp: 9980131 ps, Limit: 443 ps
WARNING: "C:/Xilinx/Vivado/2024.2/data/verilog/src/unisims/FDRE.v" Line 153: Timing violation in scope /top/bram_streamer_0/weight_bram_0/weight_fifo_push_reg/TChk153_29058 at time 10010400 ps $setuphold (posedge C,posedge D,(0:0:0),(0:0:0),notifier,in_clk_enable_p,in_clk_enable_p,C_dly,D_dly)  $setup violation detected. Time: 10010400 ps, Data Event Time Stamp: 10010400 ps, Ref Event Time Stamp: 10010204 ps, Limit: -45 ps
WARNING: "C:/Xilinx/Vivado/2024.2/data/verilog/src/unisims/FDRE.v" Line 153: Timing violation in scope /top/bram_streamer_0/weight_bram_0/weight_fifo_push_reg/TChk153_29058 at time 10010400 ps $setuphold (posedge C,posedge D,(0:0:0),(0:0:0),notifier,in_clk_enable_p,in_clk_enable_p,C_dly,D_dly)  $hold violation detected. Time: 10010400 ps, Ref Event Time Stamp: 10010204 ps, Data Event Time Stamp: 10010400 ps, Limit: 241 ps
WARNING: "C:/Xilinx/Vivado/2024.2/data/verilog/src/unisims/FDRE.v" Line 150: Timing violation in scope /top/bram_streamer_0/weight_bram_0/weight_fifo_push_reg/TChk150_29055 at time 10030381 ps $setuphold (posedge C,negedge D,(0:0:0),(0:0:0),notifier,in_clk_enable_p,in_clk_enable_p,C_dly,D_dly)  $setup violation detected. Time: 10030381 ps, Data Event Time Stamp: 10030381 ps, Ref Event Time Stamp: 10030204 ps, Limit: -45 ps
WARNING: "C:/Xilinx/Vivado/2024.2/data/verilog/src/unisims/FDRE.v" Line 150: Timing violation in scope /top/bram_streamer_0/weight_bram_0/weight_fifo_push_reg/TChk150_29055 at time 10030381 ps $setuphold (posedge C,negedge D,(0:0:0),(0:0:0),notifier,in_clk_enable_p,in_clk_enable_p,C_dly,D_dly)  $hold violation detected. Time: 10030381 ps, Ref Event Time Stamp: 10030204 ps, Data Event Time Stamp: 10030381 ps, Limit: 241 ps
WARNING: "C:/Xilinx/Vivado/2024.2/data/verilog/src/unisims/FDRE.v" Line 153: Timing violation in scope /top/bram_streamer_0/weight_bram_0/bram_en_reg/TChk153_29058 at time 10050394 ps $setuphold (posedge C,posedge D,(0:0:0),(0:0:0),notifier,in_clk_enable_p,in_clk_enable_p,C_dly,D_dly)  $setup violation detected. Time: 10050394 ps, Data Event Time Stamp: 10050394 ps, Ref Event Time Stamp: 10050198 ps, Limit: -45 ps
WARNING: "C:/Xilinx/Vivado/2024.2/data/verilog/src/unisims/FDRE.v" Line 153: Timing violation in scope /top/bram_streamer_0/weight_bram_0/bram_en_reg/TChk153_29058 at time 10050394 ps $setuphold (posedge C,posedge D,(0:0:0),(0:0:0),notifier,in_clk_enable_p,in_clk_enable_p,C_dly,D_dly)  $hold violation detected. Time: 10050394 ps, Ref Event Time Stamp: 10050198 ps, Data Event Time Stamp: 10050394 ps, Limit: 241 ps
WARNING: "C:/Xilinx/Vivado/2024.2/data/verilog/src/unisims/FDRE.v" Line 150: Timing violation in scope /top/bram_streamer_0/weight_bram_0/weight_fifo_push_reg/TChk150_29055 at time 10050400 ps $setuphold (posedge C,negedge D,(0:0:0),(0:0:0),notifier,in_clk_enable_p,in_clk_enable_p,C_dly,D_dly)  $setup violation detected. Time: 10050400 ps, Data Event Time Stamp: 10050400 ps, Ref Event Time Stamp: 10050204 ps, Limit: -45 ps
WARNING: "C:/Xilinx/Vivado/2024.2/data/verilog/src/unisims/FDRE.v" Line 150: Timing violation in scope /top/bram_streamer_0/weight_bram_0/weight_fifo_push_reg/TChk150_29055 at time 10050400 ps $setuphold (posedge C,negedge D,(0:0:0),(0:0:0),notifier,in_clk_enable_p,in_clk_enable_p,C_dly,D_dly)  $hold violation detected. Time: 10050400 ps, Ref Event Time Stamp: 10050204 ps, Data Event Time Stamp: 10050400 ps, Limit: 241 ps
WARNING: "C:/Xilinx/Vivado/2024.2/data/verilog/src/unisims/FDRE.v" Line 153: Timing violation in scope /top/bram_streamer_0/weight_bram_0/weight_fifo_push_reg/TChk153_29058 at time 10060400 ps $setuphold (posedge C,posedge D,(0:0:0),(0:0:0),notifier,in_clk_enable_p,in_clk_enable_p,C_dly,D_dly)  $setup violation detected. Time: 10060400 ps, Data Event Time Stamp: 10060400 ps, Ref Event Time Stamp: 10060204 ps, Limit: -45 ps
WARNING: "C:/Xilinx/Vivado/2024.2/data/verilog/src/unisims/FDRE.v" Line 153: Timing violation in scope /top/bram_streamer_0/weight_bram_0/weight_fifo_push_reg/TChk153_29058 at time 10060400 ps $setuphold (posedge C,posedge D,(0:0:0),(0:0:0),notifier,in_clk_enable_p,in_clk_enable_p,C_dly,D_dly)  $hold violation detected. Time: 10060400 ps, Ref Event Time Stamp: 10060204 ps, Data Event Time Stamp: 10060400 ps, Limit: 241 ps
WARNING: "C:/Xilinx/Vivado/2024.2/data/verilog/src/unisims/FDRE.v" Line 150: Timing violation in scope /top/bram_streamer_0/weight_bram_0/weight_fifo_push_reg/TChk150_29055 at time 10080381 ps $setuphold (posedge C,negedge D,(0:0:0),(0:0:0),notifier,in_clk_enable_p,in_clk_enable_p,C_dly,D_dly)  $setup violation detected. Time: 10080381 ps, Data Event Time Stamp: 10080381 ps, Ref Event Time Stamp: 10080204 ps, Limit: -45 ps
WARNING: "C:/Xilinx/Vivado/2024.2/data/verilog/src/unisims/FDRE.v" Line 150: Timing violation in scope /top/bram_streamer_0/weight_bram_0/weight_fifo_push_reg/TChk150_29055 at time 10080381 ps $setuphold (posedge C,negedge D,(0:0:0),(0:0:0),notifier,in_clk_enable_p,in_clk_enable_p,C_dly,D_dly)  $hold violation detected. Time: 10080381 ps, Ref Event Time Stamp: 10080204 ps, Data Event Time Stamp: 10080381 ps, Limit: 241 ps
WARNING: "C:/Xilinx/Vivado/2024.2/data/verilog/src/unisims/FDRE.v" Line 153: Timing violation in scope /top/bram_streamer_0/weight_bram_0/bram_en_reg/TChk153_29058 at time 10240394 ps $setuphold (posedge C,posedge D,(0:0:0),(0:0:0),notifier,in_clk_enable_p,in_clk_enable_p,C_dly,D_dly)  $setup violation detected. Time: 10240394 ps, Data Event Time Stamp: 10240394 ps, Ref Event Time Stamp: 10240198 ps, Limit: -45 ps
WARNING: "C:/Xilinx/Vivado/2024.2/data/verilog/src/unisims/FDRE.v" Line 153: Timing violation in scope /top/bram_streamer_0/weight_bram_0/bram_en_reg/TChk153_29058 at time 10240394 ps $setuphold (posedge C,posedge D,(0:0:0),(0:0:0),notifier,in_clk_enable_p,in_clk_enable_p,C_dly,D_dly)  $hold violation detected. Time: 10240394 ps, Ref Event Time Stamp: 10240198 ps, Data Event Time Stamp: 10240394 ps, Limit: 241 ps
WARNING: "C:/Xilinx/Vivado/2024.2/data/verilog/src/unisims/FDRE.v" Line 150: Timing violation in scope /top/bram_streamer_0/weight_bram_0/weight_fifo_push_reg/TChk150_29055 at time 10240400 ps $setuphold (posedge C,negedge D,(0:0:0),(0:0:0),notifier,in_clk_enable_p,in_clk_enable_p,C_dly,D_dly)  $setup violation detected. Time: 10240400 ps, Data Event Time Stamp: 10240400 ps, Ref Event Time Stamp: 10240204 ps, Limit: -45 ps
WARNING: "C:/Xilinx/Vivado/2024.2/data/verilog/src/unisims/FDRE.v" Line 150: Timing violation in scope /top/bram_streamer_0/weight_bram_0/weight_fifo_push_reg/TChk150_29055 at time 10240400 ps $setuphold (posedge C,negedge D,(0:0:0),(0:0:0),notifier,in_clk_enable_p,in_clk_enable_p,C_dly,D_dly)  $hold violation detected. Time: 10240400 ps, Ref Event Time Stamp: 10240204 ps, Data Event Time Stamp: 10240400 ps, Limit: 241 ps
WARNING: "C:/Xilinx/Vivado/2024.2/data/verilog/src/unisims/RAMB18E1.v" Line 989: Timing violation in scope /top/bram_streamer_0/bram1/mem_reg/TChk989_24102 at time 10270131 ps $setuphold (posedge CLKARDCLK,posedge REGCEAREGCE,(0:0:0),(0:0:0),notifier_a,clkardclk_en_p,clkardclk_en_p,CLKARDCLK_delay,REGCEAREGCE_delay)  $setup violation detected. Time: 10270131 ps, Data Event Time Stamp: 10269885 ps, Ref Event Time Stamp: 10270131 ps, Limit: 360 ps
WARNING: "C:/Xilinx/Vivado/2024.2/data/verilog/src/unisims/RAMB18E1.v" Line 990: Timing violation in scope /top/bram_streamer_0/bram1/mem_reg/TChk990_24103 at time 10280131 ps $setuphold (posedge CLKARDCLK,negedge REGCEAREGCE,(0:0:0),(0:0:0),notifier_a,clkardclk_en_p,clkardclk_en_p,CLKARDCLK_delay,REGCEAREGCE_delay)  $setup violation detected. Time: 10280131 ps, Data Event Time Stamp: 10279925 ps, Ref Event Time Stamp: 10280131 ps, Limit: 360 ps
WARNING: "C:/Xilinx/Vivado/2024.2/data/verilog/src/unisims/FDRE.v" Line 153: Timing violation in scope /top/bram_streamer_0/lif_bram_0/mem_done_reg/TChk153_29058 at time 10280447 ps $setuphold (posedge C,posedge D,(0:0:0),(0:0:0),notifier,in_clk_enable_p,in_clk_enable_p,C_dly,D_dly)  $setup violation detected. Time: 10280447 ps, Data Event Time Stamp: 10280447 ps, Ref Event Time Stamp: 10280245 ps, Limit: -60 ps
WARNING: "C:/Xilinx/Vivado/2024.2/data/verilog/src/unisims/FDRE.v" Line 153: Timing violation in scope /top/bram_streamer_0/lif_bram_0/mem_done_reg/TChk153_29058 at time 10280447 ps $setuphold (posedge C,posedge D,(0:0:0),(0:0:0),notifier,in_clk_enable_p,in_clk_enable_p,C_dly,D_dly)  $hold violation detected. Time: 10280447 ps, Ref Event Time Stamp: 10280245 ps, Data Event Time Stamp: 10280447 ps, Limit: 241 ps
WARNING: "C:/Xilinx/Vivado/2024.2/data/verilog/src/unisims/FDRE.v" Line 150: Timing violation in scope /top/bram_streamer_0/lif_bram_0/mem_done_reg/TChk150_29055 at time 10290447 ps $setuphold (posedge C,negedge D,(0:0:0),(0:0:0),notifier,in_clk_enable_p,in_clk_enable_p,C_dly,D_dly)  $setup violation detected. Time: 10290447 ps, Data Event Time Stamp: 10290447 ps, Ref Event Time Stamp: 10290245 ps, Limit: -60 ps
WARNING: "C:/Xilinx/Vivado/2024.2/data/verilog/src/unisims/FDRE.v" Line 150: Timing violation in scope /top/bram_streamer_0/lif_bram_0/mem_done_reg/TChk150_29055 at time 10290447 ps $setuphold (posedge C,negedge D,(0:0:0),(0:0:0),notifier,in_clk_enable_p,in_clk_enable_p,C_dly,D_dly)  $hold violation detected. Time: 10290447 ps, Ref Event Time Stamp: 10290245 ps, Data Event Time Stamp: 10290447 ps, Limit: 241 ps
WARNING: "C:/Xilinx/Vivado/2024.2/data/verilog/src/unisims/FDRE.v" Line 152: Timing violation in scope /top/bram_streamer_0/tile_idx_bram_0/addr_reg__11/TChk152_29057 at time 10350245 ps $setuphold (posedge C,posedge CE,(0:0:0),(0:0:0),notifier,ce_clk_enable_p,ce_clk_enable_p,C_dly,CE_dly)  $hold violation detected. Time: 10350245 ps, Ref Event Time Stamp: 10350245 ps, Data Event Time Stamp: 10350178 ps, Limit: -5 ps
WARNING: "C:/Xilinx/Vivado/2024.2/data/verilog/src/unisims/FDRE.v" Line 152: Timing violation in scope /top/bram_streamer_0/tile_idx_bram_0/addr_reg__11/TChk152_29057 at time 10350245 ps $setuphold (posedge C,posedge CE,(0:0:0),(0:0:0),notifier,ce_clk_enable_p,ce_clk_enable_p,C_dly,CE_dly)  $setup violation detected. Time: 10350245 ps, Data Event Time Stamp: 10350178 ps, Ref Event Time Stamp: 10350245 ps, Limit: 109 ps
WARNING: "C:/Xilinx/Vivado/2024.2/data/verilog/src/unisims/RAMB36E1.v" Line 1347: Timing violation in scope /top/bram_streamer_0/bram0/mem_reg/TChk1347_23798 at time 10370131 ps $setuphold (posedge CLKARDCLK,negedge ENARDEN,(0:0:0),(0:0:0),notifier_a,clkardclk_en_p,clkardclk_en_p,CLKARDCLK_delay,ENARDEN_delay)  $setup violation detected. Time: 10370131 ps, Data Event Time Stamp: 10369898 ps, Ref Event Time Stamp: 10370131 ps, Limit: 443 ps
WARNING: "C:/Xilinx/Vivado/2024.2/data/verilog/src/unisims/FDRE.v" Line 153: Timing violation in scope /top/bram_streamer_0/weight_bram_0/weight_fifo_push_reg/TChk153_29058 at time 10400400 ps $setuphold (posedge C,posedge D,(0:0:0),(0:0:0),notifier,in_clk_enable_p,in_clk_enable_p,C_dly,D_dly)  $setup violation detected. Time: 10400400 ps, Data Event Time Stamp: 10400400 ps, Ref Event Time Stamp: 10400204 ps, Limit: -45 ps
WARNING: "C:/Xilinx/Vivado/2024.2/data/verilog/src/unisims/FDRE.v" Line 153: Timing violation in scope /top/bram_streamer_0/weight_bram_0/weight_fifo_push_reg/TChk153_29058 at time 10400400 ps $setuphold (posedge C,posedge D,(0:0:0),(0:0:0),notifier,in_clk_enable_p,in_clk_enable_p,C_dly,D_dly)  $hold violation detected. Time: 10400400 ps, Ref Event Time Stamp: 10400204 ps, Data Event Time Stamp: 10400400 ps, Limit: 241 ps
WARNING: "C:/Xilinx/Vivado/2024.2/data/verilog/src/unisims/FDRE.v" Line 150: Timing violation in scope /top/bram_streamer_0/weight_bram_0/weight_fifo_push_reg/TChk150_29055 at time 10420381 ps $setuphold (posedge C,negedge D,(0:0:0),(0:0:0),notifier,in_clk_enable_p,in_clk_enable_p,C_dly,D_dly)  $setup violation detected. Time: 10420381 ps, Data Event Time Stamp: 10420381 ps, Ref Event Time Stamp: 10420204 ps, Limit: -45 ps
WARNING: "C:/Xilinx/Vivado/2024.2/data/verilog/src/unisims/FDRE.v" Line 150: Timing violation in scope /top/bram_streamer_0/weight_bram_0/weight_fifo_push_reg/TChk150_29055 at time 10420381 ps $setuphold (posedge C,negedge D,(0:0:0),(0:0:0),notifier,in_clk_enable_p,in_clk_enable_p,C_dly,D_dly)  $hold violation detected. Time: 10420381 ps, Ref Event Time Stamp: 10420204 ps, Data Event Time Stamp: 10420381 ps, Limit: 241 ps
WARNING: "C:/Xilinx/Vivado/2024.2/data/verilog/src/unisims/FDRE.v" Line 153: Timing violation in scope /top/bram_streamer_0/weight_bram_0/bram_en_reg/TChk153_29058 at time 10440394 ps $setuphold (posedge C,posedge D,(0:0:0),(0:0:0),notifier,in_clk_enable_p,in_clk_enable_p,C_dly,D_dly)  $setup violation detected. Time: 10440394 ps, Data Event Time Stamp: 10440394 ps, Ref Event Time Stamp: 10440198 ps, Limit: -45 ps
WARNING: "C:/Xilinx/Vivado/2024.2/data/verilog/src/unisims/FDRE.v" Line 153: Timing violation in scope /top/bram_streamer_0/weight_bram_0/bram_en_reg/TChk153_29058 at time 10440394 ps $setuphold (posedge C,posedge D,(0:0:0),(0:0:0),notifier,in_clk_enable_p,in_clk_enable_p,C_dly,D_dly)  $hold violation detected. Time: 10440394 ps, Ref Event Time Stamp: 10440198 ps, Data Event Time Stamp: 10440394 ps, Limit: 241 ps
WARNING: "C:/Xilinx/Vivado/2024.2/data/verilog/src/unisims/FDRE.v" Line 150: Timing violation in scope /top/bram_streamer_0/weight_bram_0/weight_fifo_push_reg/TChk150_29055 at time 10440400 ps $setuphold (posedge C,negedge D,(0:0:0),(0:0:0),notifier,in_clk_enable_p,in_clk_enable_p,C_dly,D_dly)  $setup violation detected. Time: 10440400 ps, Data Event Time Stamp: 10440400 ps, Ref Event Time Stamp: 10440204 ps, Limit: -45 ps
WARNING: "C:/Xilinx/Vivado/2024.2/data/verilog/src/unisims/FDRE.v" Line 150: Timing violation in scope /top/bram_streamer_0/weight_bram_0/weight_fifo_push_reg/TChk150_29055 at time 10440400 ps $setuphold (posedge C,negedge D,(0:0:0),(0:0:0),notifier,in_clk_enable_p,in_clk_enable_p,C_dly,D_dly)  $hold violation detected. Time: 10440400 ps, Ref Event Time Stamp: 10440204 ps, Data Event Time Stamp: 10440400 ps, Limit: 241 ps
WARNING: "C:/Xilinx/Vivado/2024.2/data/verilog/src/unisims/FDRE.v" Line 153: Timing violation in scope /top/bram_streamer_0/weight_bram_0/weight_fifo_push_reg/TChk153_29058 at time 10450400 ps $setuphold (posedge C,posedge D,(0:0:0),(0:0:0),notifier,in_clk_enable_p,in_clk_enable_p,C_dly,D_dly)  $setup violation detected. Time: 10450400 ps, Data Event Time Stamp: 10450400 ps, Ref Event Time Stamp: 10450204 ps, Limit: -45 ps
WARNING: "C:/Xilinx/Vivado/2024.2/data/verilog/src/unisims/FDRE.v" Line 153: Timing violation in scope /top/bram_streamer_0/weight_bram_0/weight_fifo_push_reg/TChk153_29058 at time 10450400 ps $setuphold (posedge C,posedge D,(0:0:0),(0:0:0),notifier,in_clk_enable_p,in_clk_enable_p,C_dly,D_dly)  $hold violation detected. Time: 10450400 ps, Ref Event Time Stamp: 10450204 ps, Data Event Time Stamp: 10450400 ps, Limit: 241 ps
WARNING: "C:/Xilinx/Vivado/2024.2/data/verilog/src/unisims/FDRE.v" Line 150: Timing violation in scope /top/bram_streamer_0/weight_bram_0/weight_fifo_push_reg/TChk150_29055 at time 10470381 ps $setuphold (posedge C,negedge D,(0:0:0),(0:0:0),notifier,in_clk_enable_p,in_clk_enable_p,C_dly,D_dly)  $setup violation detected. Time: 10470381 ps, Data Event Time Stamp: 10470381 ps, Ref Event Time Stamp: 10470204 ps, Limit: -45 ps
WARNING: "C:/Xilinx/Vivado/2024.2/data/verilog/src/unisims/FDRE.v" Line 150: Timing violation in scope /top/bram_streamer_0/weight_bram_0/weight_fifo_push_reg/TChk150_29055 at time 10470381 ps $setuphold (posedge C,negedge D,(0:0:0),(0:0:0),notifier,in_clk_enable_p,in_clk_enable_p,C_dly,D_dly)  $hold violation detected. Time: 10470381 ps, Ref Event Time Stamp: 10470204 ps, Data Event Time Stamp: 10470381 ps, Limit: 241 ps
WARNING: "C:/Xilinx/Vivado/2024.2/data/verilog/src/unisims/FDRE.v" Line 153: Timing violation in scope /top/bram_streamer_0/weight_bram_0/bram_en_reg/TChk153_29058 at time 10630394 ps $setuphold (posedge C,posedge D,(0:0:0),(0:0:0),notifier,in_clk_enable_p,in_clk_enable_p,C_dly,D_dly)  $setup violation detected. Time: 10630394 ps, Data Event Time Stamp: 10630394 ps, Ref Event Time Stamp: 10630198 ps, Limit: -45 ps
WARNING: "C:/Xilinx/Vivado/2024.2/data/verilog/src/unisims/FDRE.v" Line 153: Timing violation in scope /top/bram_streamer_0/weight_bram_0/bram_en_reg/TChk153_29058 at time 10630394 ps $setuphold (posedge C,posedge D,(0:0:0),(0:0:0),notifier,in_clk_enable_p,in_clk_enable_p,C_dly,D_dly)  $hold violation detected. Time: 10630394 ps, Ref Event Time Stamp: 10630198 ps, Data Event Time Stamp: 10630394 ps, Limit: 241 ps
WARNING: "C:/Xilinx/Vivado/2024.2/data/verilog/src/unisims/FDRE.v" Line 150: Timing violation in scope /top/bram_streamer_0/weight_bram_0/weight_fifo_push_reg/TChk150_29055 at time 10630400 ps $setuphold (posedge C,negedge D,(0:0:0),(0:0:0),notifier,in_clk_enable_p,in_clk_enable_p,C_dly,D_dly)  $setup violation detected. Time: 10630400 ps, Data Event Time Stamp: 10630400 ps, Ref Event Time Stamp: 10630204 ps, Limit: -45 ps
WARNING: "C:/Xilinx/Vivado/2024.2/data/verilog/src/unisims/FDRE.v" Line 150: Timing violation in scope /top/bram_streamer_0/weight_bram_0/weight_fifo_push_reg/TChk150_29055 at time 10630400 ps $setuphold (posedge C,negedge D,(0:0:0),(0:0:0),notifier,in_clk_enable_p,in_clk_enable_p,C_dly,D_dly)  $hold violation detected. Time: 10630400 ps, Ref Event Time Stamp: 10630204 ps, Data Event Time Stamp: 10630400 ps, Limit: 241 ps
WARNING: "C:/Xilinx/Vivado/2024.2/data/verilog/src/unisims/RAMB18E1.v" Line 989: Timing violation in scope /top/bram_streamer_0/bram1/mem_reg/TChk989_24102 at time 10660131 ps $setuphold (posedge CLKARDCLK,posedge REGCEAREGCE,(0:0:0),(0:0:0),notifier_a,clkardclk_en_p,clkardclk_en_p,CLKARDCLK_delay,REGCEAREGCE_delay)  $setup violation detected. Time: 10660131 ps, Data Event Time Stamp: 10659885 ps, Ref Event Time Stamp: 10660131 ps, Limit: 360 ps
WARNING: "C:/Xilinx/Vivado/2024.2/data/verilog/src/unisims/RAMB18E1.v" Line 990: Timing violation in scope /top/bram_streamer_0/bram1/mem_reg/TChk990_24103 at time 10670131 ps $setuphold (posedge CLKARDCLK,negedge REGCEAREGCE,(0:0:0),(0:0:0),notifier_a,clkardclk_en_p,clkardclk_en_p,CLKARDCLK_delay,REGCEAREGCE_delay)  $setup violation detected. Time: 10670131 ps, Data Event Time Stamp: 10669925 ps, Ref Event Time Stamp: 10670131 ps, Limit: 360 ps
WARNING: "C:/Xilinx/Vivado/2024.2/data/verilog/src/unisims/FDRE.v" Line 153: Timing violation in scope /top/bram_streamer_0/lif_bram_0/mem_done_reg/TChk153_29058 at time 10670447 ps $setuphold (posedge C,posedge D,(0:0:0),(0:0:0),notifier,in_clk_enable_p,in_clk_enable_p,C_dly,D_dly)  $setup violation detected. Time: 10670447 ps, Data Event Time Stamp: 10670447 ps, Ref Event Time Stamp: 10670245 ps, Limit: -60 ps
WARNING: "C:/Xilinx/Vivado/2024.2/data/verilog/src/unisims/FDRE.v" Line 153: Timing violation in scope /top/bram_streamer_0/lif_bram_0/mem_done_reg/TChk153_29058 at time 10670447 ps $setuphold (posedge C,posedge D,(0:0:0),(0:0:0),notifier,in_clk_enable_p,in_clk_enable_p,C_dly,D_dly)  $hold violation detected. Time: 10670447 ps, Ref Event Time Stamp: 10670245 ps, Data Event Time Stamp: 10670447 ps, Limit: 241 ps
WARNING: "C:/Xilinx/Vivado/2024.2/data/verilog/src/unisims/FDRE.v" Line 150: Timing violation in scope /top/bram_streamer_0/lif_bram_0/mem_done_reg/TChk150_29055 at time 10680447 ps $setuphold (posedge C,negedge D,(0:0:0),(0:0:0),notifier,in_clk_enable_p,in_clk_enable_p,C_dly,D_dly)  $setup violation detected. Time: 10680447 ps, Data Event Time Stamp: 10680447 ps, Ref Event Time Stamp: 10680245 ps, Limit: -60 ps
WARNING: "C:/Xilinx/Vivado/2024.2/data/verilog/src/unisims/FDRE.v" Line 150: Timing violation in scope /top/bram_streamer_0/lif_bram_0/mem_done_reg/TChk150_29055 at time 10680447 ps $setuphold (posedge C,negedge D,(0:0:0),(0:0:0),notifier,in_clk_enable_p,in_clk_enable_p,C_dly,D_dly)  $hold violation detected. Time: 10680447 ps, Ref Event Time Stamp: 10680245 ps, Data Event Time Stamp: 10680447 ps, Limit: 241 ps
WARNING: "C:/Xilinx/Vivado/2024.2/data/verilog/src/unisims/FDRE.v" Line 150: Timing violation in scope /top/bram_streamer_0/tile_idx_bram_0/addr_reg__11/TChk150_29055 at time 10740383 ps $setuphold (posedge C,negedge D,(0:0:0),(0:0:0),notifier,in_clk_enable_p,in_clk_enable_p,C_dly,D_dly)  $setup violation detected. Time: 10740383 ps, Data Event Time Stamp: 10740383 ps, Ref Event Time Stamp: 10740245 ps, Limit: -60 ps
WARNING: "C:/Xilinx/Vivado/2024.2/data/verilog/src/unisims/FDRE.v" Line 150: Timing violation in scope /top/bram_streamer_0/tile_idx_bram_0/addr_reg__11/TChk150_29055 at time 10740383 ps $setuphold (posedge C,negedge D,(0:0:0),(0:0:0),notifier,in_clk_enable_p,in_clk_enable_p,C_dly,D_dly)  $hold violation detected. Time: 10740383 ps, Ref Event Time Stamp: 10740245 ps, Data Event Time Stamp: 10740383 ps, Limit: 262 ps
WARNING: "C:/Xilinx/Vivado/2024.2/data/verilog/src/unisims/FDRE.v" Line 149: Timing violation in scope /top/bram_streamer_0/tile_idx_bram_0/addr_reg__11/TChk149_29054 at time 10750245 ps $setuphold (posedge C,negedge CE,(0:0:0),(0:0:0),notifier,ce_clk_enable_p,ce_clk_enable_p,C_dly,CE_dly)  $hold violation detected. Time: 10750245 ps, Ref Event Time Stamp: 10750245 ps, Data Event Time Stamp: 10750178 ps, Limit: -5 ps
WARNING: "C:/Xilinx/Vivado/2024.2/data/verilog/src/unisims/FDRE.v" Line 149: Timing violation in scope /top/bram_streamer_0/tile_idx_bram_0/addr_reg__11/TChk149_29054 at time 10750245 ps $setuphold (posedge C,negedge CE,(0:0:0),(0:0:0),notifier,ce_clk_enable_p,ce_clk_enable_p,C_dly,CE_dly)  $setup violation detected. Time: 10750245 ps, Data Event Time Stamp: 10750178 ps, Ref Event Time Stamp: 10750245 ps, Limit: 109 ps
WARNING: "C:/Xilinx/Vivado/2024.2/data/verilog/src/unisims/RAMB36E1.v" Line 1347: Timing violation in scope /top/bram_streamer_0/bram0/mem_reg/TChk1347_23798 at time 10760131 ps $setuphold (posedge CLKARDCLK,negedge ENARDEN,(0:0:0),(0:0:0),notifier_a,clkardclk_en_p,clkardclk_en_p,CLKARDCLK_delay,ENARDEN_delay)  $setup violation detected. Time: 10760131 ps, Data Event Time Stamp: 10759898 ps, Ref Event Time Stamp: 10760131 ps, Limit: 443 ps
WARNING: "C:/Xilinx/Vivado/2024.2/data/verilog/src/unisims/FDRE.v" Line 153: Timing violation in scope /top/bram_streamer_0/weight_bram_0/weight_fifo_push_reg/TChk153_29058 at time 10790400 ps $setuphold (posedge C,posedge D,(0:0:0),(0:0:0),notifier,in_clk_enable_p,in_clk_enable_p,C_dly,D_dly)  $setup violation detected. Time: 10790400 ps, Data Event Time Stamp: 10790400 ps, Ref Event Time Stamp: 10790204 ps, Limit: -45 ps
WARNING: "C:/Xilinx/Vivado/2024.2/data/verilog/src/unisims/FDRE.v" Line 153: Timing violation in scope /top/bram_streamer_0/weight_bram_0/weight_fifo_push_reg/TChk153_29058 at time 10790400 ps $setuphold (posedge C,posedge D,(0:0:0),(0:0:0),notifier,in_clk_enable_p,in_clk_enable_p,C_dly,D_dly)  $hold violation detected. Time: 10790400 ps, Ref Event Time Stamp: 10790204 ps, Data Event Time Stamp: 10790400 ps, Limit: 241 ps
WARNING: "C:/Xilinx/Vivado/2024.2/data/verilog/src/unisims/FDRE.v" Line 150: Timing violation in scope /top/bram_streamer_0/weight_bram_0/weight_fifo_push_reg/TChk150_29055 at time 10810381 ps $setuphold (posedge C,negedge D,(0:0:0),(0:0:0),notifier,in_clk_enable_p,in_clk_enable_p,C_dly,D_dly)  $setup violation detected. Time: 10810381 ps, Data Event Time Stamp: 10810381 ps, Ref Event Time Stamp: 10810204 ps, Limit: -45 ps
WARNING: "C:/Xilinx/Vivado/2024.2/data/verilog/src/unisims/FDRE.v" Line 150: Timing violation in scope /top/bram_streamer_0/weight_bram_0/weight_fifo_push_reg/TChk150_29055 at time 10810381 ps $setuphold (posedge C,negedge D,(0:0:0),(0:0:0),notifier,in_clk_enable_p,in_clk_enable_p,C_dly,D_dly)  $hold violation detected. Time: 10810381 ps, Ref Event Time Stamp: 10810204 ps, Data Event Time Stamp: 10810381 ps, Limit: 241 ps
WARNING: "C:/Xilinx/Vivado/2024.2/data/verilog/src/unisims/FDRE.v" Line 153: Timing violation in scope /top/bram_streamer_0/weight_bram_0/bram_en_reg/TChk153_29058 at time 10830394 ps $setuphold (posedge C,posedge D,(0:0:0),(0:0:0),notifier,in_clk_enable_p,in_clk_enable_p,C_dly,D_dly)  $setup violation detected. Time: 10830394 ps, Data Event Time Stamp: 10830394 ps, Ref Event Time Stamp: 10830198 ps, Limit: -45 ps
WARNING: "C:/Xilinx/Vivado/2024.2/data/verilog/src/unisims/FDRE.v" Line 153: Timing violation in scope /top/bram_streamer_0/weight_bram_0/bram_en_reg/TChk153_29058 at time 10830394 ps $setuphold (posedge C,posedge D,(0:0:0),(0:0:0),notifier,in_clk_enable_p,in_clk_enable_p,C_dly,D_dly)  $hold violation detected. Time: 10830394 ps, Ref Event Time Stamp: 10830198 ps, Data Event Time Stamp: 10830394 ps, Limit: 241 ps
WARNING: "C:/Xilinx/Vivado/2024.2/data/verilog/src/unisims/FDRE.v" Line 150: Timing violation in scope /top/bram_streamer_0/weight_bram_0/weight_fifo_push_reg/TChk150_29055 at time 10830400 ps $setuphold (posedge C,negedge D,(0:0:0),(0:0:0),notifier,in_clk_enable_p,in_clk_enable_p,C_dly,D_dly)  $setup violation detected. Time: 10830400 ps, Data Event Time Stamp: 10830400 ps, Ref Event Time Stamp: 10830204 ps, Limit: -45 ps
WARNING: "C:/Xilinx/Vivado/2024.2/data/verilog/src/unisims/FDRE.v" Line 150: Timing violation in scope /top/bram_streamer_0/weight_bram_0/weight_fifo_push_reg/TChk150_29055 at time 10830400 ps $setuphold (posedge C,negedge D,(0:0:0),(0:0:0),notifier,in_clk_enable_p,in_clk_enable_p,C_dly,D_dly)  $hold violation detected. Time: 10830400 ps, Ref Event Time Stamp: 10830204 ps, Data Event Time Stamp: 10830400 ps, Limit: 241 ps
WARNING: "C:/Xilinx/Vivado/2024.2/data/verilog/src/unisims/FDRE.v" Line 153: Timing violation in scope /top/bram_streamer_0/weight_bram_0/weight_fifo_push_reg/TChk153_29058 at time 10840400 ps $setuphold (posedge C,posedge D,(0:0:0),(0:0:0),notifier,in_clk_enable_p,in_clk_enable_p,C_dly,D_dly)  $setup violation detected. Time: 10840400 ps, Data Event Time Stamp: 10840400 ps, Ref Event Time Stamp: 10840204 ps, Limit: -45 ps
WARNING: "C:/Xilinx/Vivado/2024.2/data/verilog/src/unisims/FDRE.v" Line 153: Timing violation in scope /top/bram_streamer_0/weight_bram_0/weight_fifo_push_reg/TChk153_29058 at time 10840400 ps $setuphold (posedge C,posedge D,(0:0:0),(0:0:0),notifier,in_clk_enable_p,in_clk_enable_p,C_dly,D_dly)  $hold violation detected. Time: 10840400 ps, Ref Event Time Stamp: 10840204 ps, Data Event Time Stamp: 10840400 ps, Limit: 241 ps
WARNING: "C:/Xilinx/Vivado/2024.2/data/verilog/src/unisims/FDRE.v" Line 150: Timing violation in scope /top/bram_streamer_0/weight_bram_0/weight_fifo_push_reg/TChk150_29055 at time 10860381 ps $setuphold (posedge C,negedge D,(0:0:0),(0:0:0),notifier,in_clk_enable_p,in_clk_enable_p,C_dly,D_dly)  $setup violation detected. Time: 10860381 ps, Data Event Time Stamp: 10860381 ps, Ref Event Time Stamp: 10860204 ps, Limit: -45 ps
WARNING: "C:/Xilinx/Vivado/2024.2/data/verilog/src/unisims/FDRE.v" Line 150: Timing violation in scope /top/bram_streamer_0/weight_bram_0/weight_fifo_push_reg/TChk150_29055 at time 10860381 ps $setuphold (posedge C,negedge D,(0:0:0),(0:0:0),notifier,in_clk_enable_p,in_clk_enable_p,C_dly,D_dly)  $hold violation detected. Time: 10860381 ps, Ref Event Time Stamp: 10860204 ps, Data Event Time Stamp: 10860381 ps, Limit: 241 ps
WARNING: "C:/Xilinx/Vivado/2024.2/data/verilog/src/unisims/FDRE.v" Line 153: Timing violation in scope /top/bram_streamer_0/weight_bram_0/bram_en_reg/TChk153_29058 at time 11020394 ps $setuphold (posedge C,posedge D,(0:0:0),(0:0:0),notifier,in_clk_enable_p,in_clk_enable_p,C_dly,D_dly)  $setup violation detected. Time: 11020394 ps, Data Event Time Stamp: 11020394 ps, Ref Event Time Stamp: 11020198 ps, Limit: -45 ps
WARNING: "C:/Xilinx/Vivado/2024.2/data/verilog/src/unisims/FDRE.v" Line 153: Timing violation in scope /top/bram_streamer_0/weight_bram_0/bram_en_reg/TChk153_29058 at time 11020394 ps $setuphold (posedge C,posedge D,(0:0:0),(0:0:0),notifier,in_clk_enable_p,in_clk_enable_p,C_dly,D_dly)  $hold violation detected. Time: 11020394 ps, Ref Event Time Stamp: 11020198 ps, Data Event Time Stamp: 11020394 ps, Limit: 241 ps
WARNING: "C:/Xilinx/Vivado/2024.2/data/verilog/src/unisims/FDRE.v" Line 150: Timing violation in scope /top/bram_streamer_0/weight_bram_0/weight_fifo_push_reg/TChk150_29055 at time 11020400 ps $setuphold (posedge C,negedge D,(0:0:0),(0:0:0),notifier,in_clk_enable_p,in_clk_enable_p,C_dly,D_dly)  $setup violation detected. Time: 11020400 ps, Data Event Time Stamp: 11020400 ps, Ref Event Time Stamp: 11020204 ps, Limit: -45 ps
WARNING: "C:/Xilinx/Vivado/2024.2/data/verilog/src/unisims/FDRE.v" Line 150: Timing violation in scope /top/bram_streamer_0/weight_bram_0/weight_fifo_push_reg/TChk150_29055 at time 11020400 ps $setuphold (posedge C,negedge D,(0:0:0),(0:0:0),notifier,in_clk_enable_p,in_clk_enable_p,C_dly,D_dly)  $hold violation detected. Time: 11020400 ps, Ref Event Time Stamp: 11020204 ps, Data Event Time Stamp: 11020400 ps, Limit: 241 ps
WARNING: "C:/Xilinx/Vivado/2024.2/data/verilog/src/unisims/RAMB18E1.v" Line 989: Timing violation in scope /top/bram_streamer_0/bram1/mem_reg/TChk989_24102 at time 11050131 ps $setuphold (posedge CLKARDCLK,posedge REGCEAREGCE,(0:0:0),(0:0:0),notifier_a,clkardclk_en_p,clkardclk_en_p,CLKARDCLK_delay,REGCEAREGCE_delay)  $setup violation detected. Time: 11050131 ps, Data Event Time Stamp: 11049885 ps, Ref Event Time Stamp: 11050131 ps, Limit: 360 ps
WARNING: "C:/Xilinx/Vivado/2024.2/data/verilog/src/unisims/RAMB18E1.v" Line 990: Timing violation in scope /top/bram_streamer_0/bram1/mem_reg/TChk990_24103 at time 11060131 ps $setuphold (posedge CLKARDCLK,negedge REGCEAREGCE,(0:0:0),(0:0:0),notifier_a,clkardclk_en_p,clkardclk_en_p,CLKARDCLK_delay,REGCEAREGCE_delay)  $setup violation detected. Time: 11060131 ps, Data Event Time Stamp: 11059925 ps, Ref Event Time Stamp: 11060131 ps, Limit: 360 ps
WARNING: "C:/Xilinx/Vivado/2024.2/data/verilog/src/unisims/FDRE.v" Line 153: Timing violation in scope /top/bram_streamer_0/lif_bram_0/mem_done_reg/TChk153_29058 at time 11060447 ps $setuphold (posedge C,posedge D,(0:0:0),(0:0:0),notifier,in_clk_enable_p,in_clk_enable_p,C_dly,D_dly)  $setup violation detected. Time: 11060447 ps, Data Event Time Stamp: 11060447 ps, Ref Event Time Stamp: 11060245 ps, Limit: -60 ps
WARNING: "C:/Xilinx/Vivado/2024.2/data/verilog/src/unisims/FDRE.v" Line 153: Timing violation in scope /top/bram_streamer_0/lif_bram_0/mem_done_reg/TChk153_29058 at time 11060447 ps $setuphold (posedge C,posedge D,(0:0:0),(0:0:0),notifier,in_clk_enable_p,in_clk_enable_p,C_dly,D_dly)  $hold violation detected. Time: 11060447 ps, Ref Event Time Stamp: 11060245 ps, Data Event Time Stamp: 11060447 ps, Limit: 241 ps
WARNING: "C:/Xilinx/Vivado/2024.2/data/verilog/src/unisims/FDRE.v" Line 150: Timing violation in scope /top/bram_streamer_0/lif_bram_0/mem_done_reg/TChk150_29055 at time 11070447 ps $setuphold (posedge C,negedge D,(0:0:0),(0:0:0),notifier,in_clk_enable_p,in_clk_enable_p,C_dly,D_dly)  $setup violation detected. Time: 11070447 ps, Data Event Time Stamp: 11070447 ps, Ref Event Time Stamp: 11070245 ps, Limit: -60 ps
WARNING: "C:/Xilinx/Vivado/2024.2/data/verilog/src/unisims/FDRE.v" Line 150: Timing violation in scope /top/bram_streamer_0/lif_bram_0/mem_done_reg/TChk150_29055 at time 11070447 ps $setuphold (posedge C,negedge D,(0:0:0),(0:0:0),notifier,in_clk_enable_p,in_clk_enable_p,C_dly,D_dly)  $hold violation detected. Time: 11070447 ps, Ref Event Time Stamp: 11070245 ps, Data Event Time Stamp: 11070447 ps, Limit: 241 ps
WARNING: "C:/Xilinx/Vivado/2024.2/data/verilog/src/unisims/FDRE.v" Line 152: Timing violation in scope /top/bram_streamer_0/tile_idx_bram_0/addr_reg__11/TChk152_29057 at time 11130245 ps $setuphold (posedge C,posedge CE,(0:0:0),(0:0:0),notifier,ce_clk_enable_p,ce_clk_enable_p,C_dly,CE_dly)  $hold violation detected. Time: 11130245 ps, Ref Event Time Stamp: 11130245 ps, Data Event Time Stamp: 11130178 ps, Limit: -5 ps
WARNING: "C:/Xilinx/Vivado/2024.2/data/verilog/src/unisims/FDRE.v" Line 152: Timing violation in scope /top/bram_streamer_0/tile_idx_bram_0/addr_reg__11/TChk152_29057 at time 11130245 ps $setuphold (posedge C,posedge CE,(0:0:0),(0:0:0),notifier,ce_clk_enable_p,ce_clk_enable_p,C_dly,CE_dly)  $setup violation detected. Time: 11130245 ps, Data Event Time Stamp: 11130178 ps, Ref Event Time Stamp: 11130245 ps, Limit: 109 ps
WARNING: "C:/Xilinx/Vivado/2024.2/data/verilog/src/unisims/RAMB36E1.v" Line 1347: Timing violation in scope /top/bram_streamer_0/bram0/mem_reg/TChk1347_23798 at time 11150131 ps $setuphold (posedge CLKARDCLK,negedge ENARDEN,(0:0:0),(0:0:0),notifier_a,clkardclk_en_p,clkardclk_en_p,CLKARDCLK_delay,ENARDEN_delay)  $setup violation detected. Time: 11150131 ps, Data Event Time Stamp: 11149898 ps, Ref Event Time Stamp: 11150131 ps, Limit: 443 ps
WARNING: "C:/Xilinx/Vivado/2024.2/data/verilog/src/unisims/FDRE.v" Line 153: Timing violation in scope /top/bram_streamer_0/weight_bram_0/weight_fifo_push_reg/TChk153_29058 at time 11180400 ps $setuphold (posedge C,posedge D,(0:0:0),(0:0:0),notifier,in_clk_enable_p,in_clk_enable_p,C_dly,D_dly)  $setup violation detected. Time: 11180400 ps, Data Event Time Stamp: 11180400 ps, Ref Event Time Stamp: 11180204 ps, Limit: -45 ps
WARNING: "C:/Xilinx/Vivado/2024.2/data/verilog/src/unisims/FDRE.v" Line 153: Timing violation in scope /top/bram_streamer_0/weight_bram_0/weight_fifo_push_reg/TChk153_29058 at time 11180400 ps $setuphold (posedge C,posedge D,(0:0:0),(0:0:0),notifier,in_clk_enable_p,in_clk_enable_p,C_dly,D_dly)  $hold violation detected. Time: 11180400 ps, Ref Event Time Stamp: 11180204 ps, Data Event Time Stamp: 11180400 ps, Limit: 241 ps
WARNING: "C:/Xilinx/Vivado/2024.2/data/verilog/src/unisims/FDRE.v" Line 150: Timing violation in scope /top/bram_streamer_0/weight_bram_0/weight_fifo_push_reg/TChk150_29055 at time 11200381 ps $setuphold (posedge C,negedge D,(0:0:0),(0:0:0),notifier,in_clk_enable_p,in_clk_enable_p,C_dly,D_dly)  $setup violation detected. Time: 11200381 ps, Data Event Time Stamp: 11200381 ps, Ref Event Time Stamp: 11200204 ps, Limit: -45 ps
WARNING: "C:/Xilinx/Vivado/2024.2/data/verilog/src/unisims/FDRE.v" Line 150: Timing violation in scope /top/bram_streamer_0/weight_bram_0/weight_fifo_push_reg/TChk150_29055 at time 11200381 ps $setuphold (posedge C,negedge D,(0:0:0),(0:0:0),notifier,in_clk_enable_p,in_clk_enable_p,C_dly,D_dly)  $hold violation detected. Time: 11200381 ps, Ref Event Time Stamp: 11200204 ps, Data Event Time Stamp: 11200381 ps, Limit: 241 ps
WARNING: "C:/Xilinx/Vivado/2024.2/data/verilog/src/unisims/FDRE.v" Line 153: Timing violation in scope /top/bram_streamer_0/weight_bram_0/bram_en_reg/TChk153_29058 at time 11220394 ps $setuphold (posedge C,posedge D,(0:0:0),(0:0:0),notifier,in_clk_enable_p,in_clk_enable_p,C_dly,D_dly)  $setup violation detected. Time: 11220394 ps, Data Event Time Stamp: 11220394 ps, Ref Event Time Stamp: 11220198 ps, Limit: -45 ps
WARNING: "C:/Xilinx/Vivado/2024.2/data/verilog/src/unisims/FDRE.v" Line 153: Timing violation in scope /top/bram_streamer_0/weight_bram_0/bram_en_reg/TChk153_29058 at time 11220394 ps $setuphold (posedge C,posedge D,(0:0:0),(0:0:0),notifier,in_clk_enable_p,in_clk_enable_p,C_dly,D_dly)  $hold violation detected. Time: 11220394 ps, Ref Event Time Stamp: 11220198 ps, Data Event Time Stamp: 11220394 ps, Limit: 241 ps
WARNING: "C:/Xilinx/Vivado/2024.2/data/verilog/src/unisims/FDRE.v" Line 150: Timing violation in scope /top/bram_streamer_0/weight_bram_0/weight_fifo_push_reg/TChk150_29055 at time 11220400 ps $setuphold (posedge C,negedge D,(0:0:0),(0:0:0),notifier,in_clk_enable_p,in_clk_enable_p,C_dly,D_dly)  $setup violation detected. Time: 11220400 ps, Data Event Time Stamp: 11220400 ps, Ref Event Time Stamp: 11220204 ps, Limit: -45 ps
WARNING: "C:/Xilinx/Vivado/2024.2/data/verilog/src/unisims/FDRE.v" Line 150: Timing violation in scope /top/bram_streamer_0/weight_bram_0/weight_fifo_push_reg/TChk150_29055 at time 11220400 ps $setuphold (posedge C,negedge D,(0:0:0),(0:0:0),notifier,in_clk_enable_p,in_clk_enable_p,C_dly,D_dly)  $hold violation detected. Time: 11220400 ps, Ref Event Time Stamp: 11220204 ps, Data Event Time Stamp: 11220400 ps, Limit: 241 ps
WARNING: "C:/Xilinx/Vivado/2024.2/data/verilog/src/unisims/FDRE.v" Line 153: Timing violation in scope /top/bram_streamer_0/weight_bram_0/weight_fifo_push_reg/TChk153_29058 at time 11230400 ps $setuphold (posedge C,posedge D,(0:0:0),(0:0:0),notifier,in_clk_enable_p,in_clk_enable_p,C_dly,D_dly)  $setup violation detected. Time: 11230400 ps, Data Event Time Stamp: 11230400 ps, Ref Event Time Stamp: 11230204 ps, Limit: -45 ps
WARNING: "C:/Xilinx/Vivado/2024.2/data/verilog/src/unisims/FDRE.v" Line 153: Timing violation in scope /top/bram_streamer_0/weight_bram_0/weight_fifo_push_reg/TChk153_29058 at time 11230400 ps $setuphold (posedge C,posedge D,(0:0:0),(0:0:0),notifier,in_clk_enable_p,in_clk_enable_p,C_dly,D_dly)  $hold violation detected. Time: 11230400 ps, Ref Event Time Stamp: 11230204 ps, Data Event Time Stamp: 11230400 ps, Limit: 241 ps
WARNING: "C:/Xilinx/Vivado/2024.2/data/verilog/src/unisims/FDRE.v" Line 150: Timing violation in scope /top/bram_streamer_0/weight_bram_0/weight_fifo_push_reg/TChk150_29055 at time 11250381 ps $setuphold (posedge C,negedge D,(0:0:0),(0:0:0),notifier,in_clk_enable_p,in_clk_enable_p,C_dly,D_dly)  $setup violation detected. Time: 11250381 ps, Data Event Time Stamp: 11250381 ps, Ref Event Time Stamp: 11250204 ps, Limit: -45 ps
WARNING: "C:/Xilinx/Vivado/2024.2/data/verilog/src/unisims/FDRE.v" Line 150: Timing violation in scope /top/bram_streamer_0/weight_bram_0/weight_fifo_push_reg/TChk150_29055 at time 11250381 ps $setuphold (posedge C,negedge D,(0:0:0),(0:0:0),notifier,in_clk_enable_p,in_clk_enable_p,C_dly,D_dly)  $hold violation detected. Time: 11250381 ps, Ref Event Time Stamp: 11250204 ps, Data Event Time Stamp: 11250381 ps, Limit: 241 ps
WARNING: "C:/Xilinx/Vivado/2024.2/data/verilog/src/unisims/FDRE.v" Line 153: Timing violation in scope /top/bram_streamer_0/weight_bram_0/bram_en_reg/TChk153_29058 at time 11410394 ps $setuphold (posedge C,posedge D,(0:0:0),(0:0:0),notifier,in_clk_enable_p,in_clk_enable_p,C_dly,D_dly)  $setup violation detected. Time: 11410394 ps, Data Event Time Stamp: 11410394 ps, Ref Event Time Stamp: 11410198 ps, Limit: -45 ps
WARNING: "C:/Xilinx/Vivado/2024.2/data/verilog/src/unisims/FDRE.v" Line 153: Timing violation in scope /top/bram_streamer_0/weight_bram_0/bram_en_reg/TChk153_29058 at time 11410394 ps $setuphold (posedge C,posedge D,(0:0:0),(0:0:0),notifier,in_clk_enable_p,in_clk_enable_p,C_dly,D_dly)  $hold violation detected. Time: 11410394 ps, Ref Event Time Stamp: 11410198 ps, Data Event Time Stamp: 11410394 ps, Limit: 241 ps
WARNING: "C:/Xilinx/Vivado/2024.2/data/verilog/src/unisims/FDRE.v" Line 150: Timing violation in scope /top/bram_streamer_0/weight_bram_0/weight_fifo_push_reg/TChk150_29055 at time 11410400 ps $setuphold (posedge C,negedge D,(0:0:0),(0:0:0),notifier,in_clk_enable_p,in_clk_enable_p,C_dly,D_dly)  $setup violation detected. Time: 11410400 ps, Data Event Time Stamp: 11410400 ps, Ref Event Time Stamp: 11410204 ps, Limit: -45 ps
WARNING: "C:/Xilinx/Vivado/2024.2/data/verilog/src/unisims/FDRE.v" Line 150: Timing violation in scope /top/bram_streamer_0/weight_bram_0/weight_fifo_push_reg/TChk150_29055 at time 11410400 ps $setuphold (posedge C,negedge D,(0:0:0),(0:0:0),notifier,in_clk_enable_p,in_clk_enable_p,C_dly,D_dly)  $hold violation detected. Time: 11410400 ps, Ref Event Time Stamp: 11410204 ps, Data Event Time Stamp: 11410400 ps, Limit: 241 ps
WARNING: "C:/Xilinx/Vivado/2024.2/data/verilog/src/unisims/RAMB18E1.v" Line 989: Timing violation in scope /top/bram_streamer_0/bram1/mem_reg/TChk989_24102 at time 11440131 ps $setuphold (posedge CLKARDCLK,posedge REGCEAREGCE,(0:0:0),(0:0:0),notifier_a,clkardclk_en_p,clkardclk_en_p,CLKARDCLK_delay,REGCEAREGCE_delay)  $setup violation detected. Time: 11440131 ps, Data Event Time Stamp: 11439885 ps, Ref Event Time Stamp: 11440131 ps, Limit: 360 ps
WARNING: "C:/Xilinx/Vivado/2024.2/data/verilog/src/unisims/RAMB18E1.v" Line 990: Timing violation in scope /top/bram_streamer_0/bram1/mem_reg/TChk990_24103 at time 11450131 ps $setuphold (posedge CLKARDCLK,negedge REGCEAREGCE,(0:0:0),(0:0:0),notifier_a,clkardclk_en_p,clkardclk_en_p,CLKARDCLK_delay,REGCEAREGCE_delay)  $setup violation detected. Time: 11450131 ps, Data Event Time Stamp: 11449925 ps, Ref Event Time Stamp: 11450131 ps, Limit: 360 ps
WARNING: "C:/Xilinx/Vivado/2024.2/data/verilog/src/unisims/FDRE.v" Line 153: Timing violation in scope /top/bram_streamer_0/lif_bram_0/mem_done_reg/TChk153_29058 at time 11450447 ps $setuphold (posedge C,posedge D,(0:0:0),(0:0:0),notifier,in_clk_enable_p,in_clk_enable_p,C_dly,D_dly)  $setup violation detected. Time: 11450447 ps, Data Event Time Stamp: 11450447 ps, Ref Event Time Stamp: 11450245 ps, Limit: -60 ps
WARNING: "C:/Xilinx/Vivado/2024.2/data/verilog/src/unisims/FDRE.v" Line 153: Timing violation in scope /top/bram_streamer_0/lif_bram_0/mem_done_reg/TChk153_29058 at time 11450447 ps $setuphold (posedge C,posedge D,(0:0:0),(0:0:0),notifier,in_clk_enable_p,in_clk_enable_p,C_dly,D_dly)  $hold violation detected. Time: 11450447 ps, Ref Event Time Stamp: 11450245 ps, Data Event Time Stamp: 11450447 ps, Limit: 241 ps
WARNING: "C:/Xilinx/Vivado/2024.2/data/verilog/src/unisims/FDRE.v" Line 150: Timing violation in scope /top/bram_streamer_0/lif_bram_0/mem_done_reg/TChk150_29055 at time 11460447 ps $setuphold (posedge C,negedge D,(0:0:0),(0:0:0),notifier,in_clk_enable_p,in_clk_enable_p,C_dly,D_dly)  $setup violation detected. Time: 11460447 ps, Data Event Time Stamp: 11460447 ps, Ref Event Time Stamp: 11460245 ps, Limit: -60 ps
WARNING: "C:/Xilinx/Vivado/2024.2/data/verilog/src/unisims/FDRE.v" Line 150: Timing violation in scope /top/bram_streamer_0/lif_bram_0/mem_done_reg/TChk150_29055 at time 11460447 ps $setuphold (posedge C,negedge D,(0:0:0),(0:0:0),notifier,in_clk_enable_p,in_clk_enable_p,C_dly,D_dly)  $hold violation detected. Time: 11460447 ps, Ref Event Time Stamp: 11460245 ps, Data Event Time Stamp: 11460447 ps, Limit: 241 ps
WARNING: "C:/Xilinx/Vivado/2024.2/data/verilog/src/unisims/FDRE.v" Line 153: Timing violation in scope /top/bram_streamer_0/tile_idx_bram_0/addr_reg__11/TChk153_29058 at time 11520383 ps $setuphold (posedge C,posedge D,(0:0:0),(0:0:0),notifier,in_clk_enable_p,in_clk_enable_p,C_dly,D_dly)  $setup violation detected. Time: 11520383 ps, Data Event Time Stamp: 11520383 ps, Ref Event Time Stamp: 11520245 ps, Limit: -60 ps
WARNING: "C:/Xilinx/Vivado/2024.2/data/verilog/src/unisims/FDRE.v" Line 153: Timing violation in scope /top/bram_streamer_0/tile_idx_bram_0/addr_reg__11/TChk153_29058 at time 11520383 ps $setuphold (posedge C,posedge D,(0:0:0),(0:0:0),notifier,in_clk_enable_p,in_clk_enable_p,C_dly,D_dly)  $hold violation detected. Time: 11520383 ps, Ref Event Time Stamp: 11520245 ps, Data Event Time Stamp: 11520383 ps, Limit: 262 ps
WARNING: "C:/Xilinx/Vivado/2024.2/data/verilog/src/unisims/FDRE.v" Line 149: Timing violation in scope /top/bram_streamer_0/tile_idx_bram_0/addr_reg__11/TChk149_29054 at time 11530245 ps $setuphold (posedge C,negedge CE,(0:0:0),(0:0:0),notifier,ce_clk_enable_p,ce_clk_enable_p,C_dly,CE_dly)  $hold violation detected. Time: 11530245 ps, Ref Event Time Stamp: 11530245 ps, Data Event Time Stamp: 11530178 ps, Limit: -5 ps
WARNING: "C:/Xilinx/Vivado/2024.2/data/verilog/src/unisims/FDRE.v" Line 149: Timing violation in scope /top/bram_streamer_0/tile_idx_bram_0/addr_reg__11/TChk149_29054 at time 11530245 ps $setuphold (posedge C,negedge CE,(0:0:0),(0:0:0),notifier,ce_clk_enable_p,ce_clk_enable_p,C_dly,CE_dly)  $setup violation detected. Time: 11530245 ps, Data Event Time Stamp: 11530178 ps, Ref Event Time Stamp: 11530245 ps, Limit: 109 ps
WARNING: "C:/Xilinx/Vivado/2024.2/data/verilog/src/unisims/RAMB36E1.v" Line 1347: Timing violation in scope /top/bram_streamer_0/bram0/mem_reg/TChk1347_23798 at time 11540131 ps $setuphold (posedge CLKARDCLK,negedge ENARDEN,(0:0:0),(0:0:0),notifier_a,clkardclk_en_p,clkardclk_en_p,CLKARDCLK_delay,ENARDEN_delay)  $setup violation detected. Time: 11540131 ps, Data Event Time Stamp: 11539898 ps, Ref Event Time Stamp: 11540131 ps, Limit: 443 ps
WARNING: "C:/Xilinx/Vivado/2024.2/data/verilog/src/unisims/FDRE.v" Line 153: Timing violation in scope /top/bram_streamer_0/weight_bram_0/weight_fifo_push_reg/TChk153_29058 at time 11570400 ps $setuphold (posedge C,posedge D,(0:0:0),(0:0:0),notifier,in_clk_enable_p,in_clk_enable_p,C_dly,D_dly)  $setup violation detected. Time: 11570400 ps, Data Event Time Stamp: 11570400 ps, Ref Event Time Stamp: 11570204 ps, Limit: -45 ps
WARNING: "C:/Xilinx/Vivado/2024.2/data/verilog/src/unisims/FDRE.v" Line 153: Timing violation in scope /top/bram_streamer_0/weight_bram_0/weight_fifo_push_reg/TChk153_29058 at time 11570400 ps $setuphold (posedge C,posedge D,(0:0:0),(0:0:0),notifier,in_clk_enable_p,in_clk_enable_p,C_dly,D_dly)  $hold violation detected. Time: 11570400 ps, Ref Event Time Stamp: 11570204 ps, Data Event Time Stamp: 11570400 ps, Limit: 241 ps
WARNING: "C:/Xilinx/Vivado/2024.2/data/verilog/src/unisims/FDRE.v" Line 150: Timing violation in scope /top/bram_streamer_0/weight_bram_0/weight_fifo_push_reg/TChk150_29055 at time 11590381 ps $setuphold (posedge C,negedge D,(0:0:0),(0:0:0),notifier,in_clk_enable_p,in_clk_enable_p,C_dly,D_dly)  $setup violation detected. Time: 11590381 ps, Data Event Time Stamp: 11590381 ps, Ref Event Time Stamp: 11590204 ps, Limit: -45 ps
WARNING: "C:/Xilinx/Vivado/2024.2/data/verilog/src/unisims/FDRE.v" Line 150: Timing violation in scope /top/bram_streamer_0/weight_bram_0/weight_fifo_push_reg/TChk150_29055 at time 11590381 ps $setuphold (posedge C,negedge D,(0:0:0),(0:0:0),notifier,in_clk_enable_p,in_clk_enable_p,C_dly,D_dly)  $hold violation detected. Time: 11590381 ps, Ref Event Time Stamp: 11590204 ps, Data Event Time Stamp: 11590381 ps, Limit: 241 ps
WARNING: "C:/Xilinx/Vivado/2024.2/data/verilog/src/unisims/FDRE.v" Line 153: Timing violation in scope /top/bram_streamer_0/weight_bram_0/bram_en_reg/TChk153_29058 at time 11610394 ps $setuphold (posedge C,posedge D,(0:0:0),(0:0:0),notifier,in_clk_enable_p,in_clk_enable_p,C_dly,D_dly)  $setup violation detected. Time: 11610394 ps, Data Event Time Stamp: 11610394 ps, Ref Event Time Stamp: 11610198 ps, Limit: -45 ps
WARNING: "C:/Xilinx/Vivado/2024.2/data/verilog/src/unisims/FDRE.v" Line 153: Timing violation in scope /top/bram_streamer_0/weight_bram_0/bram_en_reg/TChk153_29058 at time 11610394 ps $setuphold (posedge C,posedge D,(0:0:0),(0:0:0),notifier,in_clk_enable_p,in_clk_enable_p,C_dly,D_dly)  $hold violation detected. Time: 11610394 ps, Ref Event Time Stamp: 11610198 ps, Data Event Time Stamp: 11610394 ps, Limit: 241 ps
WARNING: "C:/Xilinx/Vivado/2024.2/data/verilog/src/unisims/FDRE.v" Line 150: Timing violation in scope /top/bram_streamer_0/weight_bram_0/weight_fifo_push_reg/TChk150_29055 at time 11610400 ps $setuphold (posedge C,negedge D,(0:0:0),(0:0:0),notifier,in_clk_enable_p,in_clk_enable_p,C_dly,D_dly)  $setup violation detected. Time: 11610400 ps, Data Event Time Stamp: 11610400 ps, Ref Event Time Stamp: 11610204 ps, Limit: -45 ps
WARNING: "C:/Xilinx/Vivado/2024.2/data/verilog/src/unisims/FDRE.v" Line 150: Timing violation in scope /top/bram_streamer_0/weight_bram_0/weight_fifo_push_reg/TChk150_29055 at time 11610400 ps $setuphold (posedge C,negedge D,(0:0:0),(0:0:0),notifier,in_clk_enable_p,in_clk_enable_p,C_dly,D_dly)  $hold violation detected. Time: 11610400 ps, Ref Event Time Stamp: 11610204 ps, Data Event Time Stamp: 11610400 ps, Limit: 241 ps
WARNING: "C:/Xilinx/Vivado/2024.2/data/verilog/src/unisims/FDRE.v" Line 153: Timing violation in scope /top/bram_streamer_0/weight_bram_0/weight_fifo_push_reg/TChk153_29058 at time 11620400 ps $setuphold (posedge C,posedge D,(0:0:0),(0:0:0),notifier,in_clk_enable_p,in_clk_enable_p,C_dly,D_dly)  $setup violation detected. Time: 11620400 ps, Data Event Time Stamp: 11620400 ps, Ref Event Time Stamp: 11620204 ps, Limit: -45 ps
WARNING: "C:/Xilinx/Vivado/2024.2/data/verilog/src/unisims/FDRE.v" Line 153: Timing violation in scope /top/bram_streamer_0/weight_bram_0/weight_fifo_push_reg/TChk153_29058 at time 11620400 ps $setuphold (posedge C,posedge D,(0:0:0),(0:0:0),notifier,in_clk_enable_p,in_clk_enable_p,C_dly,D_dly)  $hold violation detected. Time: 11620400 ps, Ref Event Time Stamp: 11620204 ps, Data Event Time Stamp: 11620400 ps, Limit: 241 ps
WARNING: "C:/Xilinx/Vivado/2024.2/data/verilog/src/unisims/FDRE.v" Line 150: Timing violation in scope /top/bram_streamer_0/weight_bram_0/weight_fifo_push_reg/TChk150_29055 at time 11640381 ps $setuphold (posedge C,negedge D,(0:0:0),(0:0:0),notifier,in_clk_enable_p,in_clk_enable_p,C_dly,D_dly)  $setup violation detected. Time: 11640381 ps, Data Event Time Stamp: 11640381 ps, Ref Event Time Stamp: 11640204 ps, Limit: -45 ps
WARNING: "C:/Xilinx/Vivado/2024.2/data/verilog/src/unisims/FDRE.v" Line 150: Timing violation in scope /top/bram_streamer_0/weight_bram_0/weight_fifo_push_reg/TChk150_29055 at time 11640381 ps $setuphold (posedge C,negedge D,(0:0:0),(0:0:0),notifier,in_clk_enable_p,in_clk_enable_p,C_dly,D_dly)  $hold violation detected. Time: 11640381 ps, Ref Event Time Stamp: 11640204 ps, Data Event Time Stamp: 11640381 ps, Limit: 241 ps
WARNING: "C:/Xilinx/Vivado/2024.2/data/verilog/src/unisims/FDRE.v" Line 153: Timing violation in scope /top/bram_streamer_0/weight_bram_0/bram_en_reg/TChk153_29058 at time 11800394 ps $setuphold (posedge C,posedge D,(0:0:0),(0:0:0),notifier,in_clk_enable_p,in_clk_enable_p,C_dly,D_dly)  $setup violation detected. Time: 11800394 ps, Data Event Time Stamp: 11800394 ps, Ref Event Time Stamp: 11800198 ps, Limit: -45 ps
WARNING: "C:/Xilinx/Vivado/2024.2/data/verilog/src/unisims/FDRE.v" Line 153: Timing violation in scope /top/bram_streamer_0/weight_bram_0/bram_en_reg/TChk153_29058 at time 11800394 ps $setuphold (posedge C,posedge D,(0:0:0),(0:0:0),notifier,in_clk_enable_p,in_clk_enable_p,C_dly,D_dly)  $hold violation detected. Time: 11800394 ps, Ref Event Time Stamp: 11800198 ps, Data Event Time Stamp: 11800394 ps, Limit: 241 ps
WARNING: "C:/Xilinx/Vivado/2024.2/data/verilog/src/unisims/FDRE.v" Line 150: Timing violation in scope /top/bram_streamer_0/weight_bram_0/weight_fifo_push_reg/TChk150_29055 at time 11800400 ps $setuphold (posedge C,negedge D,(0:0:0),(0:0:0),notifier,in_clk_enable_p,in_clk_enable_p,C_dly,D_dly)  $setup violation detected. Time: 11800400 ps, Data Event Time Stamp: 11800400 ps, Ref Event Time Stamp: 11800204 ps, Limit: -45 ps
WARNING: "C:/Xilinx/Vivado/2024.2/data/verilog/src/unisims/FDRE.v" Line 150: Timing violation in scope /top/bram_streamer_0/weight_bram_0/weight_fifo_push_reg/TChk150_29055 at time 11800400 ps $setuphold (posedge C,negedge D,(0:0:0),(0:0:0),notifier,in_clk_enable_p,in_clk_enable_p,C_dly,D_dly)  $hold violation detected. Time: 11800400 ps, Ref Event Time Stamp: 11800204 ps, Data Event Time Stamp: 11800400 ps, Limit: 241 ps
WARNING: "C:/Xilinx/Vivado/2024.2/data/verilog/src/unisims/RAMB18E1.v" Line 989: Timing violation in scope /top/bram_streamer_0/bram1/mem_reg/TChk989_24102 at time 11830131 ps $setuphold (posedge CLKARDCLK,posedge REGCEAREGCE,(0:0:0),(0:0:0),notifier_a,clkardclk_en_p,clkardclk_en_p,CLKARDCLK_delay,REGCEAREGCE_delay)  $setup violation detected. Time: 11830131 ps, Data Event Time Stamp: 11829885 ps, Ref Event Time Stamp: 11830131 ps, Limit: 360 ps
WARNING: "C:/Xilinx/Vivado/2024.2/data/verilog/src/unisims/RAMB18E1.v" Line 990: Timing violation in scope /top/bram_streamer_0/bram1/mem_reg/TChk990_24103 at time 11840131 ps $setuphold (posedge CLKARDCLK,negedge REGCEAREGCE,(0:0:0),(0:0:0),notifier_a,clkardclk_en_p,clkardclk_en_p,CLKARDCLK_delay,REGCEAREGCE_delay)  $setup violation detected. Time: 11840131 ps, Data Event Time Stamp: 11839925 ps, Ref Event Time Stamp: 11840131 ps, Limit: 360 ps
WARNING: "C:/Xilinx/Vivado/2024.2/data/verilog/src/unisims/FDRE.v" Line 153: Timing violation in scope /top/bram_streamer_0/lif_bram_0/mem_done_reg/TChk153_29058 at time 11840447 ps $setuphold (posedge C,posedge D,(0:0:0),(0:0:0),notifier,in_clk_enable_p,in_clk_enable_p,C_dly,D_dly)  $setup violation detected. Time: 11840447 ps, Data Event Time Stamp: 11840447 ps, Ref Event Time Stamp: 11840245 ps, Limit: -60 ps
WARNING: "C:/Xilinx/Vivado/2024.2/data/verilog/src/unisims/FDRE.v" Line 153: Timing violation in scope /top/bram_streamer_0/lif_bram_0/mem_done_reg/TChk153_29058 at time 11840447 ps $setuphold (posedge C,posedge D,(0:0:0),(0:0:0),notifier,in_clk_enable_p,in_clk_enable_p,C_dly,D_dly)  $hold violation detected. Time: 11840447 ps, Ref Event Time Stamp: 11840245 ps, Data Event Time Stamp: 11840447 ps, Limit: 241 ps
WARNING: "C:/Xilinx/Vivado/2024.2/data/verilog/src/unisims/FDRE.v" Line 150: Timing violation in scope /top/bram_streamer_0/lif_bram_0/mem_done_reg/TChk150_29055 at time 11850447 ps $setuphold (posedge C,negedge D,(0:0:0),(0:0:0),notifier,in_clk_enable_p,in_clk_enable_p,C_dly,D_dly)  $setup violation detected. Time: 11850447 ps, Data Event Time Stamp: 11850447 ps, Ref Event Time Stamp: 11850245 ps, Limit: -60 ps
WARNING: "C:/Xilinx/Vivado/2024.2/data/verilog/src/unisims/FDRE.v" Line 150: Timing violation in scope /top/bram_streamer_0/lif_bram_0/mem_done_reg/TChk150_29055 at time 11850447 ps $setuphold (posedge C,negedge D,(0:0:0),(0:0:0),notifier,in_clk_enable_p,in_clk_enable_p,C_dly,D_dly)  $hold violation detected. Time: 11850447 ps, Ref Event Time Stamp: 11850245 ps, Data Event Time Stamp: 11850447 ps, Limit: 241 ps
WARNING: "C:/Xilinx/Vivado/2024.2/data/verilog/src/unisims/FDRE.v" Line 152: Timing violation in scope /top/bram_streamer_0/tile_idx_bram_0/addr_reg__11/TChk152_29057 at time 11910245 ps $setuphold (posedge C,posedge CE,(0:0:0),(0:0:0),notifier,ce_clk_enable_p,ce_clk_enable_p,C_dly,CE_dly)  $hold violation detected. Time: 11910245 ps, Ref Event Time Stamp: 11910245 ps, Data Event Time Stamp: 11910178 ps, Limit: -5 ps
WARNING: "C:/Xilinx/Vivado/2024.2/data/verilog/src/unisims/FDRE.v" Line 152: Timing violation in scope /top/bram_streamer_0/tile_idx_bram_0/addr_reg__11/TChk152_29057 at time 11910245 ps $setuphold (posedge C,posedge CE,(0:0:0),(0:0:0),notifier,ce_clk_enable_p,ce_clk_enable_p,C_dly,CE_dly)  $setup violation detected. Time: 11910245 ps, Data Event Time Stamp: 11910178 ps, Ref Event Time Stamp: 11910245 ps, Limit: 109 ps
WARNING: "C:/Xilinx/Vivado/2024.2/data/verilog/src/unisims/RAMB36E1.v" Line 1347: Timing violation in scope /top/bram_streamer_0/bram0/mem_reg/TChk1347_23798 at time 11930131 ps $setuphold (posedge CLKARDCLK,negedge ENARDEN,(0:0:0),(0:0:0),notifier_a,clkardclk_en_p,clkardclk_en_p,CLKARDCLK_delay,ENARDEN_delay)  $setup violation detected. Time: 11930131 ps, Data Event Time Stamp: 11929898 ps, Ref Event Time Stamp: 11930131 ps, Limit: 443 ps
WARNING: "C:/Xilinx/Vivado/2024.2/data/verilog/src/unisims/FDRE.v" Line 153: Timing violation in scope /top/bram_streamer_0/weight_bram_0/weight_fifo_push_reg/TChk153_29058 at time 11960400 ps $setuphold (posedge C,posedge D,(0:0:0),(0:0:0),notifier,in_clk_enable_p,in_clk_enable_p,C_dly,D_dly)  $setup violation detected. Time: 11960400 ps, Data Event Time Stamp: 11960400 ps, Ref Event Time Stamp: 11960204 ps, Limit: -45 ps
WARNING: "C:/Xilinx/Vivado/2024.2/data/verilog/src/unisims/FDRE.v" Line 153: Timing violation in scope /top/bram_streamer_0/weight_bram_0/weight_fifo_push_reg/TChk153_29058 at time 11960400 ps $setuphold (posedge C,posedge D,(0:0:0),(0:0:0),notifier,in_clk_enable_p,in_clk_enable_p,C_dly,D_dly)  $hold violation detected. Time: 11960400 ps, Ref Event Time Stamp: 11960204 ps, Data Event Time Stamp: 11960400 ps, Limit: 241 ps
WARNING: "C:/Xilinx/Vivado/2024.2/data/verilog/src/unisims/FDRE.v" Line 150: Timing violation in scope /top/bram_streamer_0/weight_bram_0/weight_fifo_push_reg/TChk150_29055 at time 11980381 ps $setuphold (posedge C,negedge D,(0:0:0),(0:0:0),notifier,in_clk_enable_p,in_clk_enable_p,C_dly,D_dly)  $setup violation detected. Time: 11980381 ps, Data Event Time Stamp: 11980381 ps, Ref Event Time Stamp: 11980204 ps, Limit: -45 ps
WARNING: "C:/Xilinx/Vivado/2024.2/data/verilog/src/unisims/FDRE.v" Line 150: Timing violation in scope /top/bram_streamer_0/weight_bram_0/weight_fifo_push_reg/TChk150_29055 at time 11980381 ps $setuphold (posedge C,negedge D,(0:0:0),(0:0:0),notifier,in_clk_enable_p,in_clk_enable_p,C_dly,D_dly)  $hold violation detected. Time: 11980381 ps, Ref Event Time Stamp: 11980204 ps, Data Event Time Stamp: 11980381 ps, Limit: 241 ps
WARNING: "C:/Xilinx/Vivado/2024.2/data/verilog/src/unisims/FDRE.v" Line 153: Timing violation in scope /top/bram_streamer_0/weight_bram_0/bram_en_reg/TChk153_29058 at time 12000394 ps $setuphold (posedge C,posedge D,(0:0:0),(0:0:0),notifier,in_clk_enable_p,in_clk_enable_p,C_dly,D_dly)  $setup violation detected. Time: 12000394 ps, Data Event Time Stamp: 12000394 ps, Ref Event Time Stamp: 12000198 ps, Limit: -45 ps
WARNING: "C:/Xilinx/Vivado/2024.2/data/verilog/src/unisims/FDRE.v" Line 153: Timing violation in scope /top/bram_streamer_0/weight_bram_0/bram_en_reg/TChk153_29058 at time 12000394 ps $setuphold (posedge C,posedge D,(0:0:0),(0:0:0),notifier,in_clk_enable_p,in_clk_enable_p,C_dly,D_dly)  $hold violation detected. Time: 12000394 ps, Ref Event Time Stamp: 12000198 ps, Data Event Time Stamp: 12000394 ps, Limit: 241 ps
WARNING: "C:/Xilinx/Vivado/2024.2/data/verilog/src/unisims/FDRE.v" Line 150: Timing violation in scope /top/bram_streamer_0/weight_bram_0/weight_fifo_push_reg/TChk150_29055 at time 12000400 ps $setuphold (posedge C,negedge D,(0:0:0),(0:0:0),notifier,in_clk_enable_p,in_clk_enable_p,C_dly,D_dly)  $setup violation detected. Time: 12000400 ps, Data Event Time Stamp: 12000400 ps, Ref Event Time Stamp: 12000204 ps, Limit: -45 ps
WARNING: "C:/Xilinx/Vivado/2024.2/data/verilog/src/unisims/FDRE.v" Line 150: Timing violation in scope /top/bram_streamer_0/weight_bram_0/weight_fifo_push_reg/TChk150_29055 at time 12000400 ps $setuphold (posedge C,negedge D,(0:0:0),(0:0:0),notifier,in_clk_enable_p,in_clk_enable_p,C_dly,D_dly)  $hold violation detected. Time: 12000400 ps, Ref Event Time Stamp: 12000204 ps, Data Event Time Stamp: 12000400 ps, Limit: 241 ps
WARNING: "C:/Xilinx/Vivado/2024.2/data/verilog/src/unisims/FDRE.v" Line 153: Timing violation in scope /top/bram_streamer_0/weight_bram_0/weight_fifo_push_reg/TChk153_29058 at time 12010400 ps $setuphold (posedge C,posedge D,(0:0:0),(0:0:0),notifier,in_clk_enable_p,in_clk_enable_p,C_dly,D_dly)  $setup violation detected. Time: 12010400 ps, Data Event Time Stamp: 12010400 ps, Ref Event Time Stamp: 12010204 ps, Limit: -45 ps
WARNING: "C:/Xilinx/Vivado/2024.2/data/verilog/src/unisims/FDRE.v" Line 153: Timing violation in scope /top/bram_streamer_0/weight_bram_0/weight_fifo_push_reg/TChk153_29058 at time 12010400 ps $setuphold (posedge C,posedge D,(0:0:0),(0:0:0),notifier,in_clk_enable_p,in_clk_enable_p,C_dly,D_dly)  $hold violation detected. Time: 12010400 ps, Ref Event Time Stamp: 12010204 ps, Data Event Time Stamp: 12010400 ps, Limit: 241 ps
WARNING: "C:/Xilinx/Vivado/2024.2/data/verilog/src/unisims/FDRE.v" Line 150: Timing violation in scope /top/bram_streamer_0/weight_bram_0/weight_fifo_push_reg/TChk150_29055 at time 12030381 ps $setuphold (posedge C,negedge D,(0:0:0),(0:0:0),notifier,in_clk_enable_p,in_clk_enable_p,C_dly,D_dly)  $setup violation detected. Time: 12030381 ps, Data Event Time Stamp: 12030381 ps, Ref Event Time Stamp: 12030204 ps, Limit: -45 ps
WARNING: "C:/Xilinx/Vivado/2024.2/data/verilog/src/unisims/FDRE.v" Line 150: Timing violation in scope /top/bram_streamer_0/weight_bram_0/weight_fifo_push_reg/TChk150_29055 at time 12030381 ps $setuphold (posedge C,negedge D,(0:0:0),(0:0:0),notifier,in_clk_enable_p,in_clk_enable_p,C_dly,D_dly)  $hold violation detected. Time: 12030381 ps, Ref Event Time Stamp: 12030204 ps, Data Event Time Stamp: 12030381 ps, Limit: 241 ps
WARNING: "C:/Xilinx/Vivado/2024.2/data/verilog/src/unisims/FDRE.v" Line 153: Timing violation in scope /top/bram_streamer_0/weight_bram_0/bram_en_reg/TChk153_29058 at time 12190394 ps $setuphold (posedge C,posedge D,(0:0:0),(0:0:0),notifier,in_clk_enable_p,in_clk_enable_p,C_dly,D_dly)  $setup violation detected. Time: 12190394 ps, Data Event Time Stamp: 12190394 ps, Ref Event Time Stamp: 12190198 ps, Limit: -45 ps
WARNING: "C:/Xilinx/Vivado/2024.2/data/verilog/src/unisims/FDRE.v" Line 153: Timing violation in scope /top/bram_streamer_0/weight_bram_0/bram_en_reg/TChk153_29058 at time 12190394 ps $setuphold (posedge C,posedge D,(0:0:0),(0:0:0),notifier,in_clk_enable_p,in_clk_enable_p,C_dly,D_dly)  $hold violation detected. Time: 12190394 ps, Ref Event Time Stamp: 12190198 ps, Data Event Time Stamp: 12190394 ps, Limit: 241 ps
WARNING: "C:/Xilinx/Vivado/2024.2/data/verilog/src/unisims/FDRE.v" Line 150: Timing violation in scope /top/bram_streamer_0/weight_bram_0/weight_fifo_push_reg/TChk150_29055 at time 12190400 ps $setuphold (posedge C,negedge D,(0:0:0),(0:0:0),notifier,in_clk_enable_p,in_clk_enable_p,C_dly,D_dly)  $setup violation detected. Time: 12190400 ps, Data Event Time Stamp: 12190400 ps, Ref Event Time Stamp: 12190204 ps, Limit: -45 ps
WARNING: "C:/Xilinx/Vivado/2024.2/data/verilog/src/unisims/FDRE.v" Line 150: Timing violation in scope /top/bram_streamer_0/weight_bram_0/weight_fifo_push_reg/TChk150_29055 at time 12190400 ps $setuphold (posedge C,negedge D,(0:0:0),(0:0:0),notifier,in_clk_enable_p,in_clk_enable_p,C_dly,D_dly)  $hold violation detected. Time: 12190400 ps, Ref Event Time Stamp: 12190204 ps, Data Event Time Stamp: 12190400 ps, Limit: 241 ps
WARNING: "C:/Xilinx/Vivado/2024.2/data/verilog/src/unisims/RAMB18E1.v" Line 989: Timing violation in scope /top/bram_streamer_0/bram1/mem_reg/TChk989_24102 at time 12220131 ps $setuphold (posedge CLKARDCLK,posedge REGCEAREGCE,(0:0:0),(0:0:0),notifier_a,clkardclk_en_p,clkardclk_en_p,CLKARDCLK_delay,REGCEAREGCE_delay)  $setup violation detected. Time: 12220131 ps, Data Event Time Stamp: 12219885 ps, Ref Event Time Stamp: 12220131 ps, Limit: 360 ps
WARNING: "C:/Xilinx/Vivado/2024.2/data/verilog/src/unisims/RAMB18E1.v" Line 990: Timing violation in scope /top/bram_streamer_0/bram1/mem_reg/TChk990_24103 at time 12230131 ps $setuphold (posedge CLKARDCLK,negedge REGCEAREGCE,(0:0:0),(0:0:0),notifier_a,clkardclk_en_p,clkardclk_en_p,CLKARDCLK_delay,REGCEAREGCE_delay)  $setup violation detected. Time: 12230131 ps, Data Event Time Stamp: 12229925 ps, Ref Event Time Stamp: 12230131 ps, Limit: 360 ps
WARNING: "C:/Xilinx/Vivado/2024.2/data/verilog/src/unisims/FDRE.v" Line 153: Timing violation in scope /top/bram_streamer_0/lif_bram_0/mem_done_reg/TChk153_29058 at time 12230447 ps $setuphold (posedge C,posedge D,(0:0:0),(0:0:0),notifier,in_clk_enable_p,in_clk_enable_p,C_dly,D_dly)  $setup violation detected. Time: 12230447 ps, Data Event Time Stamp: 12230447 ps, Ref Event Time Stamp: 12230245 ps, Limit: -60 ps
WARNING: "C:/Xilinx/Vivado/2024.2/data/verilog/src/unisims/FDRE.v" Line 153: Timing violation in scope /top/bram_streamer_0/lif_bram_0/mem_done_reg/TChk153_29058 at time 12230447 ps $setuphold (posedge C,posedge D,(0:0:0),(0:0:0),notifier,in_clk_enable_p,in_clk_enable_p,C_dly,D_dly)  $hold violation detected. Time: 12230447 ps, Ref Event Time Stamp: 12230245 ps, Data Event Time Stamp: 12230447 ps, Limit: 241 ps
WARNING: "C:/Xilinx/Vivado/2024.2/data/verilog/src/unisims/FDRE.v" Line 150: Timing violation in scope /top/bram_streamer_0/lif_bram_0/mem_done_reg/TChk150_29055 at time 12240447 ps $setuphold (posedge C,negedge D,(0:0:0),(0:0:0),notifier,in_clk_enable_p,in_clk_enable_p,C_dly,D_dly)  $setup violation detected. Time: 12240447 ps, Data Event Time Stamp: 12240447 ps, Ref Event Time Stamp: 12240245 ps, Limit: -60 ps
WARNING: "C:/Xilinx/Vivado/2024.2/data/verilog/src/unisims/FDRE.v" Line 150: Timing violation in scope /top/bram_streamer_0/lif_bram_0/mem_done_reg/TChk150_29055 at time 12240447 ps $setuphold (posedge C,negedge D,(0:0:0),(0:0:0),notifier,in_clk_enable_p,in_clk_enable_p,C_dly,D_dly)  $hold violation detected. Time: 12240447 ps, Ref Event Time Stamp: 12240245 ps, Data Event Time Stamp: 12240447 ps, Limit: 241 ps
WARNING: "C:/Xilinx/Vivado/2024.2/data/verilog/src/unisims/FDRE.v" Line 150: Timing violation in scope /top/bram_streamer_0/tile_idx_bram_0/addr_reg__11/TChk150_29055 at time 12300383 ps $setuphold (posedge C,negedge D,(0:0:0),(0:0:0),notifier,in_clk_enable_p,in_clk_enable_p,C_dly,D_dly)  $setup violation detected. Time: 12300383 ps, Data Event Time Stamp: 12300383 ps, Ref Event Time Stamp: 12300245 ps, Limit: -60 ps
WARNING: "C:/Xilinx/Vivado/2024.2/data/verilog/src/unisims/FDRE.v" Line 150: Timing violation in scope /top/bram_streamer_0/tile_idx_bram_0/addr_reg__11/TChk150_29055 at time 12300383 ps $setuphold (posedge C,negedge D,(0:0:0),(0:0:0),notifier,in_clk_enable_p,in_clk_enable_p,C_dly,D_dly)  $hold violation detected. Time: 12300383 ps, Ref Event Time Stamp: 12300245 ps, Data Event Time Stamp: 12300383 ps, Limit: 262 ps
WARNING: "C:/Xilinx/Vivado/2024.2/data/verilog/src/unisims/FDRE.v" Line 149: Timing violation in scope /top/bram_streamer_0/tile_idx_bram_0/addr_reg__11/TChk149_29054 at time 12310245 ps $setuphold (posedge C,negedge CE,(0:0:0),(0:0:0),notifier,ce_clk_enable_p,ce_clk_enable_p,C_dly,CE_dly)  $hold violation detected. Time: 12310245 ps, Ref Event Time Stamp: 12310245 ps, Data Event Time Stamp: 12310178 ps, Limit: -5 ps
WARNING: "C:/Xilinx/Vivado/2024.2/data/verilog/src/unisims/FDRE.v" Line 149: Timing violation in scope /top/bram_streamer_0/tile_idx_bram_0/addr_reg__11/TChk149_29054 at time 12310245 ps $setuphold (posedge C,negedge CE,(0:0:0),(0:0:0),notifier,ce_clk_enable_p,ce_clk_enable_p,C_dly,CE_dly)  $setup violation detected. Time: 12310245 ps, Data Event Time Stamp: 12310178 ps, Ref Event Time Stamp: 12310245 ps, Limit: 109 ps
WARNING: "C:/Xilinx/Vivado/2024.2/data/verilog/src/unisims/RAMB36E1.v" Line 1347: Timing violation in scope /top/bram_streamer_0/bram0/mem_reg/TChk1347_23798 at time 12320131 ps $setuphold (posedge CLKARDCLK,negedge ENARDEN,(0:0:0),(0:0:0),notifier_a,clkardclk_en_p,clkardclk_en_p,CLKARDCLK_delay,ENARDEN_delay)  $setup violation detected. Time: 12320131 ps, Data Event Time Stamp: 12319898 ps, Ref Event Time Stamp: 12320131 ps, Limit: 443 ps
WARNING: "C:/Xilinx/Vivado/2024.2/data/verilog/src/unisims/FDRE.v" Line 153: Timing violation in scope /top/bram_streamer_0/weight_bram_0/weight_fifo_push_reg/TChk153_29058 at time 12350400 ps $setuphold (posedge C,posedge D,(0:0:0),(0:0:0),notifier,in_clk_enable_p,in_clk_enable_p,C_dly,D_dly)  $setup violation detected. Time: 12350400 ps, Data Event Time Stamp: 12350400 ps, Ref Event Time Stamp: 12350204 ps, Limit: -45 ps
WARNING: "C:/Xilinx/Vivado/2024.2/data/verilog/src/unisims/FDRE.v" Line 153: Timing violation in scope /top/bram_streamer_0/weight_bram_0/weight_fifo_push_reg/TChk153_29058 at time 12350400 ps $setuphold (posedge C,posedge D,(0:0:0),(0:0:0),notifier,in_clk_enable_p,in_clk_enable_p,C_dly,D_dly)  $hold violation detected. Time: 12350400 ps, Ref Event Time Stamp: 12350204 ps, Data Event Time Stamp: 12350400 ps, Limit: 241 ps
WARNING: "C:/Xilinx/Vivado/2024.2/data/verilog/src/unisims/FDRE.v" Line 150: Timing violation in scope /top/bram_streamer_0/weight_bram_0/weight_fifo_push_reg/TChk150_29055 at time 12370381 ps $setuphold (posedge C,negedge D,(0:0:0),(0:0:0),notifier,in_clk_enable_p,in_clk_enable_p,C_dly,D_dly)  $setup violation detected. Time: 12370381 ps, Data Event Time Stamp: 12370381 ps, Ref Event Time Stamp: 12370204 ps, Limit: -45 ps
WARNING: "C:/Xilinx/Vivado/2024.2/data/verilog/src/unisims/FDRE.v" Line 150: Timing violation in scope /top/bram_streamer_0/weight_bram_0/weight_fifo_push_reg/TChk150_29055 at time 12370381 ps $setuphold (posedge C,negedge D,(0:0:0),(0:0:0),notifier,in_clk_enable_p,in_clk_enable_p,C_dly,D_dly)  $hold violation detected. Time: 12370381 ps, Ref Event Time Stamp: 12370204 ps, Data Event Time Stamp: 12370381 ps, Limit: 241 ps
WARNING: "C:/Xilinx/Vivado/2024.2/data/verilog/src/unisims/FDRE.v" Line 153: Timing violation in scope /top/bram_streamer_0/weight_bram_0/bram_en_reg/TChk153_29058 at time 12390394 ps $setuphold (posedge C,posedge D,(0:0:0),(0:0:0),notifier,in_clk_enable_p,in_clk_enable_p,C_dly,D_dly)  $setup violation detected. Time: 12390394 ps, Data Event Time Stamp: 12390394 ps, Ref Event Time Stamp: 12390198 ps, Limit: -45 ps
WARNING: "C:/Xilinx/Vivado/2024.2/data/verilog/src/unisims/FDRE.v" Line 153: Timing violation in scope /top/bram_streamer_0/weight_bram_0/bram_en_reg/TChk153_29058 at time 12390394 ps $setuphold (posedge C,posedge D,(0:0:0),(0:0:0),notifier,in_clk_enable_p,in_clk_enable_p,C_dly,D_dly)  $hold violation detected. Time: 12390394 ps, Ref Event Time Stamp: 12390198 ps, Data Event Time Stamp: 12390394 ps, Limit: 241 ps
WARNING: "C:/Xilinx/Vivado/2024.2/data/verilog/src/unisims/FDRE.v" Line 150: Timing violation in scope /top/bram_streamer_0/weight_bram_0/weight_fifo_push_reg/TChk150_29055 at time 12390400 ps $setuphold (posedge C,negedge D,(0:0:0),(0:0:0),notifier,in_clk_enable_p,in_clk_enable_p,C_dly,D_dly)  $setup violation detected. Time: 12390400 ps, Data Event Time Stamp: 12390400 ps, Ref Event Time Stamp: 12390204 ps, Limit: -45 ps
WARNING: "C:/Xilinx/Vivado/2024.2/data/verilog/src/unisims/FDRE.v" Line 150: Timing violation in scope /top/bram_streamer_0/weight_bram_0/weight_fifo_push_reg/TChk150_29055 at time 12390400 ps $setuphold (posedge C,negedge D,(0:0:0),(0:0:0),notifier,in_clk_enable_p,in_clk_enable_p,C_dly,D_dly)  $hold violation detected. Time: 12390400 ps, Ref Event Time Stamp: 12390204 ps, Data Event Time Stamp: 12390400 ps, Limit: 241 ps
WARNING: "C:/Xilinx/Vivado/2024.2/data/verilog/src/unisims/FDRE.v" Line 153: Timing violation in scope /top/bram_streamer_0/weight_bram_0/weight_fifo_push_reg/TChk153_29058 at time 12400400 ps $setuphold (posedge C,posedge D,(0:0:0),(0:0:0),notifier,in_clk_enable_p,in_clk_enable_p,C_dly,D_dly)  $setup violation detected. Time: 12400400 ps, Data Event Time Stamp: 12400400 ps, Ref Event Time Stamp: 12400204 ps, Limit: -45 ps
WARNING: "C:/Xilinx/Vivado/2024.2/data/verilog/src/unisims/FDRE.v" Line 153: Timing violation in scope /top/bram_streamer_0/weight_bram_0/weight_fifo_push_reg/TChk153_29058 at time 12400400 ps $setuphold (posedge C,posedge D,(0:0:0),(0:0:0),notifier,in_clk_enable_p,in_clk_enable_p,C_dly,D_dly)  $hold violation detected. Time: 12400400 ps, Ref Event Time Stamp: 12400204 ps, Data Event Time Stamp: 12400400 ps, Limit: 241 ps
WARNING: "C:/Xilinx/Vivado/2024.2/data/verilog/src/unisims/FDRE.v" Line 150: Timing violation in scope /top/bram_streamer_0/weight_bram_0/weight_fifo_push_reg/TChk150_29055 at time 12420381 ps $setuphold (posedge C,negedge D,(0:0:0),(0:0:0),notifier,in_clk_enable_p,in_clk_enable_p,C_dly,D_dly)  $setup violation detected. Time: 12420381 ps, Data Event Time Stamp: 12420381 ps, Ref Event Time Stamp: 12420204 ps, Limit: -45 ps
WARNING: "C:/Xilinx/Vivado/2024.2/data/verilog/src/unisims/FDRE.v" Line 150: Timing violation in scope /top/bram_streamer_0/weight_bram_0/weight_fifo_push_reg/TChk150_29055 at time 12420381 ps $setuphold (posedge C,negedge D,(0:0:0),(0:0:0),notifier,in_clk_enable_p,in_clk_enable_p,C_dly,D_dly)  $hold violation detected. Time: 12420381 ps, Ref Event Time Stamp: 12420204 ps, Data Event Time Stamp: 12420381 ps, Limit: 241 ps
WARNING: "C:/Xilinx/Vivado/2024.2/data/verilog/src/unisims/FDRE.v" Line 153: Timing violation in scope /top/bram_streamer_0/weight_bram_0/bram_en_reg/TChk153_29058 at time 12580394 ps $setuphold (posedge C,posedge D,(0:0:0),(0:0:0),notifier,in_clk_enable_p,in_clk_enable_p,C_dly,D_dly)  $setup violation detected. Time: 12580394 ps, Data Event Time Stamp: 12580394 ps, Ref Event Time Stamp: 12580198 ps, Limit: -45 ps
WARNING: "C:/Xilinx/Vivado/2024.2/data/verilog/src/unisims/FDRE.v" Line 153: Timing violation in scope /top/bram_streamer_0/weight_bram_0/bram_en_reg/TChk153_29058 at time 12580394 ps $setuphold (posedge C,posedge D,(0:0:0),(0:0:0),notifier,in_clk_enable_p,in_clk_enable_p,C_dly,D_dly)  $hold violation detected. Time: 12580394 ps, Ref Event Time Stamp: 12580198 ps, Data Event Time Stamp: 12580394 ps, Limit: 241 ps
WARNING: "C:/Xilinx/Vivado/2024.2/data/verilog/src/unisims/FDRE.v" Line 150: Timing violation in scope /top/bram_streamer_0/weight_bram_0/weight_fifo_push_reg/TChk150_29055 at time 12580400 ps $setuphold (posedge C,negedge D,(0:0:0),(0:0:0),notifier,in_clk_enable_p,in_clk_enable_p,C_dly,D_dly)  $setup violation detected. Time: 12580400 ps, Data Event Time Stamp: 12580400 ps, Ref Event Time Stamp: 12580204 ps, Limit: -45 ps
WARNING: "C:/Xilinx/Vivado/2024.2/data/verilog/src/unisims/FDRE.v" Line 150: Timing violation in scope /top/bram_streamer_0/weight_bram_0/weight_fifo_push_reg/TChk150_29055 at time 12580400 ps $setuphold (posedge C,negedge D,(0:0:0),(0:0:0),notifier,in_clk_enable_p,in_clk_enable_p,C_dly,D_dly)  $hold violation detected. Time: 12580400 ps, Ref Event Time Stamp: 12580204 ps, Data Event Time Stamp: 12580400 ps, Limit: 241 ps
WARNING: "C:/Xilinx/Vivado/2024.2/data/verilog/src/unisims/RAMB18E1.v" Line 989: Timing violation in scope /top/bram_streamer_0/bram1/mem_reg/TChk989_24102 at time 12610131 ps $setuphold (posedge CLKARDCLK,posedge REGCEAREGCE,(0:0:0),(0:0:0),notifier_a,clkardclk_en_p,clkardclk_en_p,CLKARDCLK_delay,REGCEAREGCE_delay)  $setup violation detected. Time: 12610131 ps, Data Event Time Stamp: 12609885 ps, Ref Event Time Stamp: 12610131 ps, Limit: 360 ps
WARNING: "C:/Xilinx/Vivado/2024.2/data/verilog/src/unisims/RAMB18E1.v" Line 990: Timing violation in scope /top/bram_streamer_0/bram1/mem_reg/TChk990_24103 at time 12620131 ps $setuphold (posedge CLKARDCLK,negedge REGCEAREGCE,(0:0:0),(0:0:0),notifier_a,clkardclk_en_p,clkardclk_en_p,CLKARDCLK_delay,REGCEAREGCE_delay)  $setup violation detected. Time: 12620131 ps, Data Event Time Stamp: 12619925 ps, Ref Event Time Stamp: 12620131 ps, Limit: 360 ps
WARNING: "C:/Xilinx/Vivado/2024.2/data/verilog/src/unisims/FDRE.v" Line 153: Timing violation in scope /top/bram_streamer_0/lif_bram_0/mem_done_reg/TChk153_29058 at time 12620447 ps $setuphold (posedge C,posedge D,(0:0:0),(0:0:0),notifier,in_clk_enable_p,in_clk_enable_p,C_dly,D_dly)  $setup violation detected. Time: 12620447 ps, Data Event Time Stamp: 12620447 ps, Ref Event Time Stamp: 12620245 ps, Limit: -60 ps
WARNING: "C:/Xilinx/Vivado/2024.2/data/verilog/src/unisims/FDRE.v" Line 153: Timing violation in scope /top/bram_streamer_0/lif_bram_0/mem_done_reg/TChk153_29058 at time 12620447 ps $setuphold (posedge C,posedge D,(0:0:0),(0:0:0),notifier,in_clk_enable_p,in_clk_enable_p,C_dly,D_dly)  $hold violation detected. Time: 12620447 ps, Ref Event Time Stamp: 12620245 ps, Data Event Time Stamp: 12620447 ps, Limit: 241 ps
WARNING: "C:/Xilinx/Vivado/2024.2/data/verilog/src/unisims/FDRE.v" Line 150: Timing violation in scope /top/bram_streamer_0/lif_bram_0/mem_done_reg/TChk150_29055 at time 12630447 ps $setuphold (posedge C,negedge D,(0:0:0),(0:0:0),notifier,in_clk_enable_p,in_clk_enable_p,C_dly,D_dly)  $setup violation detected. Time: 12630447 ps, Data Event Time Stamp: 12630447 ps, Ref Event Time Stamp: 12630245 ps, Limit: -60 ps
WARNING: "C:/Xilinx/Vivado/2024.2/data/verilog/src/unisims/FDRE.v" Line 150: Timing violation in scope /top/bram_streamer_0/lif_bram_0/mem_done_reg/TChk150_29055 at time 12630447 ps $setuphold (posedge C,negedge D,(0:0:0),(0:0:0),notifier,in_clk_enable_p,in_clk_enable_p,C_dly,D_dly)  $hold violation detected. Time: 12630447 ps, Ref Event Time Stamp: 12630245 ps, Data Event Time Stamp: 12630447 ps, Limit: 241 ps
WARNING: "C:/Xilinx/Vivado/2024.2/data/verilog/src/unisims/FDRE.v" Line 152: Timing violation in scope /top/bram_streamer_0/tile_idx_bram_0/addr_reg__11/TChk152_29057 at time 12690245 ps $setuphold (posedge C,posedge CE,(0:0:0),(0:0:0),notifier,ce_clk_enable_p,ce_clk_enable_p,C_dly,CE_dly)  $hold violation detected. Time: 12690245 ps, Ref Event Time Stamp: 12690245 ps, Data Event Time Stamp: 12690178 ps, Limit: -5 ps
WARNING: "C:/Xilinx/Vivado/2024.2/data/verilog/src/unisims/FDRE.v" Line 152: Timing violation in scope /top/bram_streamer_0/tile_idx_bram_0/addr_reg__11/TChk152_29057 at time 12690245 ps $setuphold (posedge C,posedge CE,(0:0:0),(0:0:0),notifier,ce_clk_enable_p,ce_clk_enable_p,C_dly,CE_dly)  $setup violation detected. Time: 12690245 ps, Data Event Time Stamp: 12690178 ps, Ref Event Time Stamp: 12690245 ps, Limit: 109 ps
WARNING: "C:/Xilinx/Vivado/2024.2/data/verilog/src/unisims/RAMB36E1.v" Line 1347: Timing violation in scope /top/bram_streamer_0/bram0/mem_reg/TChk1347_23798 at time 12710131 ps $setuphold (posedge CLKARDCLK,negedge ENARDEN,(0:0:0),(0:0:0),notifier_a,clkardclk_en_p,clkardclk_en_p,CLKARDCLK_delay,ENARDEN_delay)  $setup violation detected. Time: 12710131 ps, Data Event Time Stamp: 12709898 ps, Ref Event Time Stamp: 12710131 ps, Limit: 443 ps
WARNING: "C:/Xilinx/Vivado/2024.2/data/verilog/src/unisims/FDRE.v" Line 153: Timing violation in scope /top/bram_streamer_0/weight_bram_0/weight_fifo_push_reg/TChk153_29058 at time 12740400 ps $setuphold (posedge C,posedge D,(0:0:0),(0:0:0),notifier,in_clk_enable_p,in_clk_enable_p,C_dly,D_dly)  $setup violation detected. Time: 12740400 ps, Data Event Time Stamp: 12740400 ps, Ref Event Time Stamp: 12740204 ps, Limit: -45 ps
WARNING: "C:/Xilinx/Vivado/2024.2/data/verilog/src/unisims/FDRE.v" Line 153: Timing violation in scope /top/bram_streamer_0/weight_bram_0/weight_fifo_push_reg/TChk153_29058 at time 12740400 ps $setuphold (posedge C,posedge D,(0:0:0),(0:0:0),notifier,in_clk_enable_p,in_clk_enable_p,C_dly,D_dly)  $hold violation detected. Time: 12740400 ps, Ref Event Time Stamp: 12740204 ps, Data Event Time Stamp: 12740400 ps, Limit: 241 ps
WARNING: "C:/Xilinx/Vivado/2024.2/data/verilog/src/unisims/FDRE.v" Line 150: Timing violation in scope /top/bram_streamer_0/weight_bram_0/weight_fifo_push_reg/TChk150_29055 at time 12760381 ps $setuphold (posedge C,negedge D,(0:0:0),(0:0:0),notifier,in_clk_enable_p,in_clk_enable_p,C_dly,D_dly)  $setup violation detected. Time: 12760381 ps, Data Event Time Stamp: 12760381 ps, Ref Event Time Stamp: 12760204 ps, Limit: -45 ps
WARNING: "C:/Xilinx/Vivado/2024.2/data/verilog/src/unisims/FDRE.v" Line 150: Timing violation in scope /top/bram_streamer_0/weight_bram_0/weight_fifo_push_reg/TChk150_29055 at time 12760381 ps $setuphold (posedge C,negedge D,(0:0:0),(0:0:0),notifier,in_clk_enable_p,in_clk_enable_p,C_dly,D_dly)  $hold violation detected. Time: 12760381 ps, Ref Event Time Stamp: 12760204 ps, Data Event Time Stamp: 12760381 ps, Limit: 241 ps
WARNING: "C:/Xilinx/Vivado/2024.2/data/verilog/src/unisims/FDRE.v" Line 153: Timing violation in scope /top/bram_streamer_0/weight_bram_0/bram_en_reg/TChk153_29058 at time 12780394 ps $setuphold (posedge C,posedge D,(0:0:0),(0:0:0),notifier,in_clk_enable_p,in_clk_enable_p,C_dly,D_dly)  $setup violation detected. Time: 12780394 ps, Data Event Time Stamp: 12780394 ps, Ref Event Time Stamp: 12780198 ps, Limit: -45 ps
WARNING: "C:/Xilinx/Vivado/2024.2/data/verilog/src/unisims/FDRE.v" Line 153: Timing violation in scope /top/bram_streamer_0/weight_bram_0/bram_en_reg/TChk153_29058 at time 12780394 ps $setuphold (posedge C,posedge D,(0:0:0),(0:0:0),notifier,in_clk_enable_p,in_clk_enable_p,C_dly,D_dly)  $hold violation detected. Time: 12780394 ps, Ref Event Time Stamp: 12780198 ps, Data Event Time Stamp: 12780394 ps, Limit: 241 ps
WARNING: "C:/Xilinx/Vivado/2024.2/data/verilog/src/unisims/FDRE.v" Line 150: Timing violation in scope /top/bram_streamer_0/weight_bram_0/weight_fifo_push_reg/TChk150_29055 at time 12780400 ps $setuphold (posedge C,negedge D,(0:0:0),(0:0:0),notifier,in_clk_enable_p,in_clk_enable_p,C_dly,D_dly)  $setup violation detected. Time: 12780400 ps, Data Event Time Stamp: 12780400 ps, Ref Event Time Stamp: 12780204 ps, Limit: -45 ps
WARNING: "C:/Xilinx/Vivado/2024.2/data/verilog/src/unisims/FDRE.v" Line 150: Timing violation in scope /top/bram_streamer_0/weight_bram_0/weight_fifo_push_reg/TChk150_29055 at time 12780400 ps $setuphold (posedge C,negedge D,(0:0:0),(0:0:0),notifier,in_clk_enable_p,in_clk_enable_p,C_dly,D_dly)  $hold violation detected. Time: 12780400 ps, Ref Event Time Stamp: 12780204 ps, Data Event Time Stamp: 12780400 ps, Limit: 241 ps
WARNING: "C:/Xilinx/Vivado/2024.2/data/verilog/src/unisims/FDRE.v" Line 153: Timing violation in scope /top/bram_streamer_0/weight_bram_0/weight_fifo_push_reg/TChk153_29058 at time 12790400 ps $setuphold (posedge C,posedge D,(0:0:0),(0:0:0),notifier,in_clk_enable_p,in_clk_enable_p,C_dly,D_dly)  $setup violation detected. Time: 12790400 ps, Data Event Time Stamp: 12790400 ps, Ref Event Time Stamp: 12790204 ps, Limit: -45 ps
WARNING: "C:/Xilinx/Vivado/2024.2/data/verilog/src/unisims/FDRE.v" Line 153: Timing violation in scope /top/bram_streamer_0/weight_bram_0/weight_fifo_push_reg/TChk153_29058 at time 12790400 ps $setuphold (posedge C,posedge D,(0:0:0),(0:0:0),notifier,in_clk_enable_p,in_clk_enable_p,C_dly,D_dly)  $hold violation detected. Time: 12790400 ps, Ref Event Time Stamp: 12790204 ps, Data Event Time Stamp: 12790400 ps, Limit: 241 ps
WARNING: "C:/Xilinx/Vivado/2024.2/data/verilog/src/unisims/FDRE.v" Line 150: Timing violation in scope /top/bram_streamer_0/weight_bram_0/weight_fifo_push_reg/TChk150_29055 at time 12810381 ps $setuphold (posedge C,negedge D,(0:0:0),(0:0:0),notifier,in_clk_enable_p,in_clk_enable_p,C_dly,D_dly)  $setup violation detected. Time: 12810381 ps, Data Event Time Stamp: 12810381 ps, Ref Event Time Stamp: 12810204 ps, Limit: -45 ps
WARNING: "C:/Xilinx/Vivado/2024.2/data/verilog/src/unisims/FDRE.v" Line 150: Timing violation in scope /top/bram_streamer_0/weight_bram_0/weight_fifo_push_reg/TChk150_29055 at time 12810381 ps $setuphold (posedge C,negedge D,(0:0:0),(0:0:0),notifier,in_clk_enable_p,in_clk_enable_p,C_dly,D_dly)  $hold violation detected. Time: 12810381 ps, Ref Event Time Stamp: 12810204 ps, Data Event Time Stamp: 12810381 ps, Limit: 241 ps
run: Time (s): cpu = 00:00:07 ; elapsed = 00:00:15 . Memory (MB): peak = 2950.738 ; gain = 0.000
report_timing_summary -delay_type min_max -report_unconstrained -check_timing_verbose -max_paths 10 -input_pins -routable_nets -name timing_1
INFO: [Timing 38-91] UpdateTimingParams: Speed grade: -1, Delay Type: min_max.
INFO: [Timing 38-191] Multithreading enabled for timing update using a maximum of 2 CPUs
launch_simulation -mode post-synthesis -type timing
Command: launch_simulation  -mode post-synthesis -type timing
INFO: [Vivado 12-12493] Simulation top is 'top'
WARNING: [Vivado 12-13340] Unable to auto find GCC executables from simulator install path! (path not set)
INFO: [Vivado 12-5682] Launching post-synthesis timing simulation in 'C:/Users/andre/Desktop/snn-fpga/vivado/snn_fpga/snn_fpga.sim/sim_1/synth/timing/xsim'
INFO: [SIM-utils-51] Simulation object is 'sim_1'
INFO: [SIM-utils-72] Using boost library from 'C:/Xilinx/Vivado/2024.2/tps/boost_1_72_0'
Design is defaulting to impl run constrset: constrs_1
Design is defaulting to synth run part: xc7a35tcpg236-1
Netlist sorting complete. Time (s): cpu = 00:00:00 ; elapsed = 00:00:00.176 . Memory (MB): peak = 2950.738 ; gain = 0.000
INFO: [Netlist 29-17] Analyzing 579 Unisim elements for replacement
INFO: [Netlist 29-28] Unisim Transformation completed in 0 CPU seconds
INFO: [Project 1-479] Netlist was created with Vivado 2024.2
INFO: [Project 1-570] Preparing netlist for logic optimization
Parsing XDC File [C:/Users/andre/Desktop/snn-fpga/src/hdl/basys3-constraints.xdc]
WARNING: [Vivado 12-584] No ports matched 'usb_uart_rxd'. [C:/Users/andre/Desktop/snn-fpga/src/hdl/basys3-constraints.xdc:134]
CRITICAL WARNING: [Common 17-55] 'set_property' expects at least one object. [C:/Users/andre/Desktop/snn-fpga/src/hdl/basys3-constraints.xdc:134]
Resolution: If [get_<value>] was used to populate the object, check to make sure this command returns at least one valid object.
WARNING: [Vivado 12-584] No ports matched 'usb_uart_txd'. [C:/Users/andre/Desktop/snn-fpga/src/hdl/basys3-constraints.xdc:135]
CRITICAL WARNING: [Common 17-55] 'set_property' expects at least one object. [C:/Users/andre/Desktop/snn-fpga/src/hdl/basys3-constraints.xdc:135]
Resolution: If [get_<value>] was used to populate the object, check to make sure this command returns at least one valid object.
Finished Parsing XDC File [C:/Users/andre/Desktop/snn-fpga/src/hdl/basys3-constraints.xdc]
INFO: [Opt 31-138] Pushed 0 inverter(s) to 0 load pin(s).
Netlist sorting complete. Time (s): cpu = 00:00:00 ; elapsed = 00:00:00.003 . Memory (MB): peak = 2950.738 ; gain = 0.000
INFO: [Project 1-111] Unisim Transformation Summary:
No Unisim elements were transformed.

open_run: Time (s): cpu = 00:00:08 ; elapsed = 00:00:05 . Memory (MB): peak = 2950.738 ; gain = 0.000
INFO: [SIM-utils-24] Writing simulation netlist file for design 'synth_1'...
INFO: [SIM-utils-25] write_verilog -mode timesim -nolib -sdf_anno true -force -file "C:/Users/andre/Desktop/snn-fpga/vivado/snn_fpga/snn_fpga.sim/sim_1/synth/timing/xsim/top_time_synth.v"
INFO: [SIM-utils-27] Writing SDF file...
INFO: [SIM-utils-28] write_sdf -mode timesim -process_corner slow -force -file "C:/Users/andre/Desktop/snn-fpga/vivado/snn_fpga/snn_fpga.sim/sim_1/synth/timing/xsim/top_time_synth.sdf"
write_sdf: Time (s): cpu = 00:00:20 ; elapsed = 00:00:17 . Memory (MB): peak = 2950.738 ; gain = 0.000
INFO: [SIM-utils-36] Netlist generated:C:/Users/andre/Desktop/snn-fpga/vivado/snn_fpga/snn_fpga.sim/sim_1/synth/timing/xsim/top_time_synth.v
INFO: [SIM-utils-37] SDF generated:C:/Users/andre/Desktop/snn-fpga/vivado/snn_fpga/snn_fpga.sim/sim_1/synth/timing/xsim/top_time_synth.sdf
INFO: [SIM-utils-54] Inspecting design source files for 'top' in fileset 'sim_1'...
INFO: [SIM-utils-43] Exported 'C:/Users/andre/Desktop/snn-fpga/vivado/snn_fpga/snn_fpga.sim/sim_1/synth/timing/xsim/input_bram.mem'
INFO: [SIM-utils-43] Exported 'C:/Users/andre/Desktop/snn-fpga/vivado/snn_fpga/snn_fpga.sim/sim_1/synth/timing/xsim/mem_bram.mem'
INFO: [SIM-utils-43] Exported 'C:/Users/andre/Desktop/snn-fpga/vivado/snn_fpga/snn_fpga.sim/sim_1/synth/timing/xsim/spk_in_bram.mem'
INFO: [SIM-utils-43] Exported 'C:/Users/andre/Desktop/snn-fpga/vivado/snn_fpga/snn_fpga.sim/sim_1/synth/timing/xsim/weight_bram.mem'
INFO: [SIM-utils-43] Exported 'C:/Users/andre/Desktop/snn-fpga/vivado/snn_fpga/snn_fpga.sim/sim_1/synth/timing/xsim/tile_idx_bram.mem'
INFO: [USF-XSim-2] XSim::Compile design
INFO: [USF-XSim-61] Executing 'COMPILE and ANALYZE' step in 'C:/Users/andre/Desktop/snn-fpga/vivado/snn_fpga/snn_fpga.sim/sim_1/synth/timing/xsim'
"xvlog --incr --relax -prj top_vlog.prj"
INFO: [VRFC 10-2263] Analyzing Verilog file "C:/Users/andre/Desktop/snn-fpga/vivado/snn_fpga/snn_fpga.sim/sim_1/synth/timing/xsim/top_time_synth.v" into library xil_defaultlib
INFO: [VRFC 10-311] analyzing module bram_streamer
INFO: [VRFC 10-311] analyzing module buff_idx_controller
INFO: [VRFC 10-311] analyzing module dual_port_bram
INFO: [VRFC 10-311] analyzing module dual_port_bram__parameterized0
INFO: [VRFC 10-311] analyzing module dual_port_bram__parameterized1
INFO: [VRFC 10-311] analyzing module dual_port_bram__parameterized2
INFO: [VRFC 10-311] analyzing module dual_port_bram__parameterized3
INFO: [VRFC 10-311] analyzing module input_bram
INFO: [VRFC 10-311] analyzing module lif
INFO: [VRFC 10-311] analyzing module lif_256
INFO: [VRFC 10-311] analyzing module lif_257
INFO: [VRFC 10-311] analyzing module lif_258
INFO: [VRFC 10-311] analyzing module lif_259
INFO: [VRFC 10-311] analyzing module lif_260
INFO: [VRFC 10-311] analyzing module lif_261
INFO: [VRFC 10-311] analyzing module lif_262
INFO: [VRFC 10-311] analyzing module lif_263
INFO: [VRFC 10-311] analyzing module lif_264
INFO: [VRFC 10-311] analyzing module lif_265
INFO: [VRFC 10-311] analyzing module lif_266
INFO: [VRFC 10-311] analyzing module lif_267
INFO: [VRFC 10-311] analyzing module lif_268
INFO: [VRFC 10-311] analyzing module lif_269
INFO: [VRFC 10-311] analyzing module lif_270
INFO: [VRFC 10-311] analyzing module lif_array
INFO: [VRFC 10-311] analyzing module lif_bram
INFO: [VRFC 10-311] analyzing module lif_scheduler
INFO: [VRFC 10-311] analyzing module mem_fifo
INFO: [VRFC 10-311] analyzing module mem_fifo_0
INFO: [VRFC 10-311] analyzing module spk_in_bram
INFO: [VRFC 10-311] analyzing module spk_in_fifo
INFO: [VRFC 10-311] analyzing module synapse
INFO: [VRFC 10-311] analyzing module synapse_1
INFO: [VRFC 10-311] analyzing module synapse_10
INFO: [VRFC 10-311] analyzing module synapse_100
INFO: [VRFC 10-311] analyzing module synapse_101
INFO: [VRFC 10-311] analyzing module synapse_102
INFO: [VRFC 10-311] analyzing module synapse_103
INFO: [VRFC 10-311] analyzing module synapse_104
INFO: [VRFC 10-311] analyzing module synapse_105
INFO: [VRFC 10-311] analyzing module synapse_106
INFO: [VRFC 10-311] analyzing module synapse_107
INFO: [VRFC 10-311] analyzing module synapse_108
INFO: [VRFC 10-311] analyzing module synapse_109
INFO: [VRFC 10-311] analyzing module synapse_11
INFO: [VRFC 10-311] analyzing module synapse_110
INFO: [VRFC 10-311] analyzing module synapse_111
INFO: [VRFC 10-311] analyzing module synapse_112
INFO: [VRFC 10-311] analyzing module synapse_113
INFO: [VRFC 10-311] analyzing module synapse_114
INFO: [VRFC 10-311] analyzing module synapse_115
INFO: [VRFC 10-311] analyzing module synapse_116
INFO: [VRFC 10-311] analyzing module synapse_117
INFO: [VRFC 10-311] analyzing module synapse_118
INFO: [VRFC 10-311] analyzing module synapse_119
INFO: [VRFC 10-311] analyzing module synapse_12
INFO: [VRFC 10-311] analyzing module synapse_120
INFO: [VRFC 10-311] analyzing module synapse_121
INFO: [VRFC 10-311] analyzing module synapse_122
INFO: [VRFC 10-311] analyzing module synapse_123
INFO: [VRFC 10-311] analyzing module synapse_124
INFO: [VRFC 10-311] analyzing module synapse_125
INFO: [VRFC 10-311] analyzing module synapse_126
INFO: [VRFC 10-311] analyzing module synapse_127
INFO: [VRFC 10-311] analyzing module synapse_128
INFO: [VRFC 10-311] analyzing module synapse_129
INFO: [VRFC 10-311] analyzing module synapse_13
INFO: [VRFC 10-311] analyzing module synapse_130
INFO: [VRFC 10-311] analyzing module synapse_131
INFO: [VRFC 10-311] analyzing module synapse_132
INFO: [VRFC 10-311] analyzing module synapse_133
INFO: [VRFC 10-311] analyzing module synapse_134
INFO: [VRFC 10-311] analyzing module synapse_135
INFO: [VRFC 10-311] analyzing module synapse_136
INFO: [VRFC 10-311] analyzing module synapse_137
INFO: [VRFC 10-311] analyzing module synapse_138
INFO: [VRFC 10-311] analyzing module synapse_139
INFO: [VRFC 10-311] analyzing module synapse_14
INFO: [VRFC 10-311] analyzing module synapse_140
INFO: [VRFC 10-311] analyzing module synapse_141
INFO: [VRFC 10-311] analyzing module synapse_142
INFO: [VRFC 10-311] analyzing module synapse_143
INFO: [VRFC 10-311] analyzing module synapse_144
INFO: [VRFC 10-311] analyzing module synapse_145
INFO: [VRFC 10-311] analyzing module synapse_146
INFO: [VRFC 10-311] analyzing module synapse_147
INFO: [VRFC 10-311] analyzing module synapse_148
INFO: [VRFC 10-311] analyzing module synapse_149
INFO: [VRFC 10-311] analyzing module synapse_15
INFO: [VRFC 10-311] analyzing module synapse_150
INFO: [VRFC 10-311] analyzing module synapse_151
INFO: [VRFC 10-311] analyzing module synapse_152
INFO: [VRFC 10-311] analyzing module synapse_153
INFO: [VRFC 10-311] analyzing module synapse_154
INFO: [VRFC 10-311] analyzing module synapse_155
INFO: [VRFC 10-311] analyzing module synapse_156
INFO: [VRFC 10-311] analyzing module synapse_157
INFO: [VRFC 10-311] analyzing module synapse_158
INFO: [VRFC 10-311] analyzing module synapse_159
INFO: [VRFC 10-311] analyzing module synapse_16
INFO: [VRFC 10-311] analyzing module synapse_160
INFO: [VRFC 10-311] analyzing module synapse_161
INFO: [VRFC 10-311] analyzing module synapse_162
INFO: [VRFC 10-311] analyzing module synapse_163
INFO: [VRFC 10-311] analyzing module synapse_164
INFO: [VRFC 10-311] analyzing module synapse_165
INFO: [VRFC 10-311] analyzing module synapse_166
INFO: [VRFC 10-311] analyzing module synapse_167
INFO: [VRFC 10-311] analyzing module synapse_168
INFO: [VRFC 10-311] analyzing module synapse_169
INFO: [VRFC 10-311] analyzing module synapse_17
INFO: [VRFC 10-311] analyzing module synapse_170
INFO: [VRFC 10-311] analyzing module synapse_171
INFO: [VRFC 10-311] analyzing module synapse_172
INFO: [VRFC 10-311] analyzing module synapse_173
INFO: [VRFC 10-311] analyzing module synapse_174
INFO: [VRFC 10-311] analyzing module synapse_175
INFO: [VRFC 10-311] analyzing module synapse_176
INFO: [VRFC 10-311] analyzing module synapse_177
INFO: [VRFC 10-311] analyzing module synapse_178
INFO: [VRFC 10-311] analyzing module synapse_179
INFO: [VRFC 10-311] analyzing module synapse_18
INFO: [VRFC 10-311] analyzing module synapse_180
INFO: [VRFC 10-311] analyzing module synapse_181
INFO: [VRFC 10-311] analyzing module synapse_182
INFO: [VRFC 10-311] analyzing module synapse_183
INFO: [VRFC 10-311] analyzing module synapse_184
INFO: [VRFC 10-311] analyzing module synapse_185
INFO: [VRFC 10-311] analyzing module synapse_186
INFO: [VRFC 10-311] analyzing module synapse_187
INFO: [VRFC 10-311] analyzing module synapse_188
INFO: [VRFC 10-311] analyzing module synapse_189
INFO: [VRFC 10-311] analyzing module synapse_19
INFO: [VRFC 10-311] analyzing module synapse_190
INFO: [VRFC 10-311] analyzing module synapse_191
INFO: [VRFC 10-311] analyzing module synapse_192
INFO: [VRFC 10-311] analyzing module synapse_193
INFO: [VRFC 10-311] analyzing module synapse_194
INFO: [VRFC 10-311] analyzing module synapse_195
INFO: [VRFC 10-311] analyzing module synapse_196
INFO: [VRFC 10-311] analyzing module synapse_197
INFO: [VRFC 10-311] analyzing module synapse_198
INFO: [VRFC 10-311] analyzing module synapse_199
INFO: [VRFC 10-311] analyzing module synapse_2
INFO: [VRFC 10-311] analyzing module synapse_20
INFO: [VRFC 10-311] analyzing module synapse_200
INFO: [VRFC 10-311] analyzing module synapse_201
INFO: [VRFC 10-311] analyzing module synapse_202
INFO: [VRFC 10-311] analyzing module synapse_203
INFO: [VRFC 10-311] analyzing module synapse_204
INFO: [VRFC 10-311] analyzing module synapse_205
INFO: [VRFC 10-311] analyzing module synapse_206
INFO: [VRFC 10-311] analyzing module synapse_207
INFO: [VRFC 10-311] analyzing module synapse_208
INFO: [VRFC 10-311] analyzing module synapse_209
INFO: [VRFC 10-311] analyzing module synapse_21
INFO: [VRFC 10-311] analyzing module synapse_210
INFO: [VRFC 10-311] analyzing module synapse_211
INFO: [VRFC 10-311] analyzing module synapse_212
INFO: [VRFC 10-311] analyzing module synapse_213
INFO: [VRFC 10-311] analyzing module synapse_214
INFO: [VRFC 10-311] analyzing module synapse_215
INFO: [VRFC 10-311] analyzing module synapse_216
INFO: [VRFC 10-311] analyzing module synapse_217
INFO: [VRFC 10-311] analyzing module synapse_218
INFO: [VRFC 10-311] analyzing module synapse_219
INFO: [VRFC 10-311] analyzing module synapse_22
INFO: [VRFC 10-311] analyzing module synapse_220
INFO: [VRFC 10-311] analyzing module synapse_221
INFO: [VRFC 10-311] analyzing module synapse_222
INFO: [VRFC 10-311] analyzing module synapse_223
INFO: [VRFC 10-311] analyzing module synapse_224
INFO: [VRFC 10-311] analyzing module synapse_225
INFO: [VRFC 10-311] analyzing module synapse_226
INFO: [VRFC 10-311] analyzing module synapse_227
INFO: [VRFC 10-311] analyzing module synapse_228
INFO: [VRFC 10-311] analyzing module synapse_229
INFO: [VRFC 10-311] analyzing module synapse_23
INFO: [VRFC 10-311] analyzing module synapse_230
INFO: [VRFC 10-311] analyzing module synapse_231
INFO: [VRFC 10-311] analyzing module synapse_232
INFO: [VRFC 10-311] analyzing module synapse_233
INFO: [VRFC 10-311] analyzing module synapse_234
INFO: [VRFC 10-311] analyzing module synapse_235
INFO: [VRFC 10-311] analyzing module synapse_236
INFO: [VRFC 10-311] analyzing module synapse_237
INFO: [VRFC 10-311] analyzing module synapse_238
INFO: [VRFC 10-311] analyzing module synapse_239
INFO: [VRFC 10-311] analyzing module synapse_24
INFO: [VRFC 10-311] analyzing module synapse_240
INFO: [VRFC 10-311] analyzing module synapse_241
INFO: [VRFC 10-311] analyzing module synapse_242
INFO: [VRFC 10-311] analyzing module synapse_243
INFO: [VRFC 10-311] analyzing module synapse_244
INFO: [VRFC 10-311] analyzing module synapse_245
INFO: [VRFC 10-311] analyzing module synapse_246
INFO: [VRFC 10-311] analyzing module synapse_247
INFO: [VRFC 10-311] analyzing module synapse_248
INFO: [VRFC 10-311] analyzing module synapse_249
INFO: [VRFC 10-311] analyzing module synapse_25
INFO: [VRFC 10-311] analyzing module synapse_250
INFO: [VRFC 10-311] analyzing module synapse_251
INFO: [VRFC 10-311] analyzing module synapse_252
INFO: [VRFC 10-311] analyzing module synapse_253
INFO: [VRFC 10-311] analyzing module synapse_254
INFO: [VRFC 10-311] analyzing module synapse_255
INFO: [VRFC 10-311] analyzing module synapse_26
INFO: [VRFC 10-311] analyzing module synapse_27
INFO: [VRFC 10-311] analyzing module synapse_28
INFO: [VRFC 10-311] analyzing module synapse_29
INFO: [VRFC 10-311] analyzing module synapse_3
INFO: [VRFC 10-311] analyzing module synapse_30
INFO: [VRFC 10-311] analyzing module synapse_31
INFO: [VRFC 10-311] analyzing module synapse_32
INFO: [VRFC 10-311] analyzing module synapse_33
INFO: [VRFC 10-311] analyzing module synapse_34
INFO: [VRFC 10-311] analyzing module synapse_35
INFO: [VRFC 10-311] analyzing module synapse_36
INFO: [VRFC 10-311] analyzing module synapse_37
INFO: [VRFC 10-311] analyzing module synapse_38
INFO: [VRFC 10-311] analyzing module synapse_39
INFO: [VRFC 10-311] analyzing module synapse_4
INFO: [VRFC 10-311] analyzing module synapse_40
INFO: [VRFC 10-311] analyzing module synapse_41
INFO: [VRFC 10-311] analyzing module synapse_42
INFO: [VRFC 10-311] analyzing module synapse_43
INFO: [VRFC 10-311] analyzing module synapse_44
INFO: [VRFC 10-311] analyzing module synapse_45
INFO: [VRFC 10-311] analyzing module synapse_46
INFO: [VRFC 10-311] analyzing module synapse_47
INFO: [VRFC 10-311] analyzing module synapse_48
INFO: [VRFC 10-311] analyzing module synapse_49
INFO: [VRFC 10-311] analyzing module synapse_5
INFO: [VRFC 10-311] analyzing module synapse_50
INFO: [VRFC 10-311] analyzing module synapse_51
INFO: [VRFC 10-311] analyzing module synapse_52
INFO: [VRFC 10-311] analyzing module synapse_53
INFO: [VRFC 10-311] analyzing module synapse_54
INFO: [VRFC 10-311] analyzing module synapse_55
INFO: [VRFC 10-311] analyzing module synapse_56
INFO: [VRFC 10-311] analyzing module synapse_57
INFO: [VRFC 10-311] analyzing module synapse_58
INFO: [VRFC 10-311] analyzing module synapse_59
INFO: [VRFC 10-311] analyzing module synapse_6
INFO: [VRFC 10-311] analyzing module synapse_60
INFO: [VRFC 10-311] analyzing module synapse_61
INFO: [VRFC 10-311] analyzing module synapse_62
INFO: [VRFC 10-311] analyzing module synapse_63
INFO: [VRFC 10-311] analyzing module synapse_64
INFO: [VRFC 10-311] analyzing module synapse_65
INFO: [VRFC 10-311] analyzing module synapse_66
INFO: [VRFC 10-311] analyzing module synapse_67
INFO: [VRFC 10-311] analyzing module synapse_68
INFO: [VRFC 10-311] analyzing module synapse_69
INFO: [VRFC 10-311] analyzing module synapse_7
INFO: [VRFC 10-311] analyzing module synapse_70
INFO: [VRFC 10-311] analyzing module synapse_71
INFO: [VRFC 10-311] analyzing module synapse_72
INFO: [VRFC 10-311] analyzing module synapse_73
INFO: [VRFC 10-311] analyzing module synapse_74
INFO: [VRFC 10-311] analyzing module synapse_75
INFO: [VRFC 10-311] analyzing module synapse_76
INFO: [VRFC 10-311] analyzing module synapse_77
INFO: [VRFC 10-311] analyzing module synapse_78
INFO: [VRFC 10-311] analyzing module synapse_79
INFO: [VRFC 10-311] analyzing module synapse_8
INFO: [VRFC 10-311] analyzing module synapse_80
INFO: [VRFC 10-311] analyzing module synapse_81
INFO: [VRFC 10-311] analyzing module synapse_82
INFO: [VRFC 10-311] analyzing module synapse_83
INFO: [VRFC 10-311] analyzing module synapse_84
INFO: [VRFC 10-311] analyzing module synapse_85
INFO: [VRFC 10-311] analyzing module synapse_86
INFO: [VRFC 10-311] analyzing module synapse_87
INFO: [VRFC 10-311] analyzing module synapse_88
INFO: [VRFC 10-311] analyzing module synapse_89
INFO: [VRFC 10-311] analyzing module synapse_9
INFO: [VRFC 10-311] analyzing module synapse_90
INFO: [VRFC 10-311] analyzing module synapse_91
INFO: [VRFC 10-311] analyzing module synapse_92
INFO: [VRFC 10-311] analyzing module synapse_93
INFO: [VRFC 10-311] analyzing module synapse_94
INFO: [VRFC 10-311] analyzing module synapse_95
INFO: [VRFC 10-311] analyzing module synapse_96
INFO: [VRFC 10-311] analyzing module synapse_97
INFO: [VRFC 10-311] analyzing module synapse_98
INFO: [VRFC 10-311] analyzing module synapse_99
INFO: [VRFC 10-311] analyzing module synapse_array
INFO: [VRFC 10-311] analyzing module tile_idx_bram
INFO: [VRFC 10-311] analyzing module tile_idx_fifo
INFO: [VRFC 10-311] analyzing module top
INFO: [VRFC 10-311] analyzing module weight_bram
INFO: [VRFC 10-311] analyzing module weight_fifo
INFO: [VRFC 10-311] analyzing module xbar_scheduler
INFO: [VRFC 10-311] analyzing module glbl
run_program: Time (s): cpu = 00:00:01 ; elapsed = 00:00:08 . Memory (MB): peak = 2950.738 ; gain = 0.000
INFO: [USF-XSim-69] 'compile' step finished in '8' seconds
INFO: [USF-XSim-3] XSim::Elaborate design
INFO: [USF-XSim-61] Executing 'ELABORATE' step in 'C:/Users/andre/Desktop/snn-fpga/vivado/snn_fpga/snn_fpga.sim/sim_1/synth/timing/xsim'
"xelab --incr --debug typical --relax --mt 2 --maxdelay -L xil_defaultlib -L simprims_ver -L secureip --snapshot top_time_synth -transport_int_delays -pulse_r 0 -pulse_int_r 0 -pulse_e 0 -pulse_int_e 0 xil_defaultlib.top xil_defaultlib.glbl -log elaborate.log"
Vivado Simulator v2024.2.0
Copyright 1986-2022 Xilinx, Inc. All Rights Reserved.
Copyright 2022-2024 Advanced Micro Devices, Inc. All Rights Reserved.
Running: C:/Xilinx/Vivado/2024.2/bin/unwrapped/win64.o/xelab.exe --incr --debug typical --relax --mt 2 --maxdelay -L xil_defaultlib -L simprims_ver -L secureip --snapshot top_time_synth -transport_int_delays -pulse_r 0 -pulse_int_r 0 -pulse_e 0 -pulse_int_e 0 xil_defaultlib.top xil_defaultlib.glbl -log elaborate.log 
Using 2 slave threads.
Starting static elaboration
Pass Through NonSizing Optimizer
Completed static elaboration
Starting simulation data flow analysis
Completed simulation data flow analysis
INFO: [XSIM 43-3451] SDF backannotation process started with SDF file "top_time_synth.sdf", for root module "top".
INFO: [XSIM 43-3452] SDF backannotation was successful for SDF file "top_time_synth.sdf", for root module "top".
Time Resolution for simulation is 1ps
Compiling module simprims_ver.RB36_INTERNAL_VLOG(READ_WIDTH_A=...
Compiling module simprims_ver.RAMB36E1(INIT_00=256'b0111000000...
Compiling module simprims_ver.LUT6
Compiling module simprims_ver.x_lut2_mux4
Compiling module simprims_ver.LUT2
Compiling module simprims_ver.x_lut3_mux8
Compiling module simprims_ver.LUT3
Compiling module xil_defaultlib.dual_port_bram
Compiling module simprims_ver.RB18_INTERNAL_VLOG(DOA_REG=1,DOB...
Compiling module simprims_ver.RAMB18E1(DOA_REG=1,DOB_REG=1,REA...
Compiling module xil_defaultlib.dual_port_bram__parameterized0
Compiling module simprims_ver.RB36_INTERNAL_VLOG(DOB_REG=1,REA...
Compiling module simprims_ver.RAMB36E1(DOB_REG=1,INIT_00=256'b...
Compiling module simprims_ver.RB36_INTERNAL_VLOG(DOB_REG=1,REA...
Compiling module simprims_ver.RAMB36E1(DOB_REG=1,INIT_00=256'b...
Compiling module simprims_ver.RB36_INTERNAL_VLOG(DOB_REG=1,REA...
Compiling module simprims_ver.RAMB36E1(DOB_REG=1,INIT_00=256'b...
Compiling module simprims_ver.RB36_INTERNAL_VLOG(DOB_REG=1,REA...
Compiling module simprims_ver.RAMB36E1(DOB_REG=1,INIT_00=256'b...
Compiling module simprims_ver.RB36_INTERNAL_VLOG(DOB_REG=1,REA...
Compiling module simprims_ver.RAMB36E1(DOB_REG=1,INIT_00=256'b...
Compiling module simprims_ver.RB36_INTERNAL_VLOG(DOB_REG=1,REA...
Compiling module simprims_ver.RAMB36E1(DOB_REG=1,INIT_00=256'b...
Compiling module simprims_ver.RB36_INTERNAL_VLOG(DOB_REG=1,REA...
Compiling module simprims_ver.RAMB36E1(DOB_REG=1,INIT_00=256'b...
Compiling module simprims_ver.RB36_INTERNAL_VLOG(DOB_REG=1,REA...
Compiling module simprims_ver.RAMB36E1(DOB_REG=1,INIT_00=256'b...
Compiling module simprims_ver.RB36_INTERNAL_VLOG(DOB_REG=1,REA...
Compiling module simprims_ver.RAMB36E1(DOB_REG=1,READ_WIDTH_A=...
Compiling module simprims_ver.RB36_INTERNAL_VLOG(DOB_REG=1,REA...
Compiling module simprims_ver.RAMB36E1(DOB_REG=1,INIT_00=256'b...
Compiling module simprims_ver.RB36_INTERNAL_VLOG(DOB_REG=1,REA...
Compiling module simprims_ver.RAMB36E1(DOB_REG=1,INIT_00=256'b...
Compiling module simprims_ver.RB36_INTERNAL_VLOG(DOB_REG=1,REA...
Compiling module simprims_ver.RAMB36E1(DOB_REG=1,INIT_00=256'b...
Compiling module xil_defaultlib.dual_port_bram__parameterized1
Compiling module simprims_ver.RB36_INTERNAL_VLOG(DOA_REG=1,REA...
Compiling module simprims_ver.RAMB36E1(DOA_REG=1,INIT_00=256'b...
Compiling module xil_defaultlib.dual_port_bram__parameterized2
Compiling module simprims_ver.LUT4
Compiling module simprims_ver.LUT5
Compiling module simprims_ver.RB36_INTERNAL_VLOG(DOA_REG=1,REA...
Compiling module simprims_ver.RAMB36E1(DOA_REG=1,READ_WIDTH_A=...
Compiling module xil_defaultlib.dual_port_bram__parameterized3
Compiling module simprims_ver.FDRE_default
Compiling module simprims_ver.FDSE_default
Compiling module xil_defaultlib.input_bram
Compiling module xil_defaultlib.lif_bram
Compiling module xil_defaultlib.spk_in_bram
Compiling module simprims_ver.x_lut1_mux2
Compiling module simprims_ver.LUT1
Compiling module simprims_ver.CARRY4
Compiling module xil_defaultlib.tile_idx_bram
Compiling module xil_defaultlib.weight_bram
Compiling module xil_defaultlib.bram_streamer
Compiling module xil_defaultlib.buff_idx_controller
Compiling module simprims_ver.BUFG
Compiling module simprims_ver.IBUF
Compiling module xil_defaultlib.mem_fifo
Compiling module xil_defaultlib.mem_fifo_0
Compiling module xil_defaultlib.spk_in_fifo
Compiling module xil_defaultlib.tile_idx_fifo
Compiling module xil_defaultlib.weight_fifo
Compiling module simprims_ver.OBUF
Compiling module xil_defaultlib.lif
Compiling module xil_defaultlib.lif_256
Compiling module xil_defaultlib.lif_257
Compiling module xil_defaultlib.lif_258
Compiling module xil_defaultlib.lif_259
Compiling module xil_defaultlib.lif_260
Compiling module xil_defaultlib.lif_261
Compiling module xil_defaultlib.lif_262
Compiling module xil_defaultlib.lif_263
Compiling module xil_defaultlib.lif_264
Compiling module xil_defaultlib.lif_265
Compiling module xil_defaultlib.lif_266
Compiling module xil_defaultlib.lif_267
Compiling module xil_defaultlib.lif_268
Compiling module xil_defaultlib.lif_269
Compiling module xil_defaultlib.lif_270
Compiling module xil_defaultlib.lif_array
Compiling module xil_defaultlib.lif_scheduler
Compiling module xil_defaultlib.synapse
Compiling module xil_defaultlib.synapse_1
Compiling module xil_defaultlib.synapse_2
Compiling module xil_defaultlib.synapse_3
Compiling module xil_defaultlib.synapse_4
Compiling module xil_defaultlib.synapse_5
Compiling module xil_defaultlib.synapse_6
Compiling module xil_defaultlib.synapse_7
Compiling module xil_defaultlib.synapse_8
Compiling module xil_defaultlib.synapse_9
Compiling module xil_defaultlib.synapse_10
Compiling module xil_defaultlib.synapse_11
Compiling module xil_defaultlib.synapse_12
Compiling module xil_defaultlib.synapse_13
Compiling module xil_defaultlib.synapse_14
Compiling module xil_defaultlib.synapse_15
Compiling module xil_defaultlib.synapse_16
Compiling module xil_defaultlib.synapse_17
Compiling module xil_defaultlib.synapse_18
Compiling module xil_defaultlib.synapse_19
Compiling module xil_defaultlib.synapse_20
Compiling module xil_defaultlib.synapse_21
Compiling module xil_defaultlib.synapse_22
Compiling module xil_defaultlib.synapse_23
Compiling module xil_defaultlib.synapse_24
Compiling module xil_defaultlib.synapse_25
Compiling module xil_defaultlib.synapse_26
Compiling module xil_defaultlib.synapse_27
Compiling module xil_defaultlib.synapse_28
Compiling module xil_defaultlib.synapse_29
Compiling module xil_defaultlib.synapse_30
Compiling module xil_defaultlib.synapse_31
Compiling module xil_defaultlib.synapse_32
Compiling module xil_defaultlib.synapse_33
Compiling module xil_defaultlib.synapse_34
Compiling module xil_defaultlib.synapse_35
Compiling module xil_defaultlib.synapse_36
Compiling module xil_defaultlib.synapse_37
Compiling module xil_defaultlib.synapse_38
Compiling module xil_defaultlib.synapse_39
Compiling module xil_defaultlib.synapse_40
Compiling module xil_defaultlib.synapse_41
Compiling module xil_defaultlib.synapse_42
Compiling module xil_defaultlib.synapse_43
Compiling module xil_defaultlib.synapse_44
Compiling module xil_defaultlib.synapse_45
Compiling module xil_defaultlib.synapse_46
Compiling module xil_defaultlib.synapse_47
Compiling module xil_defaultlib.synapse_48
Compiling module xil_defaultlib.synapse_49
Compiling module xil_defaultlib.synapse_50
Compiling module xil_defaultlib.synapse_51
Compiling module xil_defaultlib.synapse_52
Compiling module xil_defaultlib.synapse_53
Compiling module xil_defaultlib.synapse_54
Compiling module xil_defaultlib.synapse_55
Compiling module xil_defaultlib.synapse_56
Compiling module xil_defaultlib.synapse_57
Compiling module xil_defaultlib.synapse_58
Compiling module xil_defaultlib.synapse_59
Compiling module xil_defaultlib.synapse_60
Compiling module xil_defaultlib.synapse_61
Compiling module xil_defaultlib.synapse_62
Compiling module xil_defaultlib.synapse_63
Compiling module xil_defaultlib.synapse_64
Compiling module xil_defaultlib.synapse_65
Compiling module xil_defaultlib.synapse_66
Compiling module xil_defaultlib.synapse_67
Compiling module xil_defaultlib.synapse_68
Compiling module xil_defaultlib.synapse_69
Compiling module xil_defaultlib.synapse_70
Compiling module xil_defaultlib.synapse_71
Compiling module xil_defaultlib.synapse_72
Compiling module xil_defaultlib.synapse_73
Compiling module xil_defaultlib.synapse_74
Compiling module xil_defaultlib.synapse_75
Compiling module xil_defaultlib.synapse_76
Compiling module xil_defaultlib.synapse_77
Compiling module xil_defaultlib.synapse_78
Compiling module xil_defaultlib.synapse_79
Compiling module xil_defaultlib.synapse_80
Compiling module xil_defaultlib.synapse_81
Compiling module xil_defaultlib.synapse_82
Compiling module xil_defaultlib.synapse_83
Compiling module xil_defaultlib.synapse_84
Compiling module xil_defaultlib.synapse_85
Compiling module xil_defaultlib.synapse_86
Compiling module xil_defaultlib.synapse_87
Compiling module xil_defaultlib.synapse_88
Compiling module xil_defaultlib.synapse_89
Compiling module xil_defaultlib.synapse_90
Compiling module xil_defaultlib.synapse_91
Compiling module xil_defaultlib.synapse_92
Compiling module xil_defaultlib.synapse_93
Compiling module xil_defaultlib.synapse_94
Compiling module xil_defaultlib.synapse_95
Compiling module xil_defaultlib.synapse_96
Compiling module xil_defaultlib.synapse_97
Compiling module xil_defaultlib.synapse_98
Compiling module xil_defaultlib.synapse_99
Compiling module xil_defaultlib.synapse_100
Compiling module xil_defaultlib.synapse_101
Compiling module xil_defaultlib.synapse_102
Compiling module xil_defaultlib.synapse_103
Compiling module xil_defaultlib.synapse_104
Compiling module xil_defaultlib.synapse_105
Compiling module xil_defaultlib.synapse_106
Compiling module xil_defaultlib.synapse_107
Compiling module xil_defaultlib.synapse_108
Compiling module xil_defaultlib.synapse_109
Compiling module xil_defaultlib.synapse_110
Compiling module xil_defaultlib.synapse_111
Compiling module xil_defaultlib.synapse_112
Compiling module xil_defaultlib.synapse_113
Compiling module xil_defaultlib.synapse_114
Compiling module xil_defaultlib.synapse_115
Compiling module xil_defaultlib.synapse_116
Compiling module xil_defaultlib.synapse_117
Compiling module xil_defaultlib.synapse_118
Compiling module xil_defaultlib.synapse_119
Compiling module xil_defaultlib.synapse_120
Compiling module xil_defaultlib.synapse_121
Compiling module xil_defaultlib.synapse_122
Compiling module xil_defaultlib.synapse_123
Compiling module xil_defaultlib.synapse_124
Compiling module xil_defaultlib.synapse_125
Compiling module xil_defaultlib.synapse_126
Compiling module xil_defaultlib.synapse_127
Compiling module xil_defaultlib.synapse_128
Compiling module xil_defaultlib.synapse_129
Compiling module xil_defaultlib.synapse_130
Compiling module xil_defaultlib.synapse_131
Compiling module xil_defaultlib.synapse_132
Compiling module xil_defaultlib.synapse_133
Compiling module xil_defaultlib.synapse_134
Compiling module xil_defaultlib.synapse_135
Compiling module xil_defaultlib.synapse_136
Compiling module xil_defaultlib.synapse_137
Compiling module xil_defaultlib.synapse_138
Compiling module xil_defaultlib.synapse_139
Compiling module xil_defaultlib.synapse_140
Compiling module xil_defaultlib.synapse_141
Compiling module xil_defaultlib.synapse_142
Compiling module xil_defaultlib.synapse_143
Compiling module xil_defaultlib.synapse_144
Compiling module xil_defaultlib.synapse_145
Compiling module xil_defaultlib.synapse_146
Compiling module xil_defaultlib.synapse_147
Compiling module xil_defaultlib.synapse_148
Compiling module xil_defaultlib.synapse_149
Compiling module xil_defaultlib.synapse_150
Compiling module xil_defaultlib.synapse_151
Compiling module xil_defaultlib.synapse_152
Compiling module xil_defaultlib.synapse_153
Compiling module xil_defaultlib.synapse_154
Compiling module xil_defaultlib.synapse_155
Compiling module xil_defaultlib.synapse_156
Compiling module xil_defaultlib.synapse_157
Compiling module xil_defaultlib.synapse_158
Compiling module xil_defaultlib.synapse_159
Compiling module xil_defaultlib.synapse_160
Compiling module xil_defaultlib.synapse_161
Compiling module xil_defaultlib.synapse_162
Compiling module xil_defaultlib.synapse_163
Compiling module xil_defaultlib.synapse_164
Compiling module xil_defaultlib.synapse_165
Compiling module xil_defaultlib.synapse_166
Compiling module xil_defaultlib.synapse_167
Compiling module xil_defaultlib.synapse_168
Compiling module xil_defaultlib.synapse_169
Compiling module xil_defaultlib.synapse_170
Compiling module xil_defaultlib.synapse_171
Compiling module xil_defaultlib.synapse_172
Compiling module xil_defaultlib.synapse_173
Compiling module xil_defaultlib.synapse_174
Compiling module xil_defaultlib.synapse_175
Compiling module xil_defaultlib.synapse_176
Compiling module xil_defaultlib.synapse_177
Compiling module xil_defaultlib.synapse_178
Compiling module xil_defaultlib.synapse_179
Compiling module xil_defaultlib.synapse_180
Compiling module xil_defaultlib.synapse_181
Compiling module xil_defaultlib.synapse_182
Compiling module xil_defaultlib.synapse_183
Compiling module xil_defaultlib.synapse_184
Compiling module xil_defaultlib.synapse_185
Compiling module xil_defaultlib.synapse_186
Compiling module xil_defaultlib.synapse_187
Compiling module xil_defaultlib.synapse_188
Compiling module xil_defaultlib.synapse_189
Compiling module xil_defaultlib.synapse_190
Compiling module xil_defaultlib.synapse_191
Compiling module xil_defaultlib.synapse_192
Compiling module xil_defaultlib.synapse_193
Compiling module xil_defaultlib.synapse_194
Compiling module xil_defaultlib.synapse_195
Compiling module xil_defaultlib.synapse_196
Compiling module xil_defaultlib.synapse_197
Compiling module xil_defaultlib.synapse_198
Compiling module xil_defaultlib.synapse_199
Compiling module xil_defaultlib.synapse_200
Compiling module xil_defaultlib.synapse_201
Compiling module xil_defaultlib.synapse_202
Compiling module xil_defaultlib.synapse_203
Compiling module xil_defaultlib.synapse_204
Compiling module xil_defaultlib.synapse_205
Compiling module xil_defaultlib.synapse_206
Compiling module xil_defaultlib.synapse_207
Compiling module xil_defaultlib.synapse_208
Compiling module xil_defaultlib.synapse_209
Compiling module xil_defaultlib.synapse_210
Compiling module xil_defaultlib.synapse_211
Compiling module xil_defaultlib.synapse_212
Compiling module xil_defaultlib.synapse_213
Compiling module xil_defaultlib.synapse_214
Compiling module xil_defaultlib.synapse_215
Compiling module xil_defaultlib.synapse_216
Compiling module xil_defaultlib.synapse_217
Compiling module xil_defaultlib.synapse_218
Compiling module xil_defaultlib.synapse_219
Compiling module xil_defaultlib.synapse_220
Compiling module xil_defaultlib.synapse_221
Compiling module xil_defaultlib.synapse_222
Compiling module xil_defaultlib.synapse_223
Compiling module xil_defaultlib.synapse_224
Compiling module xil_defaultlib.synapse_225
Compiling module xil_defaultlib.synapse_226
Compiling module xil_defaultlib.synapse_227
Compiling module xil_defaultlib.synapse_228
Compiling module xil_defaultlib.synapse_229
Compiling module xil_defaultlib.synapse_230
Compiling module xil_defaultlib.synapse_231
Compiling module xil_defaultlib.synapse_232
Compiling module xil_defaultlib.synapse_233
Compiling module xil_defaultlib.synapse_234
Compiling module xil_defaultlib.synapse_235
Compiling module xil_defaultlib.synapse_236
Compiling module xil_defaultlib.synapse_237
Compiling module xil_defaultlib.synapse_238
Compiling module xil_defaultlib.synapse_239
Compiling module xil_defaultlib.synapse_240
Compiling module xil_defaultlib.synapse_241
Compiling module xil_defaultlib.synapse_242
Compiling module xil_defaultlib.synapse_243
Compiling module xil_defaultlib.synapse_244
Compiling module xil_defaultlib.synapse_245
Compiling module xil_defaultlib.synapse_246
Compiling module xil_defaultlib.synapse_247
Compiling module xil_defaultlib.synapse_248
Compiling module xil_defaultlib.synapse_249
Compiling module xil_defaultlib.synapse_250
Compiling module xil_defaultlib.synapse_251
Compiling module xil_defaultlib.synapse_252
Compiling module xil_defaultlib.synapse_253
Compiling module xil_defaultlib.synapse_254
Compiling module xil_defaultlib.synapse_255
Compiling module xil_defaultlib.synapse_array
Compiling module xil_defaultlib.xbar_scheduler
Compiling module xil_defaultlib.top
Compiling module xil_defaultlib.glbl
Built simulation snapshot top_time_synth
run_program: Time (s): cpu = 00:00:09 ; elapsed = 00:01:35 . Memory (MB): peak = 2950.738 ; gain = 0.000
INFO: [USF-XSim-69] 'elaborate' step finished in '95' seconds
INFO: [USF-XSim-4] XSim::Simulate design
INFO: [USF-XSim-61] Executing 'SIMULATE' step in 'C:/Users/andre/Desktop/snn-fpga/vivado/snn_fpga/snn_fpga.sim/sim_1/synth/timing/xsim'
INFO: [USF-XSim-98] *** Running xsim
   with args "top_time_synth -key {Post-Synthesis:sim_1:Timing:top} -tclbatch {top.tcl} -view {C:/Users/andre/Desktop/snn-fpga/vivado/snn_fpga/top_behav.wcfg} -log {simulate.log}"
INFO: [USF-XSim-8] Loading simulator feature
Time resolution is 1 ps
open_wave_config C:/Users/andre/Desktop/snn-fpga/vivado/snn_fpga/top_behav.wcfg
WARNING: Simulation object /top/bram_streamer_0/lif_bram_0/tile_idx_x was not found in the design.
WARNING: Simulation object /top/bram_streamer_0/lif_bram_0/tile_idx_y was not found in the design.
WARNING: Simulation object /top/lif_array_0/spk_in was not found in the design.
source top.tcl
INFO: [USF-XSim-96] XSim completed. Design snapshot 'top_time_synth' loaded.
INFO: [USF-XSim-97] XSim simulation ran for 1000ns
launch_simulation: Time (s): cpu = 00:00:48 ; elapsed = 00:02:11 . Memory (MB): peak = 2950.738 ; gain = 0.000
restart
INFO: [Wavedata 42-604] Simulation restarted
add_force {/top/clk} -radix hex {0 0ns} {1 5000ps} -repeat_every 10000ps
add_force {/top/sw} -radix hex {0 0ns}
run 100 us
run: Time (s): cpu = 00:00:05 ; elapsed = 00:00:08 . Memory (MB): peak = 2950.738 ; gain = 0.000
add_force {/top/sw} -radix hex {1 0ns}
run 100 us
WARNING: "C:/Xilinx/Vivado/2024.2/data/verilog/src/unisims/FDRE.v" Line 153: Timing violation in scope /top/lif_array_0/lif_enable_reg/TChk153_28587 at time 4097950 ps $setuphold (posedge C,posedge D,(0:0:0),(0:0:0),notifier,in_clk_enable_p,in_clk_enable_p,C_dly,D_dly)  $hold violation detected. Time: 4097950 ps, Ref Event Time Stamp: 4097937 ps, Data Event Time Stamp: 4097950 ps, Limit: 241 ps
WARNING: "C:/Xilinx/Vivado/2024.2/data/verilog/src/unisims/FDRE.v" Line 153: Timing violation in scope /top/lif_array_0/lif_enable_reg/TChk153_28587 at time 4127950 ps $setuphold (posedge C,posedge D,(0:0:0),(0:0:0),notifier,in_clk_enable_p,in_clk_enable_p,C_dly,D_dly)  $hold violation detected. Time: 4127950 ps, Ref Event Time Stamp: 4127937 ps, Data Event Time Stamp: 4127950 ps, Limit: 241 ps
WARNING: "C:/Xilinx/Vivado/2024.2/data/verilog/src/unisims/FDRE.v" Line 153: Timing violation in scope /top/lif_array_0/lif_enable_reg/TChk153_28587 at time 4557950 ps $setuphold (posedge C,posedge D,(0:0:0),(0:0:0),notifier,in_clk_enable_p,in_clk_enable_p,C_dly,D_dly)  $hold violation detected. Time: 4557950 ps, Ref Event Time Stamp: 4557937 ps, Data Event Time Stamp: 4557950 ps, Limit: 241 ps
WARNING: "C:/Xilinx/Vivado/2024.2/data/verilog/src/unisims/FDRE.v" Line 153: Timing violation in scope /top/lif_array_0/lif_enable_reg/TChk153_28587 at time 4587950 ps $setuphold (posedge C,posedge D,(0:0:0),(0:0:0),notifier,in_clk_enable_p,in_clk_enable_p,C_dly,D_dly)  $hold violation detected. Time: 4587950 ps, Ref Event Time Stamp: 4587937 ps, Data Event Time Stamp: 4587950 ps, Limit: 241 ps
WARNING: "C:/Xilinx/Vivado/2024.2/data/verilog/src/unisims/FDRE.v" Line 153: Timing violation in scope /top/lif_array_0/lif_enable_reg/TChk153_28587 at time 5017950 ps $setuphold (posedge C,posedge D,(0:0:0),(0:0:0),notifier,in_clk_enable_p,in_clk_enable_p,C_dly,D_dly)  $hold violation detected. Time: 5017950 ps, Ref Event Time Stamp: 5017937 ps, Data Event Time Stamp: 5017950 ps, Limit: 241 ps
WARNING: "C:/Xilinx/Vivado/2024.2/data/verilog/src/unisims/FDRE.v" Line 153: Timing violation in scope /top/lif_array_0/lif_enable_reg/TChk153_28587 at time 5047950 ps $setuphold (posedge C,posedge D,(0:0:0),(0:0:0),notifier,in_clk_enable_p,in_clk_enable_p,C_dly,D_dly)  $hold violation detected. Time: 5047950 ps, Ref Event Time Stamp: 5047937 ps, Data Event Time Stamp: 5047950 ps, Limit: 241 ps
WARNING: "C:/Xilinx/Vivado/2024.2/data/verilog/src/unisims/FDRE.v" Line 153: Timing violation in scope /top/lif_array_0/lif_enable_reg/TChk153_28587 at time 5477950 ps $setuphold (posedge C,posedge D,(0:0:0),(0:0:0),notifier,in_clk_enable_p,in_clk_enable_p,C_dly,D_dly)  $hold violation detected. Time: 5477950 ps, Ref Event Time Stamp: 5477937 ps, Data Event Time Stamp: 5477950 ps, Limit: 241 ps
WARNING: "C:/Xilinx/Vivado/2024.2/data/verilog/src/unisims/FDRE.v" Line 153: Timing violation in scope /top/lif_array_0/lif_enable_reg/TChk153_28587 at time 5507950 ps $setuphold (posedge C,posedge D,(0:0:0),(0:0:0),notifier,in_clk_enable_p,in_clk_enable_p,C_dly,D_dly)  $hold violation detected. Time: 5507950 ps, Ref Event Time Stamp: 5507937 ps, Data Event Time Stamp: 5507950 ps, Limit: 241 ps
WARNING: "C:/Xilinx/Vivado/2024.2/data/verilog/src/unisims/FDRE.v" Line 153: Timing violation in scope /top/lif_array_0/lif_enable_reg/TChk153_28587 at time 5937950 ps $setuphold (posedge C,posedge D,(0:0:0),(0:0:0),notifier,in_clk_enable_p,in_clk_enable_p,C_dly,D_dly)  $hold violation detected. Time: 5937950 ps, Ref Event Time Stamp: 5937937 ps, Data Event Time Stamp: 5937950 ps, Limit: 241 ps
WARNING: "C:/Xilinx/Vivado/2024.2/data/verilog/src/unisims/FDRE.v" Line 153: Timing violation in scope /top/lif_array_0/lif_enable_reg/TChk153_28587 at time 5967950 ps $setuphold (posedge C,posedge D,(0:0:0),(0:0:0),notifier,in_clk_enable_p,in_clk_enable_p,C_dly,D_dly)  $hold violation detected. Time: 5967950 ps, Ref Event Time Stamp: 5967937 ps, Data Event Time Stamp: 5967950 ps, Limit: 241 ps
WARNING: "C:/Xilinx/Vivado/2024.2/data/verilog/src/unisims/FDRE.v" Line 153: Timing violation in scope /top/lif_array_0/lif_enable_reg/TChk153_28587 at time 6397950 ps $setuphold (posedge C,posedge D,(0:0:0),(0:0:0),notifier,in_clk_enable_p,in_clk_enable_p,C_dly,D_dly)  $hold violation detected. Time: 6397950 ps, Ref Event Time Stamp: 6397937 ps, Data Event Time Stamp: 6397950 ps, Limit: 241 ps
WARNING: "C:/Xilinx/Vivado/2024.2/data/verilog/src/unisims/FDRE.v" Line 153: Timing violation in scope /top/lif_array_0/lif_enable_reg/TChk153_28587 at time 6427950 ps $setuphold (posedge C,posedge D,(0:0:0),(0:0:0),notifier,in_clk_enable_p,in_clk_enable_p,C_dly,D_dly)  $hold violation detected. Time: 6427950 ps, Ref Event Time Stamp: 6427937 ps, Data Event Time Stamp: 6427950 ps, Limit: 241 ps
WARNING: "C:/Xilinx/Vivado/2024.2/data/verilog/src/unisims/FDRE.v" Line 153: Timing violation in scope /top/lif_array_0/lif_enable_reg/TChk153_28587 at time 6857950 ps $setuphold (posedge C,posedge D,(0:0:0),(0:0:0),notifier,in_clk_enable_p,in_clk_enable_p,C_dly,D_dly)  $hold violation detected. Time: 6857950 ps, Ref Event Time Stamp: 6857937 ps, Data Event Time Stamp: 6857950 ps, Limit: 241 ps
WARNING: "C:/Xilinx/Vivado/2024.2/data/verilog/src/unisims/FDRE.v" Line 153: Timing violation in scope /top/lif_array_0/lif_enable_reg/TChk153_28587 at time 6887950 ps $setuphold (posedge C,posedge D,(0:0:0),(0:0:0),notifier,in_clk_enable_p,in_clk_enable_p,C_dly,D_dly)  $hold violation detected. Time: 6887950 ps, Ref Event Time Stamp: 6887937 ps, Data Event Time Stamp: 6887950 ps, Limit: 241 ps
WARNING: "C:/Xilinx/Vivado/2024.2/data/verilog/src/unisims/FDRE.v" Line 153: Timing violation in scope /top/lif_array_0/lif_enable_reg/TChk153_28587 at time 7317950 ps $setuphold (posedge C,posedge D,(0:0:0),(0:0:0),notifier,in_clk_enable_p,in_clk_enable_p,C_dly,D_dly)  $hold violation detected. Time: 7317950 ps, Ref Event Time Stamp: 7317937 ps, Data Event Time Stamp: 7317950 ps, Limit: 241 ps
WARNING: "C:/Xilinx/Vivado/2024.2/data/verilog/src/unisims/FDRE.v" Line 153: Timing violation in scope /top/lif_array_0/lif_enable_reg/TChk153_28587 at time 7347950 ps $setuphold (posedge C,posedge D,(0:0:0),(0:0:0),notifier,in_clk_enable_p,in_clk_enable_p,C_dly,D_dly)  $hold violation detected. Time: 7347950 ps, Ref Event Time Stamp: 7347937 ps, Data Event Time Stamp: 7347950 ps, Limit: 241 ps
WARNING: "C:/Xilinx/Vivado/2024.2/data/verilog/src/unisims/FDRE.v" Line 153: Timing violation in scope /top/lif_array_0/lif_enable_reg/TChk153_28587 at time 7777950 ps $setuphold (posedge C,posedge D,(0:0:0),(0:0:0),notifier,in_clk_enable_p,in_clk_enable_p,C_dly,D_dly)  $hold violation detected. Time: 7777950 ps, Ref Event Time Stamp: 7777937 ps, Data Event Time Stamp: 7777950 ps, Limit: 241 ps
WARNING: "C:/Xilinx/Vivado/2024.2/data/verilog/src/unisims/FDRE.v" Line 153: Timing violation in scope /top/lif_array_0/lif_enable_reg/TChk153_28587 at time 7807950 ps $setuphold (posedge C,posedge D,(0:0:0),(0:0:0),notifier,in_clk_enable_p,in_clk_enable_p,C_dly,D_dly)  $hold violation detected. Time: 7807950 ps, Ref Event Time Stamp: 7807937 ps, Data Event Time Stamp: 7807950 ps, Limit: 241 ps
WARNING: "C:/Xilinx/Vivado/2024.2/data/verilog/src/unisims/FDRE.v" Line 153: Timing violation in scope /top/lif_array_0/lif_enable_reg/TChk153_28587 at time 8237950 ps $setuphold (posedge C,posedge D,(0:0:0),(0:0:0),notifier,in_clk_enable_p,in_clk_enable_p,C_dly,D_dly)  $hold violation detected. Time: 8237950 ps, Ref Event Time Stamp: 8237937 ps, Data Event Time Stamp: 8237950 ps, Limit: 241 ps
WARNING: "C:/Xilinx/Vivado/2024.2/data/verilog/src/unisims/FDRE.v" Line 153: Timing violation in scope /top/lif_array_0/lif_enable_reg/TChk153_28587 at time 8267950 ps $setuphold (posedge C,posedge D,(0:0:0),(0:0:0),notifier,in_clk_enable_p,in_clk_enable_p,C_dly,D_dly)  $hold violation detected. Time: 8267950 ps, Ref Event Time Stamp: 8267937 ps, Data Event Time Stamp: 8267950 ps, Limit: 241 ps
WARNING: "C:/Xilinx/Vivado/2024.2/data/verilog/src/unisims/FDRE.v" Line 153: Timing violation in scope /top/lif_array_0/lif_enable_reg/TChk153_28587 at time 8697950 ps $setuphold (posedge C,posedge D,(0:0:0),(0:0:0),notifier,in_clk_enable_p,in_clk_enable_p,C_dly,D_dly)  $hold violation detected. Time: 8697950 ps, Ref Event Time Stamp: 8697937 ps, Data Event Time Stamp: 8697950 ps, Limit: 241 ps
WARNING: "C:/Xilinx/Vivado/2024.2/data/verilog/src/unisims/FDRE.v" Line 153: Timing violation in scope /top/lif_array_0/lif_enable_reg/TChk153_28587 at time 8727950 ps $setuphold (posedge C,posedge D,(0:0:0),(0:0:0),notifier,in_clk_enable_p,in_clk_enable_p,C_dly,D_dly)  $hold violation detected. Time: 8727950 ps, Ref Event Time Stamp: 8727937 ps, Data Event Time Stamp: 8727950 ps, Limit: 241 ps
WARNING: "C:/Xilinx/Vivado/2024.2/data/verilog/src/unisims/FDRE.v" Line 153: Timing violation in scope /top/lif_array_0/lif_enable_reg/TChk153_28587 at time 9157950 ps $setuphold (posedge C,posedge D,(0:0:0),(0:0:0),notifier,in_clk_enable_p,in_clk_enable_p,C_dly,D_dly)  $hold violation detected. Time: 9157950 ps, Ref Event Time Stamp: 9157937 ps, Data Event Time Stamp: 9157950 ps, Limit: 241 ps
WARNING: "C:/Xilinx/Vivado/2024.2/data/verilog/src/unisims/FDRE.v" Line 153: Timing violation in scope /top/lif_array_0/lif_enable_reg/TChk153_28587 at time 9187950 ps $setuphold (posedge C,posedge D,(0:0:0),(0:0:0),notifier,in_clk_enable_p,in_clk_enable_p,C_dly,D_dly)  $hold violation detected. Time: 9187950 ps, Ref Event Time Stamp: 9187937 ps, Data Event Time Stamp: 9187950 ps, Limit: 241 ps
WARNING: "C:/Xilinx/Vivado/2024.2/data/verilog/src/unisims/FDRE.v" Line 153: Timing violation in scope /top/lif_array_0/lif_enable_reg/TChk153_28587 at time 9617950 ps $setuphold (posedge C,posedge D,(0:0:0),(0:0:0),notifier,in_clk_enable_p,in_clk_enable_p,C_dly,D_dly)  $hold violation detected. Time: 9617950 ps, Ref Event Time Stamp: 9617937 ps, Data Event Time Stamp: 9617950 ps, Limit: 241 ps
WARNING: "C:/Xilinx/Vivado/2024.2/data/verilog/src/unisims/FDRE.v" Line 153: Timing violation in scope /top/lif_array_0/lif_enable_reg/TChk153_28587 at time 9647950 ps $setuphold (posedge C,posedge D,(0:0:0),(0:0:0),notifier,in_clk_enable_p,in_clk_enable_p,C_dly,D_dly)  $hold violation detected. Time: 9647950 ps, Ref Event Time Stamp: 9647937 ps, Data Event Time Stamp: 9647950 ps, Limit: 241 ps
WARNING: "C:/Xilinx/Vivado/2024.2/data/verilog/src/unisims/FDRE.v" Line 153: Timing violation in scope /top/lif_array_0/lif_enable_reg/TChk153_28587 at time 10077950 ps $setuphold (posedge C,posedge D,(0:0:0),(0:0:0),notifier,in_clk_enable_p,in_clk_enable_p,C_dly,D_dly)  $hold violation detected. Time: 10077950 ps, Ref Event Time Stamp: 10077937 ps, Data Event Time Stamp: 10077950 ps, Limit: 241 ps
WARNING: "C:/Xilinx/Vivado/2024.2/data/verilog/src/unisims/FDRE.v" Line 153: Timing violation in scope /top/lif_array_0/lif_enable_reg/TChk153_28587 at time 10107950 ps $setuphold (posedge C,posedge D,(0:0:0),(0:0:0),notifier,in_clk_enable_p,in_clk_enable_p,C_dly,D_dly)  $hold violation detected. Time: 10107950 ps, Ref Event Time Stamp: 10107937 ps, Data Event Time Stamp: 10107950 ps, Limit: 241 ps
WARNING: "C:/Xilinx/Vivado/2024.2/data/verilog/src/unisims/FDRE.v" Line 153: Timing violation in scope /top/lif_array_0/lif_enable_reg/TChk153_28587 at time 10537950 ps $setuphold (posedge C,posedge D,(0:0:0),(0:0:0),notifier,in_clk_enable_p,in_clk_enable_p,C_dly,D_dly)  $hold violation detected. Time: 10537950 ps, Ref Event Time Stamp: 10537937 ps, Data Event Time Stamp: 10537950 ps, Limit: 241 ps
WARNING: "C:/Xilinx/Vivado/2024.2/data/verilog/src/unisims/FDRE.v" Line 153: Timing violation in scope /top/lif_array_0/lif_enable_reg/TChk153_28587 at time 10567950 ps $setuphold (posedge C,posedge D,(0:0:0),(0:0:0),notifier,in_clk_enable_p,in_clk_enable_p,C_dly,D_dly)  $hold violation detected. Time: 10567950 ps, Ref Event Time Stamp: 10567937 ps, Data Event Time Stamp: 10567950 ps, Limit: 241 ps
WARNING: "C:/Xilinx/Vivado/2024.2/data/verilog/src/unisims/FDRE.v" Line 153: Timing violation in scope /top/lif_array_0/lif_enable_reg/TChk153_28587 at time 10997950 ps $setuphold (posedge C,posedge D,(0:0:0),(0:0:0),notifier,in_clk_enable_p,in_clk_enable_p,C_dly,D_dly)  $hold violation detected. Time: 10997950 ps, Ref Event Time Stamp: 10997937 ps, Data Event Time Stamp: 10997950 ps, Limit: 241 ps
WARNING: "C:/Xilinx/Vivado/2024.2/data/verilog/src/unisims/FDRE.v" Line 153: Timing violation in scope /top/lif_array_0/lif_enable_reg/TChk153_28587 at time 11027950 ps $setuphold (posedge C,posedge D,(0:0:0),(0:0:0),notifier,in_clk_enable_p,in_clk_enable_p,C_dly,D_dly)  $hold violation detected. Time: 11027950 ps, Ref Event Time Stamp: 11027937 ps, Data Event Time Stamp: 11027950 ps, Limit: 241 ps
WARNING: "C:/Xilinx/Vivado/2024.2/data/verilog/src/unisims/FDRE.v" Line 153: Timing violation in scope /top/lif_array_0/lif_enable_reg/TChk153_28587 at time 11457950 ps $setuphold (posedge C,posedge D,(0:0:0),(0:0:0),notifier,in_clk_enable_p,in_clk_enable_p,C_dly,D_dly)  $hold violation detected. Time: 11457950 ps, Ref Event Time Stamp: 11457937 ps, Data Event Time Stamp: 11457950 ps, Limit: 241 ps
WARNING: "C:/Xilinx/Vivado/2024.2/data/verilog/src/unisims/FDRE.v" Line 153: Timing violation in scope /top/lif_array_0/lif_enable_reg/TChk153_28587 at time 11487950 ps $setuphold (posedge C,posedge D,(0:0:0),(0:0:0),notifier,in_clk_enable_p,in_clk_enable_p,C_dly,D_dly)  $hold violation detected. Time: 11487950 ps, Ref Event Time Stamp: 11487937 ps, Data Event Time Stamp: 11487950 ps, Limit: 241 ps
WARNING: "C:/Xilinx/Vivado/2024.2/data/verilog/src/unisims/FDRE.v" Line 153: Timing violation in scope /top/lif_array_0/lif_enable_reg/TChk153_28587 at time 11917950 ps $setuphold (posedge C,posedge D,(0:0:0),(0:0:0),notifier,in_clk_enable_p,in_clk_enable_p,C_dly,D_dly)  $hold violation detected. Time: 11917950 ps, Ref Event Time Stamp: 11917937 ps, Data Event Time Stamp: 11917950 ps, Limit: 241 ps
WARNING: "C:/Xilinx/Vivado/2024.2/data/verilog/src/unisims/FDRE.v" Line 153: Timing violation in scope /top/lif_array_0/lif_enable_reg/TChk153_28587 at time 11947950 ps $setuphold (posedge C,posedge D,(0:0:0),(0:0:0),notifier,in_clk_enable_p,in_clk_enable_p,C_dly,D_dly)  $hold violation detected. Time: 11947950 ps, Ref Event Time Stamp: 11947937 ps, Data Event Time Stamp: 11947950 ps, Limit: 241 ps
WARNING: "C:/Xilinx/Vivado/2024.2/data/verilog/src/unisims/FDRE.v" Line 153: Timing violation in scope /top/lif_array_0/lif_enable_reg/TChk153_28587 at time 12377950 ps $setuphold (posedge C,posedge D,(0:0:0),(0:0:0),notifier,in_clk_enable_p,in_clk_enable_p,C_dly,D_dly)  $hold violation detected. Time: 12377950 ps, Ref Event Time Stamp: 12377937 ps, Data Event Time Stamp: 12377950 ps, Limit: 241 ps
WARNING: "C:/Xilinx/Vivado/2024.2/data/verilog/src/unisims/FDRE.v" Line 153: Timing violation in scope /top/lif_array_0/lif_enable_reg/TChk153_28587 at time 12407950 ps $setuphold (posedge C,posedge D,(0:0:0),(0:0:0),notifier,in_clk_enable_p,in_clk_enable_p,C_dly,D_dly)  $hold violation detected. Time: 12407950 ps, Ref Event Time Stamp: 12407937 ps, Data Event Time Stamp: 12407950 ps, Limit: 241 ps
WARNING: "C:/Xilinx/Vivado/2024.2/data/verilog/src/unisims/FDRE.v" Line 153: Timing violation in scope /top/lif_array_0/lif_enable_reg/TChk153_28587 at time 12837950 ps $setuphold (posedge C,posedge D,(0:0:0),(0:0:0),notifier,in_clk_enable_p,in_clk_enable_p,C_dly,D_dly)  $hold violation detected. Time: 12837950 ps, Ref Event Time Stamp: 12837937 ps, Data Event Time Stamp: 12837950 ps, Limit: 241 ps
WARNING: "C:/Xilinx/Vivado/2024.2/data/verilog/src/unisims/FDRE.v" Line 153: Timing violation in scope /top/lif_array_0/lif_enable_reg/TChk153_28587 at time 12867950 ps $setuphold (posedge C,posedge D,(0:0:0),(0:0:0),notifier,in_clk_enable_p,in_clk_enable_p,C_dly,D_dly)  $hold violation detected. Time: 12867950 ps, Ref Event Time Stamp: 12867937 ps, Data Event Time Stamp: 12867950 ps, Limit: 241 ps
WARNING: "C:/Xilinx/Vivado/2024.2/data/verilog/src/unisims/FDRE.v" Line 153: Timing violation in scope /top/lif_array_0/lif_enable_reg/TChk153_28587 at time 13297950 ps $setuphold (posedge C,posedge D,(0:0:0),(0:0:0),notifier,in_clk_enable_p,in_clk_enable_p,C_dly,D_dly)  $hold violation detected. Time: 13297950 ps, Ref Event Time Stamp: 13297937 ps, Data Event Time Stamp: 13297950 ps, Limit: 241 ps
WARNING: "C:/Xilinx/Vivado/2024.2/data/verilog/src/unisims/FDRE.v" Line 153: Timing violation in scope /top/lif_array_0/lif_enable_reg/TChk153_28587 at time 13327950 ps $setuphold (posedge C,posedge D,(0:0:0),(0:0:0),notifier,in_clk_enable_p,in_clk_enable_p,C_dly,D_dly)  $hold violation detected. Time: 13327950 ps, Ref Event Time Stamp: 13327937 ps, Data Event Time Stamp: 13327950 ps, Limit: 241 ps
WARNING: "C:/Xilinx/Vivado/2024.2/data/verilog/src/unisims/FDRE.v" Line 153: Timing violation in scope /top/lif_array_0/lif_enable_reg/TChk153_28587 at time 13757950 ps $setuphold (posedge C,posedge D,(0:0:0),(0:0:0),notifier,in_clk_enable_p,in_clk_enable_p,C_dly,D_dly)  $hold violation detected. Time: 13757950 ps, Ref Event Time Stamp: 13757937 ps, Data Event Time Stamp: 13757950 ps, Limit: 241 ps
WARNING: "C:/Xilinx/Vivado/2024.2/data/verilog/src/unisims/FDRE.v" Line 153: Timing violation in scope /top/lif_array_0/lif_enable_reg/TChk153_28587 at time 13787950 ps $setuphold (posedge C,posedge D,(0:0:0),(0:0:0),notifier,in_clk_enable_p,in_clk_enable_p,C_dly,D_dly)  $hold violation detected. Time: 13787950 ps, Ref Event Time Stamp: 13787937 ps, Data Event Time Stamp: 13787950 ps, Limit: 241 ps
WARNING: "C:/Xilinx/Vivado/2024.2/data/verilog/src/unisims/FDRE.v" Line 153: Timing violation in scope /top/lif_array_0/lif_enable_reg/TChk153_28587 at time 14217950 ps $setuphold (posedge C,posedge D,(0:0:0),(0:0:0),notifier,in_clk_enable_p,in_clk_enable_p,C_dly,D_dly)  $hold violation detected. Time: 14217950 ps, Ref Event Time Stamp: 14217937 ps, Data Event Time Stamp: 14217950 ps, Limit: 241 ps
WARNING: "C:/Xilinx/Vivado/2024.2/data/verilog/src/unisims/FDRE.v" Line 153: Timing violation in scope /top/lif_array_0/lif_enable_reg/TChk153_28587 at time 14247950 ps $setuphold (posedge C,posedge D,(0:0:0),(0:0:0),notifier,in_clk_enable_p,in_clk_enable_p,C_dly,D_dly)  $hold violation detected. Time: 14247950 ps, Ref Event Time Stamp: 14247937 ps, Data Event Time Stamp: 14247950 ps, Limit: 241 ps
WARNING: "C:/Xilinx/Vivado/2024.2/data/verilog/src/unisims/FDRE.v" Line 153: Timing violation in scope /top/lif_array_0/lif_enable_reg/TChk153_28587 at time 14677950 ps $setuphold (posedge C,posedge D,(0:0:0),(0:0:0),notifier,in_clk_enable_p,in_clk_enable_p,C_dly,D_dly)  $hold violation detected. Time: 14677950 ps, Ref Event Time Stamp: 14677937 ps, Data Event Time Stamp: 14677950 ps, Limit: 241 ps
WARNING: "C:/Xilinx/Vivado/2024.2/data/verilog/src/unisims/FDRE.v" Line 153: Timing violation in scope /top/lif_array_0/lif_enable_reg/TChk153_28587 at time 14707950 ps $setuphold (posedge C,posedge D,(0:0:0),(0:0:0),notifier,in_clk_enable_p,in_clk_enable_p,C_dly,D_dly)  $hold violation detected. Time: 14707950 ps, Ref Event Time Stamp: 14707937 ps, Data Event Time Stamp: 14707950 ps, Limit: 241 ps
WARNING: "C:/Xilinx/Vivado/2024.2/data/verilog/src/unisims/FDRE.v" Line 153: Timing violation in scope /top/lif_array_0/lif_enable_reg/TChk153_28587 at time 15137950 ps $setuphold (posedge C,posedge D,(0:0:0),(0:0:0),notifier,in_clk_enable_p,in_clk_enable_p,C_dly,D_dly)  $hold violation detected. Time: 15137950 ps, Ref Event Time Stamp: 15137937 ps, Data Event Time Stamp: 15137950 ps, Limit: 241 ps
run: Time (s): cpu = 00:00:08 ; elapsed = 00:00:19 . Memory (MB): peak = 2950.738 ; gain = 0.000
current_sim simulation_5
restart
INFO: [Wavedata 42-604] Simulation restarted
add_force {/top/clk} -radix hex {0 0ns} {1 50000ps} -repeat_every 100000ps
add_force {/top/sw} -radix hex {0 0ns}
run 100 us
run: Time (s): cpu = 00:00:03 ; elapsed = 00:00:07 . Memory (MB): peak = 3373.238 ; gain = 0.000
add_force {/top/sw} -radix hex {1 0ns}
run 100 us
WARNING: "C:/Xilinx/Vivado/2024.2/data/verilog/src/unisims/FDRE.v" Line 150: Timing violation in scope /top/bram_streamer_0/weight_bram_0/weight_fifo_push_reg/TChk150_29055 at time 39555381 ps $setuphold (posedge C,negedge D,(0:0:0),(0:0:0),notifier,in_clk_enable_p,in_clk_enable_p,C_dly,D_dly)  $setup violation detected. Time: 39555381 ps, Data Event Time Stamp: 39555381 ps, Ref Event Time Stamp: 39555204 ps, Limit: -45 ps
WARNING: "C:/Xilinx/Vivado/2024.2/data/verilog/src/unisims/FDRE.v" Line 150: Timing violation in scope /top/bram_streamer_0/weight_bram_0/weight_fifo_push_reg/TChk150_29055 at time 39555381 ps $setuphold (posedge C,negedge D,(0:0:0),(0:0:0),notifier,in_clk_enable_p,in_clk_enable_p,C_dly,D_dly)  $hold violation detected. Time: 39555381 ps, Ref Event Time Stamp: 39555204 ps, Data Event Time Stamp: 39555381 ps, Limit: 241 ps
WARNING: "C:/Xilinx/Vivado/2024.2/data/verilog/src/unisims/FDRE.v" Line 153: Timing violation in scope /top/bram_streamer_0/weight_bram_0/bram_en_reg/TChk153_29058 at time 39755394 ps $setuphold (posedge C,posedge D,(0:0:0),(0:0:0),notifier,in_clk_enable_p,in_clk_enable_p,C_dly,D_dly)  $setup violation detected. Time: 39755394 ps, Data Event Time Stamp: 39755394 ps, Ref Event Time Stamp: 39755198 ps, Limit: -45 ps
WARNING: "C:/Xilinx/Vivado/2024.2/data/verilog/src/unisims/FDRE.v" Line 153: Timing violation in scope /top/bram_streamer_0/weight_bram_0/bram_en_reg/TChk153_29058 at time 39755394 ps $setuphold (posedge C,posedge D,(0:0:0),(0:0:0),notifier,in_clk_enable_p,in_clk_enable_p,C_dly,D_dly)  $hold violation detected. Time: 39755394 ps, Ref Event Time Stamp: 39755198 ps, Data Event Time Stamp: 39755394 ps, Limit: 241 ps
WARNING: "C:/Xilinx/Vivado/2024.2/data/verilog/src/unisims/FDRE.v" Line 150: Timing violation in scope /top/bram_streamer_0/weight_bram_0/weight_fifo_push_reg/TChk150_29055 at time 39755400 ps $setuphold (posedge C,negedge D,(0:0:0),(0:0:0),notifier,in_clk_enable_p,in_clk_enable_p,C_dly,D_dly)  $setup violation detected. Time: 39755400 ps, Data Event Time Stamp: 39755400 ps, Ref Event Time Stamp: 39755204 ps, Limit: -45 ps
WARNING: "C:/Xilinx/Vivado/2024.2/data/verilog/src/unisims/FDRE.v" Line 150: Timing violation in scope /top/bram_streamer_0/weight_bram_0/weight_fifo_push_reg/TChk150_29055 at time 39755400 ps $setuphold (posedge C,negedge D,(0:0:0),(0:0:0),notifier,in_clk_enable_p,in_clk_enable_p,C_dly,D_dly)  $hold violation detected. Time: 39755400 ps, Ref Event Time Stamp: 39755204 ps, Data Event Time Stamp: 39755400 ps, Limit: 241 ps
WARNING: "C:/Xilinx/Vivado/2024.2/data/verilog/src/unisims/FDRE.v" Line 153: Timing violation in scope /top/bram_streamer_0/weight_bram_0/weight_fifo_push_reg/TChk153_29058 at time 39855400 ps $setuphold (posedge C,posedge D,(0:0:0),(0:0:0),notifier,in_clk_enable_p,in_clk_enable_p,C_dly,D_dly)  $setup violation detected. Time: 39855400 ps, Data Event Time Stamp: 39855400 ps, Ref Event Time Stamp: 39855204 ps, Limit: -45 ps
WARNING: "C:/Xilinx/Vivado/2024.2/data/verilog/src/unisims/FDRE.v" Line 153: Timing violation in scope /top/bram_streamer_0/weight_bram_0/weight_fifo_push_reg/TChk153_29058 at time 39855400 ps $setuphold (posedge C,posedge D,(0:0:0),(0:0:0),notifier,in_clk_enable_p,in_clk_enable_p,C_dly,D_dly)  $hold violation detected. Time: 39855400 ps, Ref Event Time Stamp: 39855204 ps, Data Event Time Stamp: 39855400 ps, Limit: 241 ps
WARNING: "C:/Xilinx/Vivado/2024.2/data/verilog/src/unisims/FDRE.v" Line 150: Timing violation in scope /top/bram_streamer_0/weight_bram_0/weight_fifo_push_reg/TChk150_29055 at time 40055381 ps $setuphold (posedge C,negedge D,(0:0:0),(0:0:0),notifier,in_clk_enable_p,in_clk_enable_p,C_dly,D_dly)  $setup violation detected. Time: 40055381 ps, Data Event Time Stamp: 40055381 ps, Ref Event Time Stamp: 40055204 ps, Limit: -45 ps
WARNING: "C:/Xilinx/Vivado/2024.2/data/verilog/src/unisims/FDRE.v" Line 150: Timing violation in scope /top/bram_streamer_0/weight_bram_0/weight_fifo_push_reg/TChk150_29055 at time 40055381 ps $setuphold (posedge C,negedge D,(0:0:0),(0:0:0),notifier,in_clk_enable_p,in_clk_enable_p,C_dly,D_dly)  $hold violation detected. Time: 40055381 ps, Ref Event Time Stamp: 40055204 ps, Data Event Time Stamp: 40055381 ps, Limit: 241 ps
WARNING: "C:/Xilinx/Vivado/2024.2/data/verilog/src/unisims/FDRE.v" Line 153: Timing violation in scope /top/bram_streamer_0/weight_bram_0/bram_en_reg/TChk153_29058 at time 41655394 ps $setuphold (posedge C,posedge D,(0:0:0),(0:0:0),notifier,in_clk_enable_p,in_clk_enable_p,C_dly,D_dly)  $setup violation detected. Time: 41655394 ps, Data Event Time Stamp: 41655394 ps, Ref Event Time Stamp: 41655198 ps, Limit: -45 ps
WARNING: "C:/Xilinx/Vivado/2024.2/data/verilog/src/unisims/FDRE.v" Line 153: Timing violation in scope /top/bram_streamer_0/weight_bram_0/bram_en_reg/TChk153_29058 at time 41655394 ps $setuphold (posedge C,posedge D,(0:0:0),(0:0:0),notifier,in_clk_enable_p,in_clk_enable_p,C_dly,D_dly)  $hold violation detected. Time: 41655394 ps, Ref Event Time Stamp: 41655198 ps, Data Event Time Stamp: 41655394 ps, Limit: 241 ps
WARNING: "C:/Xilinx/Vivado/2024.2/data/verilog/src/unisims/FDRE.v" Line 150: Timing violation in scope /top/bram_streamer_0/weight_bram_0/weight_fifo_push_reg/TChk150_29055 at time 41655400 ps $setuphold (posedge C,negedge D,(0:0:0),(0:0:0),notifier,in_clk_enable_p,in_clk_enable_p,C_dly,D_dly)  $setup violation detected. Time: 41655400 ps, Data Event Time Stamp: 41655400 ps, Ref Event Time Stamp: 41655204 ps, Limit: -45 ps
WARNING: "C:/Xilinx/Vivado/2024.2/data/verilog/src/unisims/FDRE.v" Line 150: Timing violation in scope /top/bram_streamer_0/weight_bram_0/weight_fifo_push_reg/TChk150_29055 at time 41655400 ps $setuphold (posedge C,negedge D,(0:0:0),(0:0:0),notifier,in_clk_enable_p,in_clk_enable_p,C_dly,D_dly)  $hold violation detected. Time: 41655400 ps, Ref Event Time Stamp: 41655204 ps, Data Event Time Stamp: 41655400 ps, Limit: 241 ps
WARNING: "C:/Xilinx/Vivado/2024.2/data/verilog/src/unisims/RAMB18E1.v" Line 989: Timing violation in scope /top/bram_streamer_0/bram1/mem_reg/TChk989_24102 at time 41955131 ps $setuphold (posedge CLKARDCLK,posedge REGCEAREGCE,(0:0:0),(0:0:0),notifier_a,clkardclk_en_p,clkardclk_en_p,CLKARDCLK_delay,REGCEAREGCE_delay)  $setup violation detected. Time: 41955131 ps, Data Event Time Stamp: 41954885 ps, Ref Event Time Stamp: 41955131 ps, Limit: 360 ps
WARNING: "C:/Xilinx/Vivado/2024.2/data/verilog/src/unisims/RAMB18E1.v" Line 990: Timing violation in scope /top/bram_streamer_0/bram1/mem_reg/TChk990_24103 at time 42055131 ps $setuphold (posedge CLKARDCLK,negedge REGCEAREGCE,(0:0:0),(0:0:0),notifier_a,clkardclk_en_p,clkardclk_en_p,CLKARDCLK_delay,REGCEAREGCE_delay)  $setup violation detected. Time: 42055131 ps, Data Event Time Stamp: 42054925 ps, Ref Event Time Stamp: 42055131 ps, Limit: 360 ps
WARNING: "C:/Xilinx/Vivado/2024.2/data/verilog/src/unisims/FDRE.v" Line 153: Timing violation in scope /top/bram_streamer_0/lif_bram_0/mem_done_reg/TChk153_29058 at time 42055447 ps $setuphold (posedge C,posedge D,(0:0:0),(0:0:0),notifier,in_clk_enable_p,in_clk_enable_p,C_dly,D_dly)  $setup violation detected. Time: 42055447 ps, Data Event Time Stamp: 42055447 ps, Ref Event Time Stamp: 42055245 ps, Limit: -60 ps
WARNING: "C:/Xilinx/Vivado/2024.2/data/verilog/src/unisims/FDRE.v" Line 153: Timing violation in scope /top/bram_streamer_0/lif_bram_0/mem_done_reg/TChk153_29058 at time 42055447 ps $setuphold (posedge C,posedge D,(0:0:0),(0:0:0),notifier,in_clk_enable_p,in_clk_enable_p,C_dly,D_dly)  $hold violation detected. Time: 42055447 ps, Ref Event Time Stamp: 42055245 ps, Data Event Time Stamp: 42055447 ps, Limit: 241 ps
WARNING: "C:/Xilinx/Vivado/2024.2/data/verilog/src/unisims/FDRE.v" Line 150: Timing violation in scope /top/bram_streamer_0/lif_bram_0/mem_done_reg/TChk150_29055 at time 42155447 ps $setuphold (posedge C,negedge D,(0:0:0),(0:0:0),notifier,in_clk_enable_p,in_clk_enable_p,C_dly,D_dly)  $setup violation detected. Time: 42155447 ps, Data Event Time Stamp: 42155447 ps, Ref Event Time Stamp: 42155245 ps, Limit: -60 ps
WARNING: "C:/Xilinx/Vivado/2024.2/data/verilog/src/unisims/FDRE.v" Line 150: Timing violation in scope /top/bram_streamer_0/lif_bram_0/mem_done_reg/TChk150_29055 at time 42155447 ps $setuphold (posedge C,negedge D,(0:0:0),(0:0:0),notifier,in_clk_enable_p,in_clk_enable_p,C_dly,D_dly)  $hold violation detected. Time: 42155447 ps, Ref Event Time Stamp: 42155245 ps, Data Event Time Stamp: 42155447 ps, Limit: 241 ps
WARNING: "C:/Xilinx/Vivado/2024.2/data/verilog/src/unisims/RAMB36E1.v" Line 1347: Timing violation in scope /top/bram_streamer_0/bram0/mem_reg/TChk1347_23798 at time 42955131 ps $setuphold (posedge CLKARDCLK,negedge ENARDEN,(0:0:0),(0:0:0),notifier_a,clkardclk_en_p,clkardclk_en_p,CLKARDCLK_delay,ENARDEN_delay)  $setup violation detected. Time: 42955131 ps, Data Event Time Stamp: 42954898 ps, Ref Event Time Stamp: 42955131 ps, Limit: 443 ps
WARNING: "C:/Xilinx/Vivado/2024.2/data/verilog/src/unisims/FDRE.v" Line 153: Timing violation in scope /top/bram_streamer_0/weight_bram_0/weight_fifo_push_reg/TChk153_29058 at time 43255400 ps $setuphold (posedge C,posedge D,(0:0:0),(0:0:0),notifier,in_clk_enable_p,in_clk_enable_p,C_dly,D_dly)  $setup violation detected. Time: 43255400 ps, Data Event Time Stamp: 43255400 ps, Ref Event Time Stamp: 43255204 ps, Limit: -45 ps
WARNING: "C:/Xilinx/Vivado/2024.2/data/verilog/src/unisims/FDRE.v" Line 153: Timing violation in scope /top/bram_streamer_0/weight_bram_0/weight_fifo_push_reg/TChk153_29058 at time 43255400 ps $setuphold (posedge C,posedge D,(0:0:0),(0:0:0),notifier,in_clk_enable_p,in_clk_enable_p,C_dly,D_dly)  $hold violation detected. Time: 43255400 ps, Ref Event Time Stamp: 43255204 ps, Data Event Time Stamp: 43255400 ps, Limit: 241 ps
WARNING: "C:/Xilinx/Vivado/2024.2/data/verilog/src/unisims/FDRE.v" Line 150: Timing violation in scope /top/bram_streamer_0/weight_bram_0/weight_fifo_push_reg/TChk150_29055 at time 43455381 ps $setuphold (posedge C,negedge D,(0:0:0),(0:0:0),notifier,in_clk_enable_p,in_clk_enable_p,C_dly,D_dly)  $setup violation detected. Time: 43455381 ps, Data Event Time Stamp: 43455381 ps, Ref Event Time Stamp: 43455204 ps, Limit: -45 ps
WARNING: "C:/Xilinx/Vivado/2024.2/data/verilog/src/unisims/FDRE.v" Line 150: Timing violation in scope /top/bram_streamer_0/weight_bram_0/weight_fifo_push_reg/TChk150_29055 at time 43455381 ps $setuphold (posedge C,negedge D,(0:0:0),(0:0:0),notifier,in_clk_enable_p,in_clk_enable_p,C_dly,D_dly)  $hold violation detected. Time: 43455381 ps, Ref Event Time Stamp: 43455204 ps, Data Event Time Stamp: 43455381 ps, Limit: 241 ps
WARNING: "C:/Xilinx/Vivado/2024.2/data/verilog/src/unisims/FDRE.v" Line 153: Timing violation in scope /top/bram_streamer_0/weight_bram_0/bram_en_reg/TChk153_29058 at time 43655394 ps $setuphold (posedge C,posedge D,(0:0:0),(0:0:0),notifier,in_clk_enable_p,in_clk_enable_p,C_dly,D_dly)  $setup violation detected. Time: 43655394 ps, Data Event Time Stamp: 43655394 ps, Ref Event Time Stamp: 43655198 ps, Limit: -45 ps
WARNING: "C:/Xilinx/Vivado/2024.2/data/verilog/src/unisims/FDRE.v" Line 153: Timing violation in scope /top/bram_streamer_0/weight_bram_0/bram_en_reg/TChk153_29058 at time 43655394 ps $setuphold (posedge C,posedge D,(0:0:0),(0:0:0),notifier,in_clk_enable_p,in_clk_enable_p,C_dly,D_dly)  $hold violation detected. Time: 43655394 ps, Ref Event Time Stamp: 43655198 ps, Data Event Time Stamp: 43655394 ps, Limit: 241 ps
WARNING: "C:/Xilinx/Vivado/2024.2/data/verilog/src/unisims/FDRE.v" Line 150: Timing violation in scope /top/bram_streamer_0/weight_bram_0/weight_fifo_push_reg/TChk150_29055 at time 43655400 ps $setuphold (posedge C,negedge D,(0:0:0),(0:0:0),notifier,in_clk_enable_p,in_clk_enable_p,C_dly,D_dly)  $setup violation detected. Time: 43655400 ps, Data Event Time Stamp: 43655400 ps, Ref Event Time Stamp: 43655204 ps, Limit: -45 ps
WARNING: "C:/Xilinx/Vivado/2024.2/data/verilog/src/unisims/FDRE.v" Line 150: Timing violation in scope /top/bram_streamer_0/weight_bram_0/weight_fifo_push_reg/TChk150_29055 at time 43655400 ps $setuphold (posedge C,negedge D,(0:0:0),(0:0:0),notifier,in_clk_enable_p,in_clk_enable_p,C_dly,D_dly)  $hold violation detected. Time: 43655400 ps, Ref Event Time Stamp: 43655204 ps, Data Event Time Stamp: 43655400 ps, Limit: 241 ps
WARNING: "C:/Xilinx/Vivado/2024.2/data/verilog/src/unisims/FDRE.v" Line 153: Timing violation in scope /top/bram_streamer_0/weight_bram_0/weight_fifo_push_reg/TChk153_29058 at time 43755400 ps $setuphold (posedge C,posedge D,(0:0:0),(0:0:0),notifier,in_clk_enable_p,in_clk_enable_p,C_dly,D_dly)  $setup violation detected. Time: 43755400 ps, Data Event Time Stamp: 43755400 ps, Ref Event Time Stamp: 43755204 ps, Limit: -45 ps
WARNING: "C:/Xilinx/Vivado/2024.2/data/verilog/src/unisims/FDRE.v" Line 153: Timing violation in scope /top/bram_streamer_0/weight_bram_0/weight_fifo_push_reg/TChk153_29058 at time 43755400 ps $setuphold (posedge C,posedge D,(0:0:0),(0:0:0),notifier,in_clk_enable_p,in_clk_enable_p,C_dly,D_dly)  $hold violation detected. Time: 43755400 ps, Ref Event Time Stamp: 43755204 ps, Data Event Time Stamp: 43755400 ps, Limit: 241 ps
WARNING: "C:/Xilinx/Vivado/2024.2/data/verilog/src/unisims/FDRE.v" Line 150: Timing violation in scope /top/bram_streamer_0/weight_bram_0/weight_fifo_push_reg/TChk150_29055 at time 43955381 ps $setuphold (posedge C,negedge D,(0:0:0),(0:0:0),notifier,in_clk_enable_p,in_clk_enable_p,C_dly,D_dly)  $setup violation detected. Time: 43955381 ps, Data Event Time Stamp: 43955381 ps, Ref Event Time Stamp: 43955204 ps, Limit: -45 ps
WARNING: "C:/Xilinx/Vivado/2024.2/data/verilog/src/unisims/FDRE.v" Line 150: Timing violation in scope /top/bram_streamer_0/weight_bram_0/weight_fifo_push_reg/TChk150_29055 at time 43955381 ps $setuphold (posedge C,negedge D,(0:0:0),(0:0:0),notifier,in_clk_enable_p,in_clk_enable_p,C_dly,D_dly)  $hold violation detected. Time: 43955381 ps, Ref Event Time Stamp: 43955204 ps, Data Event Time Stamp: 43955381 ps, Limit: 241 ps
WARNING: "C:/Xilinx/Vivado/2024.2/data/verilog/src/unisims/FDRE.v" Line 153: Timing violation in scope /top/bram_streamer_0/weight_bram_0/bram_en_reg/TChk153_29058 at time 45555394 ps $setuphold (posedge C,posedge D,(0:0:0),(0:0:0),notifier,in_clk_enable_p,in_clk_enable_p,C_dly,D_dly)  $setup violation detected. Time: 45555394 ps, Data Event Time Stamp: 45555394 ps, Ref Event Time Stamp: 45555198 ps, Limit: -45 ps
WARNING: "C:/Xilinx/Vivado/2024.2/data/verilog/src/unisims/FDRE.v" Line 153: Timing violation in scope /top/bram_streamer_0/weight_bram_0/bram_en_reg/TChk153_29058 at time 45555394 ps $setuphold (posedge C,posedge D,(0:0:0),(0:0:0),notifier,in_clk_enable_p,in_clk_enable_p,C_dly,D_dly)  $hold violation detected. Time: 45555394 ps, Ref Event Time Stamp: 45555198 ps, Data Event Time Stamp: 45555394 ps, Limit: 241 ps
WARNING: "C:/Xilinx/Vivado/2024.2/data/verilog/src/unisims/FDRE.v" Line 150: Timing violation in scope /top/bram_streamer_0/weight_bram_0/weight_fifo_push_reg/TChk150_29055 at time 45555400 ps $setuphold (posedge C,negedge D,(0:0:0),(0:0:0),notifier,in_clk_enable_p,in_clk_enable_p,C_dly,D_dly)  $setup violation detected. Time: 45555400 ps, Data Event Time Stamp: 45555400 ps, Ref Event Time Stamp: 45555204 ps, Limit: -45 ps
WARNING: "C:/Xilinx/Vivado/2024.2/data/verilog/src/unisims/FDRE.v" Line 150: Timing violation in scope /top/bram_streamer_0/weight_bram_0/weight_fifo_push_reg/TChk150_29055 at time 45555400 ps $setuphold (posedge C,negedge D,(0:0:0),(0:0:0),notifier,in_clk_enable_p,in_clk_enable_p,C_dly,D_dly)  $hold violation detected. Time: 45555400 ps, Ref Event Time Stamp: 45555204 ps, Data Event Time Stamp: 45555400 ps, Limit: 241 ps
WARNING: "C:/Xilinx/Vivado/2024.2/data/verilog/src/unisims/RAMB18E1.v" Line 989: Timing violation in scope /top/bram_streamer_0/bram1/mem_reg/TChk989_24102 at time 45855131 ps $setuphold (posedge CLKARDCLK,posedge REGCEAREGCE,(0:0:0),(0:0:0),notifier_a,clkardclk_en_p,clkardclk_en_p,CLKARDCLK_delay,REGCEAREGCE_delay)  $setup violation detected. Time: 45855131 ps, Data Event Time Stamp: 45854885 ps, Ref Event Time Stamp: 45855131 ps, Limit: 360 ps
WARNING: "C:/Xilinx/Vivado/2024.2/data/verilog/src/unisims/RAMB18E1.v" Line 990: Timing violation in scope /top/bram_streamer_0/bram1/mem_reg/TChk990_24103 at time 45955131 ps $setuphold (posedge CLKARDCLK,negedge REGCEAREGCE,(0:0:0),(0:0:0),notifier_a,clkardclk_en_p,clkardclk_en_p,CLKARDCLK_delay,REGCEAREGCE_delay)  $setup violation detected. Time: 45955131 ps, Data Event Time Stamp: 45954925 ps, Ref Event Time Stamp: 45955131 ps, Limit: 360 ps
WARNING: "C:/Xilinx/Vivado/2024.2/data/verilog/src/unisims/FDRE.v" Line 153: Timing violation in scope /top/bram_streamer_0/lif_bram_0/mem_done_reg/TChk153_29058 at time 45955447 ps $setuphold (posedge C,posedge D,(0:0:0),(0:0:0),notifier,in_clk_enable_p,in_clk_enable_p,C_dly,D_dly)  $setup violation detected. Time: 45955447 ps, Data Event Time Stamp: 45955447 ps, Ref Event Time Stamp: 45955245 ps, Limit: -60 ps
WARNING: "C:/Xilinx/Vivado/2024.2/data/verilog/src/unisims/FDRE.v" Line 153: Timing violation in scope /top/bram_streamer_0/lif_bram_0/mem_done_reg/TChk153_29058 at time 45955447 ps $setuphold (posedge C,posedge D,(0:0:0),(0:0:0),notifier,in_clk_enable_p,in_clk_enable_p,C_dly,D_dly)  $hold violation detected. Time: 45955447 ps, Ref Event Time Stamp: 45955245 ps, Data Event Time Stamp: 45955447 ps, Limit: 241 ps
WARNING: "C:/Xilinx/Vivado/2024.2/data/verilog/src/unisims/FDRE.v" Line 150: Timing violation in scope /top/bram_streamer_0/lif_bram_0/mem_done_reg/TChk150_29055 at time 46055447 ps $setuphold (posedge C,negedge D,(0:0:0),(0:0:0),notifier,in_clk_enable_p,in_clk_enable_p,C_dly,D_dly)  $setup violation detected. Time: 46055447 ps, Data Event Time Stamp: 46055447 ps, Ref Event Time Stamp: 46055245 ps, Limit: -60 ps
WARNING: "C:/Xilinx/Vivado/2024.2/data/verilog/src/unisims/FDRE.v" Line 150: Timing violation in scope /top/bram_streamer_0/lif_bram_0/mem_done_reg/TChk150_29055 at time 46055447 ps $setuphold (posedge C,negedge D,(0:0:0),(0:0:0),notifier,in_clk_enable_p,in_clk_enable_p,C_dly,D_dly)  $hold violation detected. Time: 46055447 ps, Ref Event Time Stamp: 46055245 ps, Data Event Time Stamp: 46055447 ps, Limit: 241 ps
WARNING: "C:/Xilinx/Vivado/2024.2/data/verilog/src/unisims/FDRE.v" Line 153: Timing violation in scope /top/bram_streamer_0/tile_idx_bram_0/addr_reg__11/TChk153_29058 at time 46655383 ps $setuphold (posedge C,posedge D,(0:0:0),(0:0:0),notifier,in_clk_enable_p,in_clk_enable_p,C_dly,D_dly)  $setup violation detected. Time: 46655383 ps, Data Event Time Stamp: 46655383 ps, Ref Event Time Stamp: 46655245 ps, Limit: -60 ps
WARNING: "C:/Xilinx/Vivado/2024.2/data/verilog/src/unisims/FDRE.v" Line 153: Timing violation in scope /top/bram_streamer_0/tile_idx_bram_0/addr_reg__11/TChk153_29058 at time 46655383 ps $setuphold (posedge C,posedge D,(0:0:0),(0:0:0),notifier,in_clk_enable_p,in_clk_enable_p,C_dly,D_dly)  $hold violation detected. Time: 46655383 ps, Ref Event Time Stamp: 46655245 ps, Data Event Time Stamp: 46655383 ps, Limit: 262 ps
WARNING: "C:/Xilinx/Vivado/2024.2/data/verilog/src/unisims/FDRE.v" Line 149: Timing violation in scope /top/bram_streamer_0/tile_idx_bram_0/addr_reg__11/TChk149_29054 at time 46755245 ps $setuphold (posedge C,negedge CE,(0:0:0),(0:0:0),notifier,ce_clk_enable_p,ce_clk_enable_p,C_dly,CE_dly)  $hold violation detected. Time: 46755245 ps, Ref Event Time Stamp: 46755245 ps, Data Event Time Stamp: 46755178 ps, Limit: -5 ps
WARNING: "C:/Xilinx/Vivado/2024.2/data/verilog/src/unisims/FDRE.v" Line 149: Timing violation in scope /top/bram_streamer_0/tile_idx_bram_0/addr_reg__11/TChk149_29054 at time 46755245 ps $setuphold (posedge C,negedge CE,(0:0:0),(0:0:0),notifier,ce_clk_enable_p,ce_clk_enable_p,C_dly,CE_dly)  $setup violation detected. Time: 46755245 ps, Data Event Time Stamp: 46755178 ps, Ref Event Time Stamp: 46755245 ps, Limit: 109 ps
WARNING: "C:/Xilinx/Vivado/2024.2/data/verilog/src/unisims/RAMB36E1.v" Line 1347: Timing violation in scope /top/bram_streamer_0/bram0/mem_reg/TChk1347_23798 at time 46855131 ps $setuphold (posedge CLKARDCLK,negedge ENARDEN,(0:0:0),(0:0:0),notifier_a,clkardclk_en_p,clkardclk_en_p,CLKARDCLK_delay,ENARDEN_delay)  $setup violation detected. Time: 46855131 ps, Data Event Time Stamp: 46854898 ps, Ref Event Time Stamp: 46855131 ps, Limit: 443 ps
WARNING: "C:/Xilinx/Vivado/2024.2/data/verilog/src/unisims/FDRE.v" Line 153: Timing violation in scope /top/bram_streamer_0/weight_bram_0/weight_fifo_push_reg/TChk153_29058 at time 47155400 ps $setuphold (posedge C,posedge D,(0:0:0),(0:0:0),notifier,in_clk_enable_p,in_clk_enable_p,C_dly,D_dly)  $setup violation detected. Time: 47155400 ps, Data Event Time Stamp: 47155400 ps, Ref Event Time Stamp: 47155204 ps, Limit: -45 ps
WARNING: "C:/Xilinx/Vivado/2024.2/data/verilog/src/unisims/FDRE.v" Line 153: Timing violation in scope /top/bram_streamer_0/weight_bram_0/weight_fifo_push_reg/TChk153_29058 at time 47155400 ps $setuphold (posedge C,posedge D,(0:0:0),(0:0:0),notifier,in_clk_enable_p,in_clk_enable_p,C_dly,D_dly)  $hold violation detected. Time: 47155400 ps, Ref Event Time Stamp: 47155204 ps, Data Event Time Stamp: 47155400 ps, Limit: 241 ps
WARNING: "C:/Xilinx/Vivado/2024.2/data/verilog/src/unisims/FDRE.v" Line 150: Timing violation in scope /top/bram_streamer_0/weight_bram_0/weight_fifo_push_reg/TChk150_29055 at time 47355381 ps $setuphold (posedge C,negedge D,(0:0:0),(0:0:0),notifier,in_clk_enable_p,in_clk_enable_p,C_dly,D_dly)  $setup violation detected. Time: 47355381 ps, Data Event Time Stamp: 47355381 ps, Ref Event Time Stamp: 47355204 ps, Limit: -45 ps
WARNING: "C:/Xilinx/Vivado/2024.2/data/verilog/src/unisims/FDRE.v" Line 150: Timing violation in scope /top/bram_streamer_0/weight_bram_0/weight_fifo_push_reg/TChk150_29055 at time 47355381 ps $setuphold (posedge C,negedge D,(0:0:0),(0:0:0),notifier,in_clk_enable_p,in_clk_enable_p,C_dly,D_dly)  $hold violation detected. Time: 47355381 ps, Ref Event Time Stamp: 47355204 ps, Data Event Time Stamp: 47355381 ps, Limit: 241 ps
WARNING: "C:/Xilinx/Vivado/2024.2/data/verilog/src/unisims/FDRE.v" Line 153: Timing violation in scope /top/bram_streamer_0/weight_bram_0/bram_en_reg/TChk153_29058 at time 47555394 ps $setuphold (posedge C,posedge D,(0:0:0),(0:0:0),notifier,in_clk_enable_p,in_clk_enable_p,C_dly,D_dly)  $setup violation detected. Time: 47555394 ps, Data Event Time Stamp: 47555394 ps, Ref Event Time Stamp: 47555198 ps, Limit: -45 ps
WARNING: "C:/Xilinx/Vivado/2024.2/data/verilog/src/unisims/FDRE.v" Line 153: Timing violation in scope /top/bram_streamer_0/weight_bram_0/bram_en_reg/TChk153_29058 at time 47555394 ps $setuphold (posedge C,posedge D,(0:0:0),(0:0:0),notifier,in_clk_enable_p,in_clk_enable_p,C_dly,D_dly)  $hold violation detected. Time: 47555394 ps, Ref Event Time Stamp: 47555198 ps, Data Event Time Stamp: 47555394 ps, Limit: 241 ps
WARNING: "C:/Xilinx/Vivado/2024.2/data/verilog/src/unisims/FDRE.v" Line 150: Timing violation in scope /top/bram_streamer_0/weight_bram_0/weight_fifo_push_reg/TChk150_29055 at time 47555400 ps $setuphold (posedge C,negedge D,(0:0:0),(0:0:0),notifier,in_clk_enable_p,in_clk_enable_p,C_dly,D_dly)  $setup violation detected. Time: 47555400 ps, Data Event Time Stamp: 47555400 ps, Ref Event Time Stamp: 47555204 ps, Limit: -45 ps
WARNING: "C:/Xilinx/Vivado/2024.2/data/verilog/src/unisims/FDRE.v" Line 150: Timing violation in scope /top/bram_streamer_0/weight_bram_0/weight_fifo_push_reg/TChk150_29055 at time 47555400 ps $setuphold (posedge C,negedge D,(0:0:0),(0:0:0),notifier,in_clk_enable_p,in_clk_enable_p,C_dly,D_dly)  $hold violation detected. Time: 47555400 ps, Ref Event Time Stamp: 47555204 ps, Data Event Time Stamp: 47555400 ps, Limit: 241 ps
WARNING: "C:/Xilinx/Vivado/2024.2/data/verilog/src/unisims/FDRE.v" Line 153: Timing violation in scope /top/bram_streamer_0/weight_bram_0/weight_fifo_push_reg/TChk153_29058 at time 47655400 ps $setuphold (posedge C,posedge D,(0:0:0),(0:0:0),notifier,in_clk_enable_p,in_clk_enable_p,C_dly,D_dly)  $setup violation detected. Time: 47655400 ps, Data Event Time Stamp: 47655400 ps, Ref Event Time Stamp: 47655204 ps, Limit: -45 ps
WARNING: "C:/Xilinx/Vivado/2024.2/data/verilog/src/unisims/FDRE.v" Line 153: Timing violation in scope /top/bram_streamer_0/weight_bram_0/weight_fifo_push_reg/TChk153_29058 at time 47655400 ps $setuphold (posedge C,posedge D,(0:0:0),(0:0:0),notifier,in_clk_enable_p,in_clk_enable_p,C_dly,D_dly)  $hold violation detected. Time: 47655400 ps, Ref Event Time Stamp: 47655204 ps, Data Event Time Stamp: 47655400 ps, Limit: 241 ps
WARNING: "C:/Xilinx/Vivado/2024.2/data/verilog/src/unisims/FDRE.v" Line 150: Timing violation in scope /top/bram_streamer_0/weight_bram_0/weight_fifo_push_reg/TChk150_29055 at time 47855381 ps $setuphold (posedge C,negedge D,(0:0:0),(0:0:0),notifier,in_clk_enable_p,in_clk_enable_p,C_dly,D_dly)  $setup violation detected. Time: 47855381 ps, Data Event Time Stamp: 47855381 ps, Ref Event Time Stamp: 47855204 ps, Limit: -45 ps
WARNING: "C:/Xilinx/Vivado/2024.2/data/verilog/src/unisims/FDRE.v" Line 150: Timing violation in scope /top/bram_streamer_0/weight_bram_0/weight_fifo_push_reg/TChk150_29055 at time 47855381 ps $setuphold (posedge C,negedge D,(0:0:0),(0:0:0),notifier,in_clk_enable_p,in_clk_enable_p,C_dly,D_dly)  $hold violation detected. Time: 47855381 ps, Ref Event Time Stamp: 47855204 ps, Data Event Time Stamp: 47855381 ps, Limit: 241 ps
WARNING: "C:/Xilinx/Vivado/2024.2/data/verilog/src/unisims/FDRE.v" Line 153: Timing violation in scope /top/bram_streamer_0/weight_bram_0/bram_en_reg/TChk153_29058 at time 49455394 ps $setuphold (posedge C,posedge D,(0:0:0),(0:0:0),notifier,in_clk_enable_p,in_clk_enable_p,C_dly,D_dly)  $setup violation detected. Time: 49455394 ps, Data Event Time Stamp: 49455394 ps, Ref Event Time Stamp: 49455198 ps, Limit: -45 ps
WARNING: "C:/Xilinx/Vivado/2024.2/data/verilog/src/unisims/FDRE.v" Line 153: Timing violation in scope /top/bram_streamer_0/weight_bram_0/bram_en_reg/TChk153_29058 at time 49455394 ps $setuphold (posedge C,posedge D,(0:0:0),(0:0:0),notifier,in_clk_enable_p,in_clk_enable_p,C_dly,D_dly)  $hold violation detected. Time: 49455394 ps, Ref Event Time Stamp: 49455198 ps, Data Event Time Stamp: 49455394 ps, Limit: 241 ps
WARNING: "C:/Xilinx/Vivado/2024.2/data/verilog/src/unisims/FDRE.v" Line 150: Timing violation in scope /top/bram_streamer_0/weight_bram_0/weight_fifo_push_reg/TChk150_29055 at time 49455400 ps $setuphold (posedge C,negedge D,(0:0:0),(0:0:0),notifier,in_clk_enable_p,in_clk_enable_p,C_dly,D_dly)  $setup violation detected. Time: 49455400 ps, Data Event Time Stamp: 49455400 ps, Ref Event Time Stamp: 49455204 ps, Limit: -45 ps
WARNING: "C:/Xilinx/Vivado/2024.2/data/verilog/src/unisims/FDRE.v" Line 150: Timing violation in scope /top/bram_streamer_0/weight_bram_0/weight_fifo_push_reg/TChk150_29055 at time 49455400 ps $setuphold (posedge C,negedge D,(0:0:0),(0:0:0),notifier,in_clk_enable_p,in_clk_enable_p,C_dly,D_dly)  $hold violation detected. Time: 49455400 ps, Ref Event Time Stamp: 49455204 ps, Data Event Time Stamp: 49455400 ps, Limit: 241 ps
WARNING: "C:/Xilinx/Vivado/2024.2/data/verilog/src/unisims/RAMB18E1.v" Line 989: Timing violation in scope /top/bram_streamer_0/bram1/mem_reg/TChk989_24102 at time 49755131 ps $setuphold (posedge CLKARDCLK,posedge REGCEAREGCE,(0:0:0),(0:0:0),notifier_a,clkardclk_en_p,clkardclk_en_p,CLKARDCLK_delay,REGCEAREGCE_delay)  $setup violation detected. Time: 49755131 ps, Data Event Time Stamp: 49754885 ps, Ref Event Time Stamp: 49755131 ps, Limit: 360 ps
WARNING: "C:/Xilinx/Vivado/2024.2/data/verilog/src/unisims/RAMB18E1.v" Line 990: Timing violation in scope /top/bram_streamer_0/bram1/mem_reg/TChk990_24103 at time 49855131 ps $setuphold (posedge CLKARDCLK,negedge REGCEAREGCE,(0:0:0),(0:0:0),notifier_a,clkardclk_en_p,clkardclk_en_p,CLKARDCLK_delay,REGCEAREGCE_delay)  $setup violation detected. Time: 49855131 ps, Data Event Time Stamp: 49854925 ps, Ref Event Time Stamp: 49855131 ps, Limit: 360 ps
WARNING: "C:/Xilinx/Vivado/2024.2/data/verilog/src/unisims/FDRE.v" Line 153: Timing violation in scope /top/bram_streamer_0/lif_bram_0/mem_done_reg/TChk153_29058 at time 49855447 ps $setuphold (posedge C,posedge D,(0:0:0),(0:0:0),notifier,in_clk_enable_p,in_clk_enable_p,C_dly,D_dly)  $setup violation detected. Time: 49855447 ps, Data Event Time Stamp: 49855447 ps, Ref Event Time Stamp: 49855245 ps, Limit: -60 ps
WARNING: "C:/Xilinx/Vivado/2024.2/data/verilog/src/unisims/FDRE.v" Line 153: Timing violation in scope /top/bram_streamer_0/lif_bram_0/mem_done_reg/TChk153_29058 at time 49855447 ps $setuphold (posedge C,posedge D,(0:0:0),(0:0:0),notifier,in_clk_enable_p,in_clk_enable_p,C_dly,D_dly)  $hold violation detected. Time: 49855447 ps, Ref Event Time Stamp: 49855245 ps, Data Event Time Stamp: 49855447 ps, Limit: 241 ps
WARNING: "C:/Xilinx/Vivado/2024.2/data/verilog/src/unisims/FDRE.v" Line 150: Timing violation in scope /top/bram_streamer_0/lif_bram_0/mem_done_reg/TChk150_29055 at time 49955447 ps $setuphold (posedge C,negedge D,(0:0:0),(0:0:0),notifier,in_clk_enable_p,in_clk_enable_p,C_dly,D_dly)  $setup violation detected. Time: 49955447 ps, Data Event Time Stamp: 49955447 ps, Ref Event Time Stamp: 49955245 ps, Limit: -60 ps
WARNING: "C:/Xilinx/Vivado/2024.2/data/verilog/src/unisims/FDRE.v" Line 150: Timing violation in scope /top/bram_streamer_0/lif_bram_0/mem_done_reg/TChk150_29055 at time 49955447 ps $setuphold (posedge C,negedge D,(0:0:0),(0:0:0),notifier,in_clk_enable_p,in_clk_enable_p,C_dly,D_dly)  $hold violation detected. Time: 49955447 ps, Ref Event Time Stamp: 49955245 ps, Data Event Time Stamp: 49955447 ps, Limit: 241 ps
WARNING: "C:/Xilinx/Vivado/2024.2/data/verilog/src/unisims/FDRE.v" Line 152: Timing violation in scope /top/bram_streamer_0/tile_idx_bram_0/addr_reg__11/TChk152_29057 at time 50555245 ps $setuphold (posedge C,posedge CE,(0:0:0),(0:0:0),notifier,ce_clk_enable_p,ce_clk_enable_p,C_dly,CE_dly)  $hold violation detected. Time: 50555245 ps, Ref Event Time Stamp: 50555245 ps, Data Event Time Stamp: 50555178 ps, Limit: -5 ps
WARNING: "C:/Xilinx/Vivado/2024.2/data/verilog/src/unisims/FDRE.v" Line 152: Timing violation in scope /top/bram_streamer_0/tile_idx_bram_0/addr_reg__11/TChk152_29057 at time 50555245 ps $setuphold (posedge C,posedge CE,(0:0:0),(0:0:0),notifier,ce_clk_enable_p,ce_clk_enable_p,C_dly,CE_dly)  $setup violation detected. Time: 50555245 ps, Data Event Time Stamp: 50555178 ps, Ref Event Time Stamp: 50555245 ps, Limit: 109 ps
WARNING: "C:/Xilinx/Vivado/2024.2/data/verilog/src/unisims/RAMB36E1.v" Line 1347: Timing violation in scope /top/bram_streamer_0/bram0/mem_reg/TChk1347_23798 at time 50755131 ps $setuphold (posedge CLKARDCLK,negedge ENARDEN,(0:0:0),(0:0:0),notifier_a,clkardclk_en_p,clkardclk_en_p,CLKARDCLK_delay,ENARDEN_delay)  $setup violation detected. Time: 50755131 ps, Data Event Time Stamp: 50754898 ps, Ref Event Time Stamp: 50755131 ps, Limit: 443 ps
WARNING: "C:/Xilinx/Vivado/2024.2/data/verilog/src/unisims/FDRE.v" Line 153: Timing violation in scope /top/bram_streamer_0/weight_bram_0/weight_fifo_push_reg/TChk153_29058 at time 51055400 ps $setuphold (posedge C,posedge D,(0:0:0),(0:0:0),notifier,in_clk_enable_p,in_clk_enable_p,C_dly,D_dly)  $setup violation detected. Time: 51055400 ps, Data Event Time Stamp: 51055400 ps, Ref Event Time Stamp: 51055204 ps, Limit: -45 ps
WARNING: "C:/Xilinx/Vivado/2024.2/data/verilog/src/unisims/FDRE.v" Line 153: Timing violation in scope /top/bram_streamer_0/weight_bram_0/weight_fifo_push_reg/TChk153_29058 at time 51055400 ps $setuphold (posedge C,posedge D,(0:0:0),(0:0:0),notifier,in_clk_enable_p,in_clk_enable_p,C_dly,D_dly)  $hold violation detected. Time: 51055400 ps, Ref Event Time Stamp: 51055204 ps, Data Event Time Stamp: 51055400 ps, Limit: 241 ps
WARNING: "C:/Xilinx/Vivado/2024.2/data/verilog/src/unisims/FDRE.v" Line 150: Timing violation in scope /top/bram_streamer_0/weight_bram_0/weight_fifo_push_reg/TChk150_29055 at time 51255381 ps $setuphold (posedge C,negedge D,(0:0:0),(0:0:0),notifier,in_clk_enable_p,in_clk_enable_p,C_dly,D_dly)  $setup violation detected. Time: 51255381 ps, Data Event Time Stamp: 51255381 ps, Ref Event Time Stamp: 51255204 ps, Limit: -45 ps
WARNING: "C:/Xilinx/Vivado/2024.2/data/verilog/src/unisims/FDRE.v" Line 150: Timing violation in scope /top/bram_streamer_0/weight_bram_0/weight_fifo_push_reg/TChk150_29055 at time 51255381 ps $setuphold (posedge C,negedge D,(0:0:0),(0:0:0),notifier,in_clk_enable_p,in_clk_enable_p,C_dly,D_dly)  $hold violation detected. Time: 51255381 ps, Ref Event Time Stamp: 51255204 ps, Data Event Time Stamp: 51255381 ps, Limit: 241 ps
WARNING: "C:/Xilinx/Vivado/2024.2/data/verilog/src/unisims/FDRE.v" Line 153: Timing violation in scope /top/bram_streamer_0/weight_bram_0/bram_en_reg/TChk153_29058 at time 51455394 ps $setuphold (posedge C,posedge D,(0:0:0),(0:0:0),notifier,in_clk_enable_p,in_clk_enable_p,C_dly,D_dly)  $setup violation detected. Time: 51455394 ps, Data Event Time Stamp: 51455394 ps, Ref Event Time Stamp: 51455198 ps, Limit: -45 ps
WARNING: "C:/Xilinx/Vivado/2024.2/data/verilog/src/unisims/FDRE.v" Line 153: Timing violation in scope /top/bram_streamer_0/weight_bram_0/bram_en_reg/TChk153_29058 at time 51455394 ps $setuphold (posedge C,posedge D,(0:0:0),(0:0:0),notifier,in_clk_enable_p,in_clk_enable_p,C_dly,D_dly)  $hold violation detected. Time: 51455394 ps, Ref Event Time Stamp: 51455198 ps, Data Event Time Stamp: 51455394 ps, Limit: 241 ps
WARNING: "C:/Xilinx/Vivado/2024.2/data/verilog/src/unisims/FDRE.v" Line 150: Timing violation in scope /top/bram_streamer_0/weight_bram_0/weight_fifo_push_reg/TChk150_29055 at time 51455400 ps $setuphold (posedge C,negedge D,(0:0:0),(0:0:0),notifier,in_clk_enable_p,in_clk_enable_p,C_dly,D_dly)  $setup violation detected. Time: 51455400 ps, Data Event Time Stamp: 51455400 ps, Ref Event Time Stamp: 51455204 ps, Limit: -45 ps
WARNING: "C:/Xilinx/Vivado/2024.2/data/verilog/src/unisims/FDRE.v" Line 150: Timing violation in scope /top/bram_streamer_0/weight_bram_0/weight_fifo_push_reg/TChk150_29055 at time 51455400 ps $setuphold (posedge C,negedge D,(0:0:0),(0:0:0),notifier,in_clk_enable_p,in_clk_enable_p,C_dly,D_dly)  $hold violation detected. Time: 51455400 ps, Ref Event Time Stamp: 51455204 ps, Data Event Time Stamp: 51455400 ps, Limit: 241 ps
WARNING: "C:/Xilinx/Vivado/2024.2/data/verilog/src/unisims/FDRE.v" Line 153: Timing violation in scope /top/bram_streamer_0/weight_bram_0/weight_fifo_push_reg/TChk153_29058 at time 51555400 ps $setuphold (posedge C,posedge D,(0:0:0),(0:0:0),notifier,in_clk_enable_p,in_clk_enable_p,C_dly,D_dly)  $setup violation detected. Time: 51555400 ps, Data Event Time Stamp: 51555400 ps, Ref Event Time Stamp: 51555204 ps, Limit: -45 ps
WARNING: "C:/Xilinx/Vivado/2024.2/data/verilog/src/unisims/FDRE.v" Line 153: Timing violation in scope /top/bram_streamer_0/weight_bram_0/weight_fifo_push_reg/TChk153_29058 at time 51555400 ps $setuphold (posedge C,posedge D,(0:0:0),(0:0:0),notifier,in_clk_enable_p,in_clk_enable_p,C_dly,D_dly)  $hold violation detected. Time: 51555400 ps, Ref Event Time Stamp: 51555204 ps, Data Event Time Stamp: 51555400 ps, Limit: 241 ps
WARNING: "C:/Xilinx/Vivado/2024.2/data/verilog/src/unisims/FDRE.v" Line 150: Timing violation in scope /top/bram_streamer_0/weight_bram_0/weight_fifo_push_reg/TChk150_29055 at time 51755381 ps $setuphold (posedge C,negedge D,(0:0:0),(0:0:0),notifier,in_clk_enable_p,in_clk_enable_p,C_dly,D_dly)  $setup violation detected. Time: 51755381 ps, Data Event Time Stamp: 51755381 ps, Ref Event Time Stamp: 51755204 ps, Limit: -45 ps
WARNING: "C:/Xilinx/Vivado/2024.2/data/verilog/src/unisims/FDRE.v" Line 150: Timing violation in scope /top/bram_streamer_0/weight_bram_0/weight_fifo_push_reg/TChk150_29055 at time 51755381 ps $setuphold (posedge C,negedge D,(0:0:0),(0:0:0),notifier,in_clk_enable_p,in_clk_enable_p,C_dly,D_dly)  $hold violation detected. Time: 51755381 ps, Ref Event Time Stamp: 51755204 ps, Data Event Time Stamp: 51755381 ps, Limit: 241 ps
WARNING: "C:/Xilinx/Vivado/2024.2/data/verilog/src/unisims/FDRE.v" Line 153: Timing violation in scope /top/bram_streamer_0/weight_bram_0/bram_en_reg/TChk153_29058 at time 53355394 ps $setuphold (posedge C,posedge D,(0:0:0),(0:0:0),notifier,in_clk_enable_p,in_clk_enable_p,C_dly,D_dly)  $setup violation detected. Time: 53355394 ps, Data Event Time Stamp: 53355394 ps, Ref Event Time Stamp: 53355198 ps, Limit: -45 ps
WARNING: "C:/Xilinx/Vivado/2024.2/data/verilog/src/unisims/FDRE.v" Line 153: Timing violation in scope /top/bram_streamer_0/weight_bram_0/bram_en_reg/TChk153_29058 at time 53355394 ps $setuphold (posedge C,posedge D,(0:0:0),(0:0:0),notifier,in_clk_enable_p,in_clk_enable_p,C_dly,D_dly)  $hold violation detected. Time: 53355394 ps, Ref Event Time Stamp: 53355198 ps, Data Event Time Stamp: 53355394 ps, Limit: 241 ps
WARNING: "C:/Xilinx/Vivado/2024.2/data/verilog/src/unisims/FDRE.v" Line 150: Timing violation in scope /top/bram_streamer_0/weight_bram_0/weight_fifo_push_reg/TChk150_29055 at time 53355400 ps $setuphold (posedge C,negedge D,(0:0:0),(0:0:0),notifier,in_clk_enable_p,in_clk_enable_p,C_dly,D_dly)  $setup violation detected. Time: 53355400 ps, Data Event Time Stamp: 53355400 ps, Ref Event Time Stamp: 53355204 ps, Limit: -45 ps
WARNING: "C:/Xilinx/Vivado/2024.2/data/verilog/src/unisims/FDRE.v" Line 150: Timing violation in scope /top/bram_streamer_0/weight_bram_0/weight_fifo_push_reg/TChk150_29055 at time 53355400 ps $setuphold (posedge C,negedge D,(0:0:0),(0:0:0),notifier,in_clk_enable_p,in_clk_enable_p,C_dly,D_dly)  $hold violation detected. Time: 53355400 ps, Ref Event Time Stamp: 53355204 ps, Data Event Time Stamp: 53355400 ps, Limit: 241 ps
WARNING: "C:/Xilinx/Vivado/2024.2/data/verilog/src/unisims/RAMB18E1.v" Line 989: Timing violation in scope /top/bram_streamer_0/bram1/mem_reg/TChk989_24102 at time 53655131 ps $setuphold (posedge CLKARDCLK,posedge REGCEAREGCE,(0:0:0),(0:0:0),notifier_a,clkardclk_en_p,clkardclk_en_p,CLKARDCLK_delay,REGCEAREGCE_delay)  $setup violation detected. Time: 53655131 ps, Data Event Time Stamp: 53654885 ps, Ref Event Time Stamp: 53655131 ps, Limit: 360 ps
WARNING: "C:/Xilinx/Vivado/2024.2/data/verilog/src/unisims/RAMB18E1.v" Line 990: Timing violation in scope /top/bram_streamer_0/bram1/mem_reg/TChk990_24103 at time 53755131 ps $setuphold (posedge CLKARDCLK,negedge REGCEAREGCE,(0:0:0),(0:0:0),notifier_a,clkardclk_en_p,clkardclk_en_p,CLKARDCLK_delay,REGCEAREGCE_delay)  $setup violation detected. Time: 53755131 ps, Data Event Time Stamp: 53754925 ps, Ref Event Time Stamp: 53755131 ps, Limit: 360 ps
WARNING: "C:/Xilinx/Vivado/2024.2/data/verilog/src/unisims/FDRE.v" Line 153: Timing violation in scope /top/bram_streamer_0/lif_bram_0/mem_done_reg/TChk153_29058 at time 53755447 ps $setuphold (posedge C,posedge D,(0:0:0),(0:0:0),notifier,in_clk_enable_p,in_clk_enable_p,C_dly,D_dly)  $setup violation detected. Time: 53755447 ps, Data Event Time Stamp: 53755447 ps, Ref Event Time Stamp: 53755245 ps, Limit: -60 ps
WARNING: "C:/Xilinx/Vivado/2024.2/data/verilog/src/unisims/FDRE.v" Line 153: Timing violation in scope /top/bram_streamer_0/lif_bram_0/mem_done_reg/TChk153_29058 at time 53755447 ps $setuphold (posedge C,posedge D,(0:0:0),(0:0:0),notifier,in_clk_enable_p,in_clk_enable_p,C_dly,D_dly)  $hold violation detected. Time: 53755447 ps, Ref Event Time Stamp: 53755245 ps, Data Event Time Stamp: 53755447 ps, Limit: 241 ps
WARNING: "C:/Xilinx/Vivado/2024.2/data/verilog/src/unisims/FDRE.v" Line 150: Timing violation in scope /top/bram_streamer_0/lif_bram_0/mem_done_reg/TChk150_29055 at time 53855447 ps $setuphold (posedge C,negedge D,(0:0:0),(0:0:0),notifier,in_clk_enable_p,in_clk_enable_p,C_dly,D_dly)  $setup violation detected. Time: 53855447 ps, Data Event Time Stamp: 53855447 ps, Ref Event Time Stamp: 53855245 ps, Limit: -60 ps
WARNING: "C:/Xilinx/Vivado/2024.2/data/verilog/src/unisims/FDRE.v" Line 150: Timing violation in scope /top/bram_streamer_0/lif_bram_0/mem_done_reg/TChk150_29055 at time 53855447 ps $setuphold (posedge C,negedge D,(0:0:0),(0:0:0),notifier,in_clk_enable_p,in_clk_enable_p,C_dly,D_dly)  $hold violation detected. Time: 53855447 ps, Ref Event Time Stamp: 53855245 ps, Data Event Time Stamp: 53855447 ps, Limit: 241 ps
WARNING: "C:/Xilinx/Vivado/2024.2/data/verilog/src/unisims/FDRE.v" Line 150: Timing violation in scope /top/bram_streamer_0/tile_idx_bram_0/addr_reg__11/TChk150_29055 at time 54455383 ps $setuphold (posedge C,negedge D,(0:0:0),(0:0:0),notifier,in_clk_enable_p,in_clk_enable_p,C_dly,D_dly)  $setup violation detected. Time: 54455383 ps, Data Event Time Stamp: 54455383 ps, Ref Event Time Stamp: 54455245 ps, Limit: -60 ps
WARNING: "C:/Xilinx/Vivado/2024.2/data/verilog/src/unisims/FDRE.v" Line 150: Timing violation in scope /top/bram_streamer_0/tile_idx_bram_0/addr_reg__11/TChk150_29055 at time 54455383 ps $setuphold (posedge C,negedge D,(0:0:0),(0:0:0),notifier,in_clk_enable_p,in_clk_enable_p,C_dly,D_dly)  $hold violation detected. Time: 54455383 ps, Ref Event Time Stamp: 54455245 ps, Data Event Time Stamp: 54455383 ps, Limit: 262 ps
WARNING: "C:/Xilinx/Vivado/2024.2/data/verilog/src/unisims/FDRE.v" Line 149: Timing violation in scope /top/bram_streamer_0/tile_idx_bram_0/addr_reg__11/TChk149_29054 at time 54555245 ps $setuphold (posedge C,negedge CE,(0:0:0),(0:0:0),notifier,ce_clk_enable_p,ce_clk_enable_p,C_dly,CE_dly)  $hold violation detected. Time: 54555245 ps, Ref Event Time Stamp: 54555245 ps, Data Event Time Stamp: 54555178 ps, Limit: -5 ps
WARNING: "C:/Xilinx/Vivado/2024.2/data/verilog/src/unisims/FDRE.v" Line 149: Timing violation in scope /top/bram_streamer_0/tile_idx_bram_0/addr_reg__11/TChk149_29054 at time 54555245 ps $setuphold (posedge C,negedge CE,(0:0:0),(0:0:0),notifier,ce_clk_enable_p,ce_clk_enable_p,C_dly,CE_dly)  $setup violation detected. Time: 54555245 ps, Data Event Time Stamp: 54555178 ps, Ref Event Time Stamp: 54555245 ps, Limit: 109 ps
WARNING: "C:/Xilinx/Vivado/2024.2/data/verilog/src/unisims/RAMB36E1.v" Line 1347: Timing violation in scope /top/bram_streamer_0/bram0/mem_reg/TChk1347_23798 at time 54655131 ps $setuphold (posedge CLKARDCLK,negedge ENARDEN,(0:0:0),(0:0:0),notifier_a,clkardclk_en_p,clkardclk_en_p,CLKARDCLK_delay,ENARDEN_delay)  $setup violation detected. Time: 54655131 ps, Data Event Time Stamp: 54654898 ps, Ref Event Time Stamp: 54655131 ps, Limit: 443 ps
WARNING: "C:/Xilinx/Vivado/2024.2/data/verilog/src/unisims/FDRE.v" Line 153: Timing violation in scope /top/bram_streamer_0/weight_bram_0/weight_fifo_push_reg/TChk153_29058 at time 54955400 ps $setuphold (posedge C,posedge D,(0:0:0),(0:0:0),notifier,in_clk_enable_p,in_clk_enable_p,C_dly,D_dly)  $setup violation detected. Time: 54955400 ps, Data Event Time Stamp: 54955400 ps, Ref Event Time Stamp: 54955204 ps, Limit: -45 ps
WARNING: "C:/Xilinx/Vivado/2024.2/data/verilog/src/unisims/FDRE.v" Line 153: Timing violation in scope /top/bram_streamer_0/weight_bram_0/weight_fifo_push_reg/TChk153_29058 at time 54955400 ps $setuphold (posedge C,posedge D,(0:0:0),(0:0:0),notifier,in_clk_enable_p,in_clk_enable_p,C_dly,D_dly)  $hold violation detected. Time: 54955400 ps, Ref Event Time Stamp: 54955204 ps, Data Event Time Stamp: 54955400 ps, Limit: 241 ps
WARNING: "C:/Xilinx/Vivado/2024.2/data/verilog/src/unisims/FDRE.v" Line 150: Timing violation in scope /top/bram_streamer_0/weight_bram_0/weight_fifo_push_reg/TChk150_29055 at time 55155381 ps $setuphold (posedge C,negedge D,(0:0:0),(0:0:0),notifier,in_clk_enable_p,in_clk_enable_p,C_dly,D_dly)  $setup violation detected. Time: 55155381 ps, Data Event Time Stamp: 55155381 ps, Ref Event Time Stamp: 55155204 ps, Limit: -45 ps
WARNING: "C:/Xilinx/Vivado/2024.2/data/verilog/src/unisims/FDRE.v" Line 150: Timing violation in scope /top/bram_streamer_0/weight_bram_0/weight_fifo_push_reg/TChk150_29055 at time 55155381 ps $setuphold (posedge C,negedge D,(0:0:0),(0:0:0),notifier,in_clk_enable_p,in_clk_enable_p,C_dly,D_dly)  $hold violation detected. Time: 55155381 ps, Ref Event Time Stamp: 55155204 ps, Data Event Time Stamp: 55155381 ps, Limit: 241 ps
WARNING: "C:/Xilinx/Vivado/2024.2/data/verilog/src/unisims/FDRE.v" Line 153: Timing violation in scope /top/bram_streamer_0/weight_bram_0/bram_en_reg/TChk153_29058 at time 55355394 ps $setuphold (posedge C,posedge D,(0:0:0),(0:0:0),notifier,in_clk_enable_p,in_clk_enable_p,C_dly,D_dly)  $setup violation detected. Time: 55355394 ps, Data Event Time Stamp: 55355394 ps, Ref Event Time Stamp: 55355198 ps, Limit: -45 ps
WARNING: "C:/Xilinx/Vivado/2024.2/data/verilog/src/unisims/FDRE.v" Line 153: Timing violation in scope /top/bram_streamer_0/weight_bram_0/bram_en_reg/TChk153_29058 at time 55355394 ps $setuphold (posedge C,posedge D,(0:0:0),(0:0:0),notifier,in_clk_enable_p,in_clk_enable_p,C_dly,D_dly)  $hold violation detected. Time: 55355394 ps, Ref Event Time Stamp: 55355198 ps, Data Event Time Stamp: 55355394 ps, Limit: 241 ps
WARNING: "C:/Xilinx/Vivado/2024.2/data/verilog/src/unisims/FDRE.v" Line 150: Timing violation in scope /top/bram_streamer_0/weight_bram_0/weight_fifo_push_reg/TChk150_29055 at time 55355400 ps $setuphold (posedge C,negedge D,(0:0:0),(0:0:0),notifier,in_clk_enable_p,in_clk_enable_p,C_dly,D_dly)  $setup violation detected. Time: 55355400 ps, Data Event Time Stamp: 55355400 ps, Ref Event Time Stamp: 55355204 ps, Limit: -45 ps
WARNING: "C:/Xilinx/Vivado/2024.2/data/verilog/src/unisims/FDRE.v" Line 150: Timing violation in scope /top/bram_streamer_0/weight_bram_0/weight_fifo_push_reg/TChk150_29055 at time 55355400 ps $setuphold (posedge C,negedge D,(0:0:0),(0:0:0),notifier,in_clk_enable_p,in_clk_enable_p,C_dly,D_dly)  $hold violation detected. Time: 55355400 ps, Ref Event Time Stamp: 55355204 ps, Data Event Time Stamp: 55355400 ps, Limit: 241 ps
WARNING: "C:/Xilinx/Vivado/2024.2/data/verilog/src/unisims/FDRE.v" Line 153: Timing violation in scope /top/bram_streamer_0/weight_bram_0/weight_fifo_push_reg/TChk153_29058 at time 55455400 ps $setuphold (posedge C,posedge D,(0:0:0),(0:0:0),notifier,in_clk_enable_p,in_clk_enable_p,C_dly,D_dly)  $setup violation detected. Time: 55455400 ps, Data Event Time Stamp: 55455400 ps, Ref Event Time Stamp: 55455204 ps, Limit: -45 ps
WARNING: "C:/Xilinx/Vivado/2024.2/data/verilog/src/unisims/FDRE.v" Line 153: Timing violation in scope /top/bram_streamer_0/weight_bram_0/weight_fifo_push_reg/TChk153_29058 at time 55455400 ps $setuphold (posedge C,posedge D,(0:0:0),(0:0:0),notifier,in_clk_enable_p,in_clk_enable_p,C_dly,D_dly)  $hold violation detected. Time: 55455400 ps, Ref Event Time Stamp: 55455204 ps, Data Event Time Stamp: 55455400 ps, Limit: 241 ps
WARNING: "C:/Xilinx/Vivado/2024.2/data/verilog/src/unisims/FDRE.v" Line 150: Timing violation in scope /top/bram_streamer_0/weight_bram_0/weight_fifo_push_reg/TChk150_29055 at time 55655381 ps $setuphold (posedge C,negedge D,(0:0:0),(0:0:0),notifier,in_clk_enable_p,in_clk_enable_p,C_dly,D_dly)  $setup violation detected. Time: 55655381 ps, Data Event Time Stamp: 55655381 ps, Ref Event Time Stamp: 55655204 ps, Limit: -45 ps
WARNING: "C:/Xilinx/Vivado/2024.2/data/verilog/src/unisims/FDRE.v" Line 150: Timing violation in scope /top/bram_streamer_0/weight_bram_0/weight_fifo_push_reg/TChk150_29055 at time 55655381 ps $setuphold (posedge C,negedge D,(0:0:0),(0:0:0),notifier,in_clk_enable_p,in_clk_enable_p,C_dly,D_dly)  $hold violation detected. Time: 55655381 ps, Ref Event Time Stamp: 55655204 ps, Data Event Time Stamp: 55655381 ps, Limit: 241 ps
WARNING: "C:/Xilinx/Vivado/2024.2/data/verilog/src/unisims/FDRE.v" Line 153: Timing violation in scope /top/bram_streamer_0/weight_bram_0/bram_en_reg/TChk153_29058 at time 57255394 ps $setuphold (posedge C,posedge D,(0:0:0),(0:0:0),notifier,in_clk_enable_p,in_clk_enable_p,C_dly,D_dly)  $setup violation detected. Time: 57255394 ps, Data Event Time Stamp: 57255394 ps, Ref Event Time Stamp: 57255198 ps, Limit: -45 ps
WARNING: "C:/Xilinx/Vivado/2024.2/data/verilog/src/unisims/FDRE.v" Line 153: Timing violation in scope /top/bram_streamer_0/weight_bram_0/bram_en_reg/TChk153_29058 at time 57255394 ps $setuphold (posedge C,posedge D,(0:0:0),(0:0:0),notifier,in_clk_enable_p,in_clk_enable_p,C_dly,D_dly)  $hold violation detected. Time: 57255394 ps, Ref Event Time Stamp: 57255198 ps, Data Event Time Stamp: 57255394 ps, Limit: 241 ps
WARNING: "C:/Xilinx/Vivado/2024.2/data/verilog/src/unisims/FDRE.v" Line 150: Timing violation in scope /top/bram_streamer_0/weight_bram_0/weight_fifo_push_reg/TChk150_29055 at time 57255400 ps $setuphold (posedge C,negedge D,(0:0:0),(0:0:0),notifier,in_clk_enable_p,in_clk_enable_p,C_dly,D_dly)  $setup violation detected. Time: 57255400 ps, Data Event Time Stamp: 57255400 ps, Ref Event Time Stamp: 57255204 ps, Limit: -45 ps
WARNING: "C:/Xilinx/Vivado/2024.2/data/verilog/src/unisims/FDRE.v" Line 150: Timing violation in scope /top/bram_streamer_0/weight_bram_0/weight_fifo_push_reg/TChk150_29055 at time 57255400 ps $setuphold (posedge C,negedge D,(0:0:0),(0:0:0),notifier,in_clk_enable_p,in_clk_enable_p,C_dly,D_dly)  $hold violation detected. Time: 57255400 ps, Ref Event Time Stamp: 57255204 ps, Data Event Time Stamp: 57255400 ps, Limit: 241 ps
WARNING: "C:/Xilinx/Vivado/2024.2/data/verilog/src/unisims/RAMB18E1.v" Line 989: Timing violation in scope /top/bram_streamer_0/bram1/mem_reg/TChk989_24102 at time 57555131 ps $setuphold (posedge CLKARDCLK,posedge REGCEAREGCE,(0:0:0),(0:0:0),notifier_a,clkardclk_en_p,clkardclk_en_p,CLKARDCLK_delay,REGCEAREGCE_delay)  $setup violation detected. Time: 57555131 ps, Data Event Time Stamp: 57554885 ps, Ref Event Time Stamp: 57555131 ps, Limit: 360 ps
WARNING: "C:/Xilinx/Vivado/2024.2/data/verilog/src/unisims/RAMB18E1.v" Line 990: Timing violation in scope /top/bram_streamer_0/bram1/mem_reg/TChk990_24103 at time 57655131 ps $setuphold (posedge CLKARDCLK,negedge REGCEAREGCE,(0:0:0),(0:0:0),notifier_a,clkardclk_en_p,clkardclk_en_p,CLKARDCLK_delay,REGCEAREGCE_delay)  $setup violation detected. Time: 57655131 ps, Data Event Time Stamp: 57654925 ps, Ref Event Time Stamp: 57655131 ps, Limit: 360 ps
WARNING: "C:/Xilinx/Vivado/2024.2/data/verilog/src/unisims/FDRE.v" Line 153: Timing violation in scope /top/bram_streamer_0/lif_bram_0/mem_done_reg/TChk153_29058 at time 57655447 ps $setuphold (posedge C,posedge D,(0:0:0),(0:0:0),notifier,in_clk_enable_p,in_clk_enable_p,C_dly,D_dly)  $setup violation detected. Time: 57655447 ps, Data Event Time Stamp: 57655447 ps, Ref Event Time Stamp: 57655245 ps, Limit: -60 ps
WARNING: "C:/Xilinx/Vivado/2024.2/data/verilog/src/unisims/FDRE.v" Line 153: Timing violation in scope /top/bram_streamer_0/lif_bram_0/mem_done_reg/TChk153_29058 at time 57655447 ps $setuphold (posedge C,posedge D,(0:0:0),(0:0:0),notifier,in_clk_enable_p,in_clk_enable_p,C_dly,D_dly)  $hold violation detected. Time: 57655447 ps, Ref Event Time Stamp: 57655245 ps, Data Event Time Stamp: 57655447 ps, Limit: 241 ps
WARNING: "C:/Xilinx/Vivado/2024.2/data/verilog/src/unisims/FDRE.v" Line 150: Timing violation in scope /top/bram_streamer_0/lif_bram_0/mem_done_reg/TChk150_29055 at time 57755447 ps $setuphold (posedge C,negedge D,(0:0:0),(0:0:0),notifier,in_clk_enable_p,in_clk_enable_p,C_dly,D_dly)  $setup violation detected. Time: 57755447 ps, Data Event Time Stamp: 57755447 ps, Ref Event Time Stamp: 57755245 ps, Limit: -60 ps
WARNING: "C:/Xilinx/Vivado/2024.2/data/verilog/src/unisims/FDRE.v" Line 150: Timing violation in scope /top/bram_streamer_0/lif_bram_0/mem_done_reg/TChk150_29055 at time 57755447 ps $setuphold (posedge C,negedge D,(0:0:0),(0:0:0),notifier,in_clk_enable_p,in_clk_enable_p,C_dly,D_dly)  $hold violation detected. Time: 57755447 ps, Ref Event Time Stamp: 57755245 ps, Data Event Time Stamp: 57755447 ps, Limit: 241 ps
WARNING: "C:/Xilinx/Vivado/2024.2/data/verilog/src/unisims/FDRE.v" Line 152: Timing violation in scope /top/bram_streamer_0/tile_idx_bram_0/addr_reg__11/TChk152_29057 at time 58355245 ps $setuphold (posedge C,posedge CE,(0:0:0),(0:0:0),notifier,ce_clk_enable_p,ce_clk_enable_p,C_dly,CE_dly)  $hold violation detected. Time: 58355245 ps, Ref Event Time Stamp: 58355245 ps, Data Event Time Stamp: 58355178 ps, Limit: -5 ps
WARNING: "C:/Xilinx/Vivado/2024.2/data/verilog/src/unisims/FDRE.v" Line 152: Timing violation in scope /top/bram_streamer_0/tile_idx_bram_0/addr_reg__11/TChk152_29057 at time 58355245 ps $setuphold (posedge C,posedge CE,(0:0:0),(0:0:0),notifier,ce_clk_enable_p,ce_clk_enable_p,C_dly,CE_dly)  $setup violation detected. Time: 58355245 ps, Data Event Time Stamp: 58355178 ps, Ref Event Time Stamp: 58355245 ps, Limit: 109 ps
WARNING: "C:/Xilinx/Vivado/2024.2/data/verilog/src/unisims/RAMB36E1.v" Line 1347: Timing violation in scope /top/bram_streamer_0/bram0/mem_reg/TChk1347_23798 at time 58555131 ps $setuphold (posedge CLKARDCLK,negedge ENARDEN,(0:0:0),(0:0:0),notifier_a,clkardclk_en_p,clkardclk_en_p,CLKARDCLK_delay,ENARDEN_delay)  $setup violation detected. Time: 58555131 ps, Data Event Time Stamp: 58554898 ps, Ref Event Time Stamp: 58555131 ps, Limit: 443 ps
WARNING: "C:/Xilinx/Vivado/2024.2/data/verilog/src/unisims/FDRE.v" Line 153: Timing violation in scope /top/bram_streamer_0/weight_bram_0/weight_fifo_push_reg/TChk153_29058 at time 58855400 ps $setuphold (posedge C,posedge D,(0:0:0),(0:0:0),notifier,in_clk_enable_p,in_clk_enable_p,C_dly,D_dly)  $setup violation detected. Time: 58855400 ps, Data Event Time Stamp: 58855400 ps, Ref Event Time Stamp: 58855204 ps, Limit: -45 ps
WARNING: "C:/Xilinx/Vivado/2024.2/data/verilog/src/unisims/FDRE.v" Line 153: Timing violation in scope /top/bram_streamer_0/weight_bram_0/weight_fifo_push_reg/TChk153_29058 at time 58855400 ps $setuphold (posedge C,posedge D,(0:0:0),(0:0:0),notifier,in_clk_enable_p,in_clk_enable_p,C_dly,D_dly)  $hold violation detected. Time: 58855400 ps, Ref Event Time Stamp: 58855204 ps, Data Event Time Stamp: 58855400 ps, Limit: 241 ps
WARNING: "C:/Xilinx/Vivado/2024.2/data/verilog/src/unisims/FDRE.v" Line 150: Timing violation in scope /top/bram_streamer_0/weight_bram_0/weight_fifo_push_reg/TChk150_29055 at time 59055381 ps $setuphold (posedge C,negedge D,(0:0:0),(0:0:0),notifier,in_clk_enable_p,in_clk_enable_p,C_dly,D_dly)  $setup violation detected. Time: 59055381 ps, Data Event Time Stamp: 59055381 ps, Ref Event Time Stamp: 59055204 ps, Limit: -45 ps
WARNING: "C:/Xilinx/Vivado/2024.2/data/verilog/src/unisims/FDRE.v" Line 150: Timing violation in scope /top/bram_streamer_0/weight_bram_0/weight_fifo_push_reg/TChk150_29055 at time 59055381 ps $setuphold (posedge C,negedge D,(0:0:0),(0:0:0),notifier,in_clk_enable_p,in_clk_enable_p,C_dly,D_dly)  $hold violation detected. Time: 59055381 ps, Ref Event Time Stamp: 59055204 ps, Data Event Time Stamp: 59055381 ps, Limit: 241 ps
WARNING: "C:/Xilinx/Vivado/2024.2/data/verilog/src/unisims/FDRE.v" Line 153: Timing violation in scope /top/bram_streamer_0/weight_bram_0/bram_en_reg/TChk153_29058 at time 59255394 ps $setuphold (posedge C,posedge D,(0:0:0),(0:0:0),notifier,in_clk_enable_p,in_clk_enable_p,C_dly,D_dly)  $setup violation detected. Time: 59255394 ps, Data Event Time Stamp: 59255394 ps, Ref Event Time Stamp: 59255198 ps, Limit: -45 ps
WARNING: "C:/Xilinx/Vivado/2024.2/data/verilog/src/unisims/FDRE.v" Line 153: Timing violation in scope /top/bram_streamer_0/weight_bram_0/bram_en_reg/TChk153_29058 at time 59255394 ps $setuphold (posedge C,posedge D,(0:0:0),(0:0:0),notifier,in_clk_enable_p,in_clk_enable_p,C_dly,D_dly)  $hold violation detected. Time: 59255394 ps, Ref Event Time Stamp: 59255198 ps, Data Event Time Stamp: 59255394 ps, Limit: 241 ps
WARNING: "C:/Xilinx/Vivado/2024.2/data/verilog/src/unisims/FDRE.v" Line 150: Timing violation in scope /top/bram_streamer_0/weight_bram_0/weight_fifo_push_reg/TChk150_29055 at time 59255400 ps $setuphold (posedge C,negedge D,(0:0:0),(0:0:0),notifier,in_clk_enable_p,in_clk_enable_p,C_dly,D_dly)  $setup violation detected. Time: 59255400 ps, Data Event Time Stamp: 59255400 ps, Ref Event Time Stamp: 59255204 ps, Limit: -45 ps
WARNING: "C:/Xilinx/Vivado/2024.2/data/verilog/src/unisims/FDRE.v" Line 150: Timing violation in scope /top/bram_streamer_0/weight_bram_0/weight_fifo_push_reg/TChk150_29055 at time 59255400 ps $setuphold (posedge C,negedge D,(0:0:0),(0:0:0),notifier,in_clk_enable_p,in_clk_enable_p,C_dly,D_dly)  $hold violation detected. Time: 59255400 ps, Ref Event Time Stamp: 59255204 ps, Data Event Time Stamp: 59255400 ps, Limit: 241 ps
WARNING: "C:/Xilinx/Vivado/2024.2/data/verilog/src/unisims/FDRE.v" Line 153: Timing violation in scope /top/bram_streamer_0/weight_bram_0/weight_fifo_push_reg/TChk153_29058 at time 59355400 ps $setuphold (posedge C,posedge D,(0:0:0),(0:0:0),notifier,in_clk_enable_p,in_clk_enable_p,C_dly,D_dly)  $setup violation detected. Time: 59355400 ps, Data Event Time Stamp: 59355400 ps, Ref Event Time Stamp: 59355204 ps, Limit: -45 ps
WARNING: "C:/Xilinx/Vivado/2024.2/data/verilog/src/unisims/FDRE.v" Line 153: Timing violation in scope /top/bram_streamer_0/weight_bram_0/weight_fifo_push_reg/TChk153_29058 at time 59355400 ps $setuphold (posedge C,posedge D,(0:0:0),(0:0:0),notifier,in_clk_enable_p,in_clk_enable_p,C_dly,D_dly)  $hold violation detected. Time: 59355400 ps, Ref Event Time Stamp: 59355204 ps, Data Event Time Stamp: 59355400 ps, Limit: 241 ps
WARNING: "C:/Xilinx/Vivado/2024.2/data/verilog/src/unisims/FDRE.v" Line 150: Timing violation in scope /top/bram_streamer_0/weight_bram_0/weight_fifo_push_reg/TChk150_29055 at time 59555381 ps $setuphold (posedge C,negedge D,(0:0:0),(0:0:0),notifier,in_clk_enable_p,in_clk_enable_p,C_dly,D_dly)  $setup violation detected. Time: 59555381 ps, Data Event Time Stamp: 59555381 ps, Ref Event Time Stamp: 59555204 ps, Limit: -45 ps
WARNING: "C:/Xilinx/Vivado/2024.2/data/verilog/src/unisims/FDRE.v" Line 150: Timing violation in scope /top/bram_streamer_0/weight_bram_0/weight_fifo_push_reg/TChk150_29055 at time 59555381 ps $setuphold (posedge C,negedge D,(0:0:0),(0:0:0),notifier,in_clk_enable_p,in_clk_enable_p,C_dly,D_dly)  $hold violation detected. Time: 59555381 ps, Ref Event Time Stamp: 59555204 ps, Data Event Time Stamp: 59555381 ps, Limit: 241 ps
WARNING: "C:/Xilinx/Vivado/2024.2/data/verilog/src/unisims/FDRE.v" Line 153: Timing violation in scope /top/bram_streamer_0/weight_bram_0/bram_en_reg/TChk153_29058 at time 61155394 ps $setuphold (posedge C,posedge D,(0:0:0),(0:0:0),notifier,in_clk_enable_p,in_clk_enable_p,C_dly,D_dly)  $setup violation detected. Time: 61155394 ps, Data Event Time Stamp: 61155394 ps, Ref Event Time Stamp: 61155198 ps, Limit: -45 ps
WARNING: "C:/Xilinx/Vivado/2024.2/data/verilog/src/unisims/FDRE.v" Line 153: Timing violation in scope /top/bram_streamer_0/weight_bram_0/bram_en_reg/TChk153_29058 at time 61155394 ps $setuphold (posedge C,posedge D,(0:0:0),(0:0:0),notifier,in_clk_enable_p,in_clk_enable_p,C_dly,D_dly)  $hold violation detected. Time: 61155394 ps, Ref Event Time Stamp: 61155198 ps, Data Event Time Stamp: 61155394 ps, Limit: 241 ps
WARNING: "C:/Xilinx/Vivado/2024.2/data/verilog/src/unisims/FDRE.v" Line 150: Timing violation in scope /top/bram_streamer_0/weight_bram_0/weight_fifo_push_reg/TChk150_29055 at time 61155400 ps $setuphold (posedge C,negedge D,(0:0:0),(0:0:0),notifier,in_clk_enable_p,in_clk_enable_p,C_dly,D_dly)  $setup violation detected. Time: 61155400 ps, Data Event Time Stamp: 61155400 ps, Ref Event Time Stamp: 61155204 ps, Limit: -45 ps
WARNING: "C:/Xilinx/Vivado/2024.2/data/verilog/src/unisims/FDRE.v" Line 150: Timing violation in scope /top/bram_streamer_0/weight_bram_0/weight_fifo_push_reg/TChk150_29055 at time 61155400 ps $setuphold (posedge C,negedge D,(0:0:0),(0:0:0),notifier,in_clk_enable_p,in_clk_enable_p,C_dly,D_dly)  $hold violation detected. Time: 61155400 ps, Ref Event Time Stamp: 61155204 ps, Data Event Time Stamp: 61155400 ps, Limit: 241 ps
WARNING: "C:/Xilinx/Vivado/2024.2/data/verilog/src/unisims/RAMB18E1.v" Line 989: Timing violation in scope /top/bram_streamer_0/bram1/mem_reg/TChk989_24102 at time 61455131 ps $setuphold (posedge CLKARDCLK,posedge REGCEAREGCE,(0:0:0),(0:0:0),notifier_a,clkardclk_en_p,clkardclk_en_p,CLKARDCLK_delay,REGCEAREGCE_delay)  $setup violation detected. Time: 61455131 ps, Data Event Time Stamp: 61454885 ps, Ref Event Time Stamp: 61455131 ps, Limit: 360 ps
WARNING: "C:/Xilinx/Vivado/2024.2/data/verilog/src/unisims/RAMB18E1.v" Line 990: Timing violation in scope /top/bram_streamer_0/bram1/mem_reg/TChk990_24103 at time 61555131 ps $setuphold (posedge CLKARDCLK,negedge REGCEAREGCE,(0:0:0),(0:0:0),notifier_a,clkardclk_en_p,clkardclk_en_p,CLKARDCLK_delay,REGCEAREGCE_delay)  $setup violation detected. Time: 61555131 ps, Data Event Time Stamp: 61554925 ps, Ref Event Time Stamp: 61555131 ps, Limit: 360 ps
WARNING: "C:/Xilinx/Vivado/2024.2/data/verilog/src/unisims/FDRE.v" Line 153: Timing violation in scope /top/bram_streamer_0/lif_bram_0/mem_done_reg/TChk153_29058 at time 61555447 ps $setuphold (posedge C,posedge D,(0:0:0),(0:0:0),notifier,in_clk_enable_p,in_clk_enable_p,C_dly,D_dly)  $setup violation detected. Time: 61555447 ps, Data Event Time Stamp: 61555447 ps, Ref Event Time Stamp: 61555245 ps, Limit: -60 ps
WARNING: "C:/Xilinx/Vivado/2024.2/data/verilog/src/unisims/FDRE.v" Line 153: Timing violation in scope /top/bram_streamer_0/lif_bram_0/mem_done_reg/TChk153_29058 at time 61555447 ps $setuphold (posedge C,posedge D,(0:0:0),(0:0:0),notifier,in_clk_enable_p,in_clk_enable_p,C_dly,D_dly)  $hold violation detected. Time: 61555447 ps, Ref Event Time Stamp: 61555245 ps, Data Event Time Stamp: 61555447 ps, Limit: 241 ps
WARNING: "C:/Xilinx/Vivado/2024.2/data/verilog/src/unisims/FDRE.v" Line 150: Timing violation in scope /top/bram_streamer_0/lif_bram_0/mem_done_reg/TChk150_29055 at time 61655447 ps $setuphold (posedge C,negedge D,(0:0:0),(0:0:0),notifier,in_clk_enable_p,in_clk_enable_p,C_dly,D_dly)  $setup violation detected. Time: 61655447 ps, Data Event Time Stamp: 61655447 ps, Ref Event Time Stamp: 61655245 ps, Limit: -60 ps
WARNING: "C:/Xilinx/Vivado/2024.2/data/verilog/src/unisims/FDRE.v" Line 150: Timing violation in scope /top/bram_streamer_0/lif_bram_0/mem_done_reg/TChk150_29055 at time 61655447 ps $setuphold (posedge C,negedge D,(0:0:0),(0:0:0),notifier,in_clk_enable_p,in_clk_enable_p,C_dly,D_dly)  $hold violation detected. Time: 61655447 ps, Ref Event Time Stamp: 61655245 ps, Data Event Time Stamp: 61655447 ps, Limit: 241 ps
WARNING: "C:/Xilinx/Vivado/2024.2/data/verilog/src/unisims/FDRE.v" Line 153: Timing violation in scope /top/bram_streamer_0/tile_idx_bram_0/addr_reg__11/TChk153_29058 at time 62255383 ps $setuphold (posedge C,posedge D,(0:0:0),(0:0:0),notifier,in_clk_enable_p,in_clk_enable_p,C_dly,D_dly)  $setup violation detected. Time: 62255383 ps, Data Event Time Stamp: 62255383 ps, Ref Event Time Stamp: 62255245 ps, Limit: -60 ps
WARNING: "C:/Xilinx/Vivado/2024.2/data/verilog/src/unisims/FDRE.v" Line 153: Timing violation in scope /top/bram_streamer_0/tile_idx_bram_0/addr_reg__11/TChk153_29058 at time 62255383 ps $setuphold (posedge C,posedge D,(0:0:0),(0:0:0),notifier,in_clk_enable_p,in_clk_enable_p,C_dly,D_dly)  $hold violation detected. Time: 62255383 ps, Ref Event Time Stamp: 62255245 ps, Data Event Time Stamp: 62255383 ps, Limit: 262 ps
WARNING: "C:/Xilinx/Vivado/2024.2/data/verilog/src/unisims/FDRE.v" Line 149: Timing violation in scope /top/bram_streamer_0/tile_idx_bram_0/addr_reg__11/TChk149_29054 at time 62355245 ps $setuphold (posedge C,negedge CE,(0:0:0),(0:0:0),notifier,ce_clk_enable_p,ce_clk_enable_p,C_dly,CE_dly)  $hold violation detected. Time: 62355245 ps, Ref Event Time Stamp: 62355245 ps, Data Event Time Stamp: 62355178 ps, Limit: -5 ps
WARNING: "C:/Xilinx/Vivado/2024.2/data/verilog/src/unisims/FDRE.v" Line 149: Timing violation in scope /top/bram_streamer_0/tile_idx_bram_0/addr_reg__11/TChk149_29054 at time 62355245 ps $setuphold (posedge C,negedge CE,(0:0:0),(0:0:0),notifier,ce_clk_enable_p,ce_clk_enable_p,C_dly,CE_dly)  $setup violation detected. Time: 62355245 ps, Data Event Time Stamp: 62355178 ps, Ref Event Time Stamp: 62355245 ps, Limit: 109 ps
WARNING: "C:/Xilinx/Vivado/2024.2/data/verilog/src/unisims/RAMB36E1.v" Line 1347: Timing violation in scope /top/bram_streamer_0/bram0/mem_reg/TChk1347_23798 at time 62455131 ps $setuphold (posedge CLKARDCLK,negedge ENARDEN,(0:0:0),(0:0:0),notifier_a,clkardclk_en_p,clkardclk_en_p,CLKARDCLK_delay,ENARDEN_delay)  $setup violation detected. Time: 62455131 ps, Data Event Time Stamp: 62454898 ps, Ref Event Time Stamp: 62455131 ps, Limit: 443 ps
WARNING: "C:/Xilinx/Vivado/2024.2/data/verilog/src/unisims/FDRE.v" Line 153: Timing violation in scope /top/bram_streamer_0/weight_bram_0/weight_fifo_push_reg/TChk153_29058 at time 62755400 ps $setuphold (posedge C,posedge D,(0:0:0),(0:0:0),notifier,in_clk_enable_p,in_clk_enable_p,C_dly,D_dly)  $setup violation detected. Time: 62755400 ps, Data Event Time Stamp: 62755400 ps, Ref Event Time Stamp: 62755204 ps, Limit: -45 ps
WARNING: "C:/Xilinx/Vivado/2024.2/data/verilog/src/unisims/FDRE.v" Line 153: Timing violation in scope /top/bram_streamer_0/weight_bram_0/weight_fifo_push_reg/TChk153_29058 at time 62755400 ps $setuphold (posedge C,posedge D,(0:0:0),(0:0:0),notifier,in_clk_enable_p,in_clk_enable_p,C_dly,D_dly)  $hold violation detected. Time: 62755400 ps, Ref Event Time Stamp: 62755204 ps, Data Event Time Stamp: 62755400 ps, Limit: 241 ps
WARNING: "C:/Xilinx/Vivado/2024.2/data/verilog/src/unisims/FDRE.v" Line 150: Timing violation in scope /top/bram_streamer_0/weight_bram_0/weight_fifo_push_reg/TChk150_29055 at time 62955381 ps $setuphold (posedge C,negedge D,(0:0:0),(0:0:0),notifier,in_clk_enable_p,in_clk_enable_p,C_dly,D_dly)  $setup violation detected. Time: 62955381 ps, Data Event Time Stamp: 62955381 ps, Ref Event Time Stamp: 62955204 ps, Limit: -45 ps
WARNING: "C:/Xilinx/Vivado/2024.2/data/verilog/src/unisims/FDRE.v" Line 150: Timing violation in scope /top/bram_streamer_0/weight_bram_0/weight_fifo_push_reg/TChk150_29055 at time 62955381 ps $setuphold (posedge C,negedge D,(0:0:0),(0:0:0),notifier,in_clk_enable_p,in_clk_enable_p,C_dly,D_dly)  $hold violation detected. Time: 62955381 ps, Ref Event Time Stamp: 62955204 ps, Data Event Time Stamp: 62955381 ps, Limit: 241 ps
WARNING: "C:/Xilinx/Vivado/2024.2/data/verilog/src/unisims/FDRE.v" Line 153: Timing violation in scope /top/bram_streamer_0/weight_bram_0/bram_en_reg/TChk153_29058 at time 63155394 ps $setuphold (posedge C,posedge D,(0:0:0),(0:0:0),notifier,in_clk_enable_p,in_clk_enable_p,C_dly,D_dly)  $setup violation detected. Time: 63155394 ps, Data Event Time Stamp: 63155394 ps, Ref Event Time Stamp: 63155198 ps, Limit: -45 ps
WARNING: "C:/Xilinx/Vivado/2024.2/data/verilog/src/unisims/FDRE.v" Line 153: Timing violation in scope /top/bram_streamer_0/weight_bram_0/bram_en_reg/TChk153_29058 at time 63155394 ps $setuphold (posedge C,posedge D,(0:0:0),(0:0:0),notifier,in_clk_enable_p,in_clk_enable_p,C_dly,D_dly)  $hold violation detected. Time: 63155394 ps, Ref Event Time Stamp: 63155198 ps, Data Event Time Stamp: 63155394 ps, Limit: 241 ps
WARNING: "C:/Xilinx/Vivado/2024.2/data/verilog/src/unisims/FDRE.v" Line 150: Timing violation in scope /top/bram_streamer_0/weight_bram_0/weight_fifo_push_reg/TChk150_29055 at time 63155400 ps $setuphold (posedge C,negedge D,(0:0:0),(0:0:0),notifier,in_clk_enable_p,in_clk_enable_p,C_dly,D_dly)  $setup violation detected. Time: 63155400 ps, Data Event Time Stamp: 63155400 ps, Ref Event Time Stamp: 63155204 ps, Limit: -45 ps
WARNING: "C:/Xilinx/Vivado/2024.2/data/verilog/src/unisims/FDRE.v" Line 150: Timing violation in scope /top/bram_streamer_0/weight_bram_0/weight_fifo_push_reg/TChk150_29055 at time 63155400 ps $setuphold (posedge C,negedge D,(0:0:0),(0:0:0),notifier,in_clk_enable_p,in_clk_enable_p,C_dly,D_dly)  $hold violation detected. Time: 63155400 ps, Ref Event Time Stamp: 63155204 ps, Data Event Time Stamp: 63155400 ps, Limit: 241 ps
WARNING: "C:/Xilinx/Vivado/2024.2/data/verilog/src/unisims/FDRE.v" Line 153: Timing violation in scope /top/bram_streamer_0/weight_bram_0/weight_fifo_push_reg/TChk153_29058 at time 63255400 ps $setuphold (posedge C,posedge D,(0:0:0),(0:0:0),notifier,in_clk_enable_p,in_clk_enable_p,C_dly,D_dly)  $setup violation detected. Time: 63255400 ps, Data Event Time Stamp: 63255400 ps, Ref Event Time Stamp: 63255204 ps, Limit: -45 ps
WARNING: "C:/Xilinx/Vivado/2024.2/data/verilog/src/unisims/FDRE.v" Line 153: Timing violation in scope /top/bram_streamer_0/weight_bram_0/weight_fifo_push_reg/TChk153_29058 at time 63255400 ps $setuphold (posedge C,posedge D,(0:0:0),(0:0:0),notifier,in_clk_enable_p,in_clk_enable_p,C_dly,D_dly)  $hold violation detected. Time: 63255400 ps, Ref Event Time Stamp: 63255204 ps, Data Event Time Stamp: 63255400 ps, Limit: 241 ps
WARNING: "C:/Xilinx/Vivado/2024.2/data/verilog/src/unisims/FDRE.v" Line 150: Timing violation in scope /top/bram_streamer_0/weight_bram_0/weight_fifo_push_reg/TChk150_29055 at time 63455381 ps $setuphold (posedge C,negedge D,(0:0:0),(0:0:0),notifier,in_clk_enable_p,in_clk_enable_p,C_dly,D_dly)  $setup violation detected. Time: 63455381 ps, Data Event Time Stamp: 63455381 ps, Ref Event Time Stamp: 63455204 ps, Limit: -45 ps
WARNING: "C:/Xilinx/Vivado/2024.2/data/verilog/src/unisims/FDRE.v" Line 150: Timing violation in scope /top/bram_streamer_0/weight_bram_0/weight_fifo_push_reg/TChk150_29055 at time 63455381 ps $setuphold (posedge C,negedge D,(0:0:0),(0:0:0),notifier,in_clk_enable_p,in_clk_enable_p,C_dly,D_dly)  $hold violation detected. Time: 63455381 ps, Ref Event Time Stamp: 63455204 ps, Data Event Time Stamp: 63455381 ps, Limit: 241 ps
WARNING: "C:/Xilinx/Vivado/2024.2/data/verilog/src/unisims/FDRE.v" Line 153: Timing violation in scope /top/bram_streamer_0/weight_bram_0/bram_en_reg/TChk153_29058 at time 65055394 ps $setuphold (posedge C,posedge D,(0:0:0),(0:0:0),notifier,in_clk_enable_p,in_clk_enable_p,C_dly,D_dly)  $setup violation detected. Time: 65055394 ps, Data Event Time Stamp: 65055394 ps, Ref Event Time Stamp: 65055198 ps, Limit: -45 ps
WARNING: "C:/Xilinx/Vivado/2024.2/data/verilog/src/unisims/FDRE.v" Line 153: Timing violation in scope /top/bram_streamer_0/weight_bram_0/bram_en_reg/TChk153_29058 at time 65055394 ps $setuphold (posedge C,posedge D,(0:0:0),(0:0:0),notifier,in_clk_enable_p,in_clk_enable_p,C_dly,D_dly)  $hold violation detected. Time: 65055394 ps, Ref Event Time Stamp: 65055198 ps, Data Event Time Stamp: 65055394 ps, Limit: 241 ps
WARNING: "C:/Xilinx/Vivado/2024.2/data/verilog/src/unisims/FDRE.v" Line 150: Timing violation in scope /top/bram_streamer_0/weight_bram_0/weight_fifo_push_reg/TChk150_29055 at time 65055400 ps $setuphold (posedge C,negedge D,(0:0:0),(0:0:0),notifier,in_clk_enable_p,in_clk_enable_p,C_dly,D_dly)  $setup violation detected. Time: 65055400 ps, Data Event Time Stamp: 65055400 ps, Ref Event Time Stamp: 65055204 ps, Limit: -45 ps
WARNING: "C:/Xilinx/Vivado/2024.2/data/verilog/src/unisims/FDRE.v" Line 150: Timing violation in scope /top/bram_streamer_0/weight_bram_0/weight_fifo_push_reg/TChk150_29055 at time 65055400 ps $setuphold (posedge C,negedge D,(0:0:0),(0:0:0),notifier,in_clk_enable_p,in_clk_enable_p,C_dly,D_dly)  $hold violation detected. Time: 65055400 ps, Ref Event Time Stamp: 65055204 ps, Data Event Time Stamp: 65055400 ps, Limit: 241 ps
WARNING: "C:/Xilinx/Vivado/2024.2/data/verilog/src/unisims/RAMB18E1.v" Line 989: Timing violation in scope /top/bram_streamer_0/bram1/mem_reg/TChk989_24102 at time 65355131 ps $setuphold (posedge CLKARDCLK,posedge REGCEAREGCE,(0:0:0),(0:0:0),notifier_a,clkardclk_en_p,clkardclk_en_p,CLKARDCLK_delay,REGCEAREGCE_delay)  $setup violation detected. Time: 65355131 ps, Data Event Time Stamp: 65354885 ps, Ref Event Time Stamp: 65355131 ps, Limit: 360 ps
WARNING: "C:/Xilinx/Vivado/2024.2/data/verilog/src/unisims/RAMB18E1.v" Line 990: Timing violation in scope /top/bram_streamer_0/bram1/mem_reg/TChk990_24103 at time 65455131 ps $setuphold (posedge CLKARDCLK,negedge REGCEAREGCE,(0:0:0),(0:0:0),notifier_a,clkardclk_en_p,clkardclk_en_p,CLKARDCLK_delay,REGCEAREGCE_delay)  $setup violation detected. Time: 65455131 ps, Data Event Time Stamp: 65454925 ps, Ref Event Time Stamp: 65455131 ps, Limit: 360 ps
WARNING: "C:/Xilinx/Vivado/2024.2/data/verilog/src/unisims/FDRE.v" Line 153: Timing violation in scope /top/bram_streamer_0/lif_bram_0/mem_done_reg/TChk153_29058 at time 65455447 ps $setuphold (posedge C,posedge D,(0:0:0),(0:0:0),notifier,in_clk_enable_p,in_clk_enable_p,C_dly,D_dly)  $setup violation detected. Time: 65455447 ps, Data Event Time Stamp: 65455447 ps, Ref Event Time Stamp: 65455245 ps, Limit: -60 ps
WARNING: "C:/Xilinx/Vivado/2024.2/data/verilog/src/unisims/FDRE.v" Line 153: Timing violation in scope /top/bram_streamer_0/lif_bram_0/mem_done_reg/TChk153_29058 at time 65455447 ps $setuphold (posedge C,posedge D,(0:0:0),(0:0:0),notifier,in_clk_enable_p,in_clk_enable_p,C_dly,D_dly)  $hold violation detected. Time: 65455447 ps, Ref Event Time Stamp: 65455245 ps, Data Event Time Stamp: 65455447 ps, Limit: 241 ps
WARNING: "C:/Xilinx/Vivado/2024.2/data/verilog/src/unisims/FDRE.v" Line 150: Timing violation in scope /top/bram_streamer_0/lif_bram_0/mem_done_reg/TChk150_29055 at time 65555447 ps $setuphold (posedge C,negedge D,(0:0:0),(0:0:0),notifier,in_clk_enable_p,in_clk_enable_p,C_dly,D_dly)  $setup violation detected. Time: 65555447 ps, Data Event Time Stamp: 65555447 ps, Ref Event Time Stamp: 65555245 ps, Limit: -60 ps
WARNING: "C:/Xilinx/Vivado/2024.2/data/verilog/src/unisims/FDRE.v" Line 150: Timing violation in scope /top/bram_streamer_0/lif_bram_0/mem_done_reg/TChk150_29055 at time 65555447 ps $setuphold (posedge C,negedge D,(0:0:0),(0:0:0),notifier,in_clk_enable_p,in_clk_enable_p,C_dly,D_dly)  $hold violation detected. Time: 65555447 ps, Ref Event Time Stamp: 65555245 ps, Data Event Time Stamp: 65555447 ps, Limit: 241 ps
WARNING: "C:/Xilinx/Vivado/2024.2/data/verilog/src/unisims/FDRE.v" Line 152: Timing violation in scope /top/bram_streamer_0/tile_idx_bram_0/addr_reg__11/TChk152_29057 at time 66155245 ps $setuphold (posedge C,posedge CE,(0:0:0),(0:0:0),notifier,ce_clk_enable_p,ce_clk_enable_p,C_dly,CE_dly)  $hold violation detected. Time: 66155245 ps, Ref Event Time Stamp: 66155245 ps, Data Event Time Stamp: 66155178 ps, Limit: -5 ps
WARNING: "C:/Xilinx/Vivado/2024.2/data/verilog/src/unisims/FDRE.v" Line 152: Timing violation in scope /top/bram_streamer_0/tile_idx_bram_0/addr_reg__11/TChk152_29057 at time 66155245 ps $setuphold (posedge C,posedge CE,(0:0:0),(0:0:0),notifier,ce_clk_enable_p,ce_clk_enable_p,C_dly,CE_dly)  $setup violation detected. Time: 66155245 ps, Data Event Time Stamp: 66155178 ps, Ref Event Time Stamp: 66155245 ps, Limit: 109 ps
WARNING: "C:/Xilinx/Vivado/2024.2/data/verilog/src/unisims/RAMB36E1.v" Line 1347: Timing violation in scope /top/bram_streamer_0/bram0/mem_reg/TChk1347_23798 at time 66355131 ps $setuphold (posedge CLKARDCLK,negedge ENARDEN,(0:0:0),(0:0:0),notifier_a,clkardclk_en_p,clkardclk_en_p,CLKARDCLK_delay,ENARDEN_delay)  $setup violation detected. Time: 66355131 ps, Data Event Time Stamp: 66354898 ps, Ref Event Time Stamp: 66355131 ps, Limit: 443 ps
WARNING: "C:/Xilinx/Vivado/2024.2/data/verilog/src/unisims/FDRE.v" Line 153: Timing violation in scope /top/bram_streamer_0/weight_bram_0/weight_fifo_push_reg/TChk153_29058 at time 66655400 ps $setuphold (posedge C,posedge D,(0:0:0),(0:0:0),notifier,in_clk_enable_p,in_clk_enable_p,C_dly,D_dly)  $setup violation detected. Time: 66655400 ps, Data Event Time Stamp: 66655400 ps, Ref Event Time Stamp: 66655204 ps, Limit: -45 ps
WARNING: "C:/Xilinx/Vivado/2024.2/data/verilog/src/unisims/FDRE.v" Line 153: Timing violation in scope /top/bram_streamer_0/weight_bram_0/weight_fifo_push_reg/TChk153_29058 at time 66655400 ps $setuphold (posedge C,posedge D,(0:0:0),(0:0:0),notifier,in_clk_enable_p,in_clk_enable_p,C_dly,D_dly)  $hold violation detected. Time: 66655400 ps, Ref Event Time Stamp: 66655204 ps, Data Event Time Stamp: 66655400 ps, Limit: 241 ps
WARNING: "C:/Xilinx/Vivado/2024.2/data/verilog/src/unisims/FDRE.v" Line 150: Timing violation in scope /top/bram_streamer_0/weight_bram_0/weight_fifo_push_reg/TChk150_29055 at time 66855381 ps $setuphold (posedge C,negedge D,(0:0:0),(0:0:0),notifier,in_clk_enable_p,in_clk_enable_p,C_dly,D_dly)  $setup violation detected. Time: 66855381 ps, Data Event Time Stamp: 66855381 ps, Ref Event Time Stamp: 66855204 ps, Limit: -45 ps
WARNING: "C:/Xilinx/Vivado/2024.2/data/verilog/src/unisims/FDRE.v" Line 150: Timing violation in scope /top/bram_streamer_0/weight_bram_0/weight_fifo_push_reg/TChk150_29055 at time 66855381 ps $setuphold (posedge C,negedge D,(0:0:0),(0:0:0),notifier,in_clk_enable_p,in_clk_enable_p,C_dly,D_dly)  $hold violation detected. Time: 66855381 ps, Ref Event Time Stamp: 66855204 ps, Data Event Time Stamp: 66855381 ps, Limit: 241 ps
WARNING: "C:/Xilinx/Vivado/2024.2/data/verilog/src/unisims/FDRE.v" Line 153: Timing violation in scope /top/bram_streamer_0/weight_bram_0/bram_en_reg/TChk153_29058 at time 67055394 ps $setuphold (posedge C,posedge D,(0:0:0),(0:0:0),notifier,in_clk_enable_p,in_clk_enable_p,C_dly,D_dly)  $setup violation detected. Time: 67055394 ps, Data Event Time Stamp: 67055394 ps, Ref Event Time Stamp: 67055198 ps, Limit: -45 ps
WARNING: "C:/Xilinx/Vivado/2024.2/data/verilog/src/unisims/FDRE.v" Line 153: Timing violation in scope /top/bram_streamer_0/weight_bram_0/bram_en_reg/TChk153_29058 at time 67055394 ps $setuphold (posedge C,posedge D,(0:0:0),(0:0:0),notifier,in_clk_enable_p,in_clk_enable_p,C_dly,D_dly)  $hold violation detected. Time: 67055394 ps, Ref Event Time Stamp: 67055198 ps, Data Event Time Stamp: 67055394 ps, Limit: 241 ps
WARNING: "C:/Xilinx/Vivado/2024.2/data/verilog/src/unisims/FDRE.v" Line 150: Timing violation in scope /top/bram_streamer_0/weight_bram_0/weight_fifo_push_reg/TChk150_29055 at time 67055400 ps $setuphold (posedge C,negedge D,(0:0:0),(0:0:0),notifier,in_clk_enable_p,in_clk_enable_p,C_dly,D_dly)  $setup violation detected. Time: 67055400 ps, Data Event Time Stamp: 67055400 ps, Ref Event Time Stamp: 67055204 ps, Limit: -45 ps
WARNING: "C:/Xilinx/Vivado/2024.2/data/verilog/src/unisims/FDRE.v" Line 150: Timing violation in scope /top/bram_streamer_0/weight_bram_0/weight_fifo_push_reg/TChk150_29055 at time 67055400 ps $setuphold (posedge C,negedge D,(0:0:0),(0:0:0),notifier,in_clk_enable_p,in_clk_enable_p,C_dly,D_dly)  $hold violation detected. Time: 67055400 ps, Ref Event Time Stamp: 67055204 ps, Data Event Time Stamp: 67055400 ps, Limit: 241 ps
WARNING: "C:/Xilinx/Vivado/2024.2/data/verilog/src/unisims/FDRE.v" Line 153: Timing violation in scope /top/bram_streamer_0/weight_bram_0/weight_fifo_push_reg/TChk153_29058 at time 67155400 ps $setuphold (posedge C,posedge D,(0:0:0),(0:0:0),notifier,in_clk_enable_p,in_clk_enable_p,C_dly,D_dly)  $setup violation detected. Time: 67155400 ps, Data Event Time Stamp: 67155400 ps, Ref Event Time Stamp: 67155204 ps, Limit: -45 ps
WARNING: "C:/Xilinx/Vivado/2024.2/data/verilog/src/unisims/FDRE.v" Line 153: Timing violation in scope /top/bram_streamer_0/weight_bram_0/weight_fifo_push_reg/TChk153_29058 at time 67155400 ps $setuphold (posedge C,posedge D,(0:0:0),(0:0:0),notifier,in_clk_enable_p,in_clk_enable_p,C_dly,D_dly)  $hold violation detected. Time: 67155400 ps, Ref Event Time Stamp: 67155204 ps, Data Event Time Stamp: 67155400 ps, Limit: 241 ps
WARNING: "C:/Xilinx/Vivado/2024.2/data/verilog/src/unisims/FDRE.v" Line 150: Timing violation in scope /top/bram_streamer_0/weight_bram_0/weight_fifo_push_reg/TChk150_29055 at time 67355381 ps $setuphold (posedge C,negedge D,(0:0:0),(0:0:0),notifier,in_clk_enable_p,in_clk_enable_p,C_dly,D_dly)  $setup violation detected. Time: 67355381 ps, Data Event Time Stamp: 67355381 ps, Ref Event Time Stamp: 67355204 ps, Limit: -45 ps
WARNING: "C:/Xilinx/Vivado/2024.2/data/verilog/src/unisims/FDRE.v" Line 150: Timing violation in scope /top/bram_streamer_0/weight_bram_0/weight_fifo_push_reg/TChk150_29055 at time 67355381 ps $setuphold (posedge C,negedge D,(0:0:0),(0:0:0),notifier,in_clk_enable_p,in_clk_enable_p,C_dly,D_dly)  $hold violation detected. Time: 67355381 ps, Ref Event Time Stamp: 67355204 ps, Data Event Time Stamp: 67355381 ps, Limit: 241 ps
WARNING: "C:/Xilinx/Vivado/2024.2/data/verilog/src/unisims/FDRE.v" Line 153: Timing violation in scope /top/bram_streamer_0/weight_bram_0/bram_en_reg/TChk153_29058 at time 68955394 ps $setuphold (posedge C,posedge D,(0:0:0),(0:0:0),notifier,in_clk_enable_p,in_clk_enable_p,C_dly,D_dly)  $setup violation detected. Time: 68955394 ps, Data Event Time Stamp: 68955394 ps, Ref Event Time Stamp: 68955198 ps, Limit: -45 ps
WARNING: "C:/Xilinx/Vivado/2024.2/data/verilog/src/unisims/FDRE.v" Line 153: Timing violation in scope /top/bram_streamer_0/weight_bram_0/bram_en_reg/TChk153_29058 at time 68955394 ps $setuphold (posedge C,posedge D,(0:0:0),(0:0:0),notifier,in_clk_enable_p,in_clk_enable_p,C_dly,D_dly)  $hold violation detected. Time: 68955394 ps, Ref Event Time Stamp: 68955198 ps, Data Event Time Stamp: 68955394 ps, Limit: 241 ps
WARNING: "C:/Xilinx/Vivado/2024.2/data/verilog/src/unisims/FDRE.v" Line 150: Timing violation in scope /top/bram_streamer_0/weight_bram_0/weight_fifo_push_reg/TChk150_29055 at time 68955400 ps $setuphold (posedge C,negedge D,(0:0:0),(0:0:0),notifier,in_clk_enable_p,in_clk_enable_p,C_dly,D_dly)  $setup violation detected. Time: 68955400 ps, Data Event Time Stamp: 68955400 ps, Ref Event Time Stamp: 68955204 ps, Limit: -45 ps
WARNING: "C:/Xilinx/Vivado/2024.2/data/verilog/src/unisims/FDRE.v" Line 150: Timing violation in scope /top/bram_streamer_0/weight_bram_0/weight_fifo_push_reg/TChk150_29055 at time 68955400 ps $setuphold (posedge C,negedge D,(0:0:0),(0:0:0),notifier,in_clk_enable_p,in_clk_enable_p,C_dly,D_dly)  $hold violation detected. Time: 68955400 ps, Ref Event Time Stamp: 68955204 ps, Data Event Time Stamp: 68955400 ps, Limit: 241 ps
WARNING: "C:/Xilinx/Vivado/2024.2/data/verilog/src/unisims/RAMB18E1.v" Line 989: Timing violation in scope /top/bram_streamer_0/bram1/mem_reg/TChk989_24102 at time 69255131 ps $setuphold (posedge CLKARDCLK,posedge REGCEAREGCE,(0:0:0),(0:0:0),notifier_a,clkardclk_en_p,clkardclk_en_p,CLKARDCLK_delay,REGCEAREGCE_delay)  $setup violation detected. Time: 69255131 ps, Data Event Time Stamp: 69254885 ps, Ref Event Time Stamp: 69255131 ps, Limit: 360 ps
WARNING: "C:/Xilinx/Vivado/2024.2/data/verilog/src/unisims/RAMB18E1.v" Line 990: Timing violation in scope /top/bram_streamer_0/bram1/mem_reg/TChk990_24103 at time 69355131 ps $setuphold (posedge CLKARDCLK,negedge REGCEAREGCE,(0:0:0),(0:0:0),notifier_a,clkardclk_en_p,clkardclk_en_p,CLKARDCLK_delay,REGCEAREGCE_delay)  $setup violation detected. Time: 69355131 ps, Data Event Time Stamp: 69354925 ps, Ref Event Time Stamp: 69355131 ps, Limit: 360 ps
WARNING: "C:/Xilinx/Vivado/2024.2/data/verilog/src/unisims/FDRE.v" Line 153: Timing violation in scope /top/bram_streamer_0/lif_bram_0/mem_done_reg/TChk153_29058 at time 69355447 ps $setuphold (posedge C,posedge D,(0:0:0),(0:0:0),notifier,in_clk_enable_p,in_clk_enable_p,C_dly,D_dly)  $setup violation detected. Time: 69355447 ps, Data Event Time Stamp: 69355447 ps, Ref Event Time Stamp: 69355245 ps, Limit: -60 ps
WARNING: "C:/Xilinx/Vivado/2024.2/data/verilog/src/unisims/FDRE.v" Line 153: Timing violation in scope /top/bram_streamer_0/lif_bram_0/mem_done_reg/TChk153_29058 at time 69355447 ps $setuphold (posedge C,posedge D,(0:0:0),(0:0:0),notifier,in_clk_enable_p,in_clk_enable_p,C_dly,D_dly)  $hold violation detected. Time: 69355447 ps, Ref Event Time Stamp: 69355245 ps, Data Event Time Stamp: 69355447 ps, Limit: 241 ps
WARNING: "C:/Xilinx/Vivado/2024.2/data/verilog/src/unisims/FDRE.v" Line 150: Timing violation in scope /top/bram_streamer_0/lif_bram_0/mem_done_reg/TChk150_29055 at time 69455447 ps $setuphold (posedge C,negedge D,(0:0:0),(0:0:0),notifier,in_clk_enable_p,in_clk_enable_p,C_dly,D_dly)  $setup violation detected. Time: 69455447 ps, Data Event Time Stamp: 69455447 ps, Ref Event Time Stamp: 69455245 ps, Limit: -60 ps
WARNING: "C:/Xilinx/Vivado/2024.2/data/verilog/src/unisims/FDRE.v" Line 150: Timing violation in scope /top/bram_streamer_0/lif_bram_0/mem_done_reg/TChk150_29055 at time 69455447 ps $setuphold (posedge C,negedge D,(0:0:0),(0:0:0),notifier,in_clk_enable_p,in_clk_enable_p,C_dly,D_dly)  $hold violation detected. Time: 69455447 ps, Ref Event Time Stamp: 69455245 ps, Data Event Time Stamp: 69455447 ps, Limit: 241 ps
WARNING: "C:/Xilinx/Vivado/2024.2/data/verilog/src/unisims/FDRE.v" Line 150: Timing violation in scope /top/bram_streamer_0/tile_idx_bram_0/addr_reg__11/TChk150_29055 at time 70055383 ps $setuphold (posedge C,negedge D,(0:0:0),(0:0:0),notifier,in_clk_enable_p,in_clk_enable_p,C_dly,D_dly)  $setup violation detected. Time: 70055383 ps, Data Event Time Stamp: 70055383 ps, Ref Event Time Stamp: 70055245 ps, Limit: -60 ps
WARNING: "C:/Xilinx/Vivado/2024.2/data/verilog/src/unisims/FDRE.v" Line 150: Timing violation in scope /top/bram_streamer_0/tile_idx_bram_0/addr_reg__11/TChk150_29055 at time 70055383 ps $setuphold (posedge C,negedge D,(0:0:0),(0:0:0),notifier,in_clk_enable_p,in_clk_enable_p,C_dly,D_dly)  $hold violation detected. Time: 70055383 ps, Ref Event Time Stamp: 70055245 ps, Data Event Time Stamp: 70055383 ps, Limit: 262 ps
WARNING: "C:/Xilinx/Vivado/2024.2/data/verilog/src/unisims/FDRE.v" Line 149: Timing violation in scope /top/bram_streamer_0/tile_idx_bram_0/addr_reg__11/TChk149_29054 at time 70155245 ps $setuphold (posedge C,negedge CE,(0:0:0),(0:0:0),notifier,ce_clk_enable_p,ce_clk_enable_p,C_dly,CE_dly)  $hold violation detected. Time: 70155245 ps, Ref Event Time Stamp: 70155245 ps, Data Event Time Stamp: 70155178 ps, Limit: -5 ps
WARNING: "C:/Xilinx/Vivado/2024.2/data/verilog/src/unisims/FDRE.v" Line 149: Timing violation in scope /top/bram_streamer_0/tile_idx_bram_0/addr_reg__11/TChk149_29054 at time 70155245 ps $setuphold (posedge C,negedge CE,(0:0:0),(0:0:0),notifier,ce_clk_enable_p,ce_clk_enable_p,C_dly,CE_dly)  $setup violation detected. Time: 70155245 ps, Data Event Time Stamp: 70155178 ps, Ref Event Time Stamp: 70155245 ps, Limit: 109 ps
WARNING: "C:/Xilinx/Vivado/2024.2/data/verilog/src/unisims/RAMB36E1.v" Line 1347: Timing violation in scope /top/bram_streamer_0/bram0/mem_reg/TChk1347_23798 at time 70255131 ps $setuphold (posedge CLKARDCLK,negedge ENARDEN,(0:0:0),(0:0:0),notifier_a,clkardclk_en_p,clkardclk_en_p,CLKARDCLK_delay,ENARDEN_delay)  $setup violation detected. Time: 70255131 ps, Data Event Time Stamp: 70254898 ps, Ref Event Time Stamp: 70255131 ps, Limit: 443 ps
WARNING: "C:/Xilinx/Vivado/2024.2/data/verilog/src/unisims/FDRE.v" Line 153: Timing violation in scope /top/bram_streamer_0/weight_bram_0/weight_fifo_push_reg/TChk153_29058 at time 70555400 ps $setuphold (posedge C,posedge D,(0:0:0),(0:0:0),notifier,in_clk_enable_p,in_clk_enable_p,C_dly,D_dly)  $setup violation detected. Time: 70555400 ps, Data Event Time Stamp: 70555400 ps, Ref Event Time Stamp: 70555204 ps, Limit: -45 ps
WARNING: "C:/Xilinx/Vivado/2024.2/data/verilog/src/unisims/FDRE.v" Line 153: Timing violation in scope /top/bram_streamer_0/weight_bram_0/weight_fifo_push_reg/TChk153_29058 at time 70555400 ps $setuphold (posedge C,posedge D,(0:0:0),(0:0:0),notifier,in_clk_enable_p,in_clk_enable_p,C_dly,D_dly)  $hold violation detected. Time: 70555400 ps, Ref Event Time Stamp: 70555204 ps, Data Event Time Stamp: 70555400 ps, Limit: 241 ps
WARNING: "C:/Xilinx/Vivado/2024.2/data/verilog/src/unisims/FDRE.v" Line 150: Timing violation in scope /top/bram_streamer_0/weight_bram_0/weight_fifo_push_reg/TChk150_29055 at time 70755381 ps $setuphold (posedge C,negedge D,(0:0:0),(0:0:0),notifier,in_clk_enable_p,in_clk_enable_p,C_dly,D_dly)  $setup violation detected. Time: 70755381 ps, Data Event Time Stamp: 70755381 ps, Ref Event Time Stamp: 70755204 ps, Limit: -45 ps
WARNING: "C:/Xilinx/Vivado/2024.2/data/verilog/src/unisims/FDRE.v" Line 150: Timing violation in scope /top/bram_streamer_0/weight_bram_0/weight_fifo_push_reg/TChk150_29055 at time 70755381 ps $setuphold (posedge C,negedge D,(0:0:0),(0:0:0),notifier,in_clk_enable_p,in_clk_enable_p,C_dly,D_dly)  $hold violation detected. Time: 70755381 ps, Ref Event Time Stamp: 70755204 ps, Data Event Time Stamp: 70755381 ps, Limit: 241 ps
WARNING: "C:/Xilinx/Vivado/2024.2/data/verilog/src/unisims/FDRE.v" Line 153: Timing violation in scope /top/bram_streamer_0/weight_bram_0/bram_en_reg/TChk153_29058 at time 70955394 ps $setuphold (posedge C,posedge D,(0:0:0),(0:0:0),notifier,in_clk_enable_p,in_clk_enable_p,C_dly,D_dly)  $setup violation detected. Time: 70955394 ps, Data Event Time Stamp: 70955394 ps, Ref Event Time Stamp: 70955198 ps, Limit: -45 ps
WARNING: "C:/Xilinx/Vivado/2024.2/data/verilog/src/unisims/FDRE.v" Line 153: Timing violation in scope /top/bram_streamer_0/weight_bram_0/bram_en_reg/TChk153_29058 at time 70955394 ps $setuphold (posedge C,posedge D,(0:0:0),(0:0:0),notifier,in_clk_enable_p,in_clk_enable_p,C_dly,D_dly)  $hold violation detected. Time: 70955394 ps, Ref Event Time Stamp: 70955198 ps, Data Event Time Stamp: 70955394 ps, Limit: 241 ps
WARNING: "C:/Xilinx/Vivado/2024.2/data/verilog/src/unisims/FDRE.v" Line 150: Timing violation in scope /top/bram_streamer_0/weight_bram_0/weight_fifo_push_reg/TChk150_29055 at time 70955400 ps $setuphold (posedge C,negedge D,(0:0:0),(0:0:0),notifier,in_clk_enable_p,in_clk_enable_p,C_dly,D_dly)  $setup violation detected. Time: 70955400 ps, Data Event Time Stamp: 70955400 ps, Ref Event Time Stamp: 70955204 ps, Limit: -45 ps
WARNING: "C:/Xilinx/Vivado/2024.2/data/verilog/src/unisims/FDRE.v" Line 150: Timing violation in scope /top/bram_streamer_0/weight_bram_0/weight_fifo_push_reg/TChk150_29055 at time 70955400 ps $setuphold (posedge C,negedge D,(0:0:0),(0:0:0),notifier,in_clk_enable_p,in_clk_enable_p,C_dly,D_dly)  $hold violation detected. Time: 70955400 ps, Ref Event Time Stamp: 70955204 ps, Data Event Time Stamp: 70955400 ps, Limit: 241 ps
WARNING: "C:/Xilinx/Vivado/2024.2/data/verilog/src/unisims/FDRE.v" Line 153: Timing violation in scope /top/bram_streamer_0/weight_bram_0/weight_fifo_push_reg/TChk153_29058 at time 71055400 ps $setuphold (posedge C,posedge D,(0:0:0),(0:0:0),notifier,in_clk_enable_p,in_clk_enable_p,C_dly,D_dly)  $setup violation detected. Time: 71055400 ps, Data Event Time Stamp: 71055400 ps, Ref Event Time Stamp: 71055204 ps, Limit: -45 ps
WARNING: "C:/Xilinx/Vivado/2024.2/data/verilog/src/unisims/FDRE.v" Line 153: Timing violation in scope /top/bram_streamer_0/weight_bram_0/weight_fifo_push_reg/TChk153_29058 at time 71055400 ps $setuphold (posedge C,posedge D,(0:0:0),(0:0:0),notifier,in_clk_enable_p,in_clk_enable_p,C_dly,D_dly)  $hold violation detected. Time: 71055400 ps, Ref Event Time Stamp: 71055204 ps, Data Event Time Stamp: 71055400 ps, Limit: 241 ps
WARNING: "C:/Xilinx/Vivado/2024.2/data/verilog/src/unisims/FDRE.v" Line 150: Timing violation in scope /top/bram_streamer_0/weight_bram_0/weight_fifo_push_reg/TChk150_29055 at time 71255381 ps $setuphold (posedge C,negedge D,(0:0:0),(0:0:0),notifier,in_clk_enable_p,in_clk_enable_p,C_dly,D_dly)  $setup violation detected. Time: 71255381 ps, Data Event Time Stamp: 71255381 ps, Ref Event Time Stamp: 71255204 ps, Limit: -45 ps
WARNING: "C:/Xilinx/Vivado/2024.2/data/verilog/src/unisims/FDRE.v" Line 150: Timing violation in scope /top/bram_streamer_0/weight_bram_0/weight_fifo_push_reg/TChk150_29055 at time 71255381 ps $setuphold (posedge C,negedge D,(0:0:0),(0:0:0),notifier,in_clk_enable_p,in_clk_enable_p,C_dly,D_dly)  $hold violation detected. Time: 71255381 ps, Ref Event Time Stamp: 71255204 ps, Data Event Time Stamp: 71255381 ps, Limit: 241 ps
run: Time (s): cpu = 00:00:03 ; elapsed = 00:00:06 . Memory (MB): peak = 3373.238 ; gain = 0.000
current_design impl_1
report_timing_summary -delay_type min_max -report_unconstrained -check_timing_verbose -max_paths 10 -input_pins -routable_nets -name timing_2
INFO: [Timing 38-91] UpdateTimingParams: Speed grade: -1, Delay Type: min_max.
INFO: [Timing 38-191] Multithreading enabled for timing update using a maximum of 2 CPUs
report_clock_interaction -delay_type min_max -significant_digits 3 -name timing_3
INFO: [Timing 38-91] UpdateTimingParams: Speed grade: -1, Delay Type: min_max.
INFO: [Timing 38-191] Multithreading enabled for timing update using a maximum of 2 CPUs
report_clock_networks -name {network_1}
report_utilization -name utilization_1
report_clock_networks -name {network_2}
create_dataflow_design
INFO: [Vivado_Tcl 4-1924] Creating dataflow design from design 'impl_1'. Use the current_design command to change the design from which dataflow design is created.
INFO: [Implflow 47-2768] Generation of Dataflow netlist complete, took 0 seconds
Netlist sorting complete. Time (s): cpu = 00:00:00 ; elapsed = 00:00:00.031 . Memory (MB): peak = 3565.645 ; gain = 0.000
INFO: [Project 1-570] Preparing netlist for logic optimization
Netlist sorting complete. Time (s): cpu = 00:00:00 ; elapsed = 00:00:00 . Memory (MB): peak = 3565.645 ; gain = 0.000
INFO: [Project 1-111] Unisim Transformation Summary:
No Unisim elements were transformed.

INFO: [IP_Flow 19-1839] IP Catalog is up to date.
INFO: [IP_Flow 19-1839] IP Catalog is up to date.
INFO: [IP_Flow 19-1839] IP Catalog is up to date.
INFO: [IP_Flow 19-1839] IP Catalog is up to date.
INFO: [IP_Flow 19-1839] IP Catalog is up to date.
INFO: [IP_Flow 19-1839] IP Catalog is up to date.
INFO: [IP_Flow 19-1839] IP Catalog is up to date.
INFO: [IP_Flow 19-1839] IP Catalog is up to date.
INFO: [IP_Flow 19-1839] IP Catalog is up to date.
INFO: [IP_Flow 19-1839] IP Catalog is up to date.
INFO: [IP_Flow 19-1839] IP Catalog is up to date.
INFO: [IP_Flow 19-1839] IP Catalog is up to date.
INFO: [IP_Flow 19-1839] IP Catalog is up to date.
INFO: [IP_Flow 19-1839] IP Catalog is up to date.
INFO: [IP_Flow 19-1839] IP Catalog is up to date.
INFO: [IP_Flow 19-1839] IP Catalog is up to date.
INFO: [IP_Flow 19-1839] IP Catalog is up to date.
INFO: [IP_Flow 19-1839] IP Catalog is up to date.
current_design impl_1
report_drc -name drc_1 -ruledecks {default}
Command: report_drc -name drc_1 -ruledecks default
INFO: [IP_Flow 19-1839] IP Catalog is up to date.
INFO: [DRC 23-27] Running DRC with 2 threads
report_drc completed successfully
set_operating_conditions -heatsink none
report_power -name {power_1}
Command: report_power -name power_1
Running Vector-less Activity Propagation...

Finished Running Vector-less Activity Propagation
0 Infos, 0 Warnings, 0 Critical Warnings and 0 Errors encountered.
report_power completed successfully
report_methodology -name ultrafast_methodology_1
Command: report_methodology -name ultrafast_methodology_1
INFO: [Timing 38-35] Done setting XDC timing constraints.
INFO: [DRC 23-133] Running Methodology with 2 threads
report_methodology completed successfully
launch_runs impl_1 -to_step write_bitstream -jobs 8
[Sat Dec 21 15:30:40 2024] Launched impl_1...
Run output will be captured here: C:/Users/andre/Desktop/snn-fpga/vivado/snn_fpga/snn_fpga.runs/impl_1/runme.log
reset_run synth_1
WARNING: [Vivado 12-1017] Problems encountered:
1. Couldn't access process for termination

reset_run synth_1
INFO: [Project 1-1161] Replacing file C:/Users/andre/Desktop/snn-fpga/vivado/snn_fpga/snn_fpga.srcs/utils_1/imports/synth_1/top.dcp with file C:/Users/andre/Desktop/snn-fpga/vivado/snn_fpga/snn_fpga.runs/synth_1/top.dcp
WARNING: [Vivado 12-1017] Problems encountered:
1. Failed to delete one or more files in run directory C:/Users/andre/Desktop/snn-fpga/vivado/snn_fpga/snn_fpga.runs/synth_1

launch_runs synth_1 -jobs 8
[Sat Dec 21 15:31:03 2024] Launched synth_1...
Run output will be captured here: C:/Users/andre/Desktop/snn-fpga/vivado/snn_fpga/snn_fpga.runs/synth_1/runme.log
current_sim simulation_6
close_sim
INFO: xsimkernel Simulation Memory Usage: 210984 KB (Peak: 210984 KB), Simulation CPU Usage: 27078 ms
INFO: [Simtcl 6-16] Simulation closed
current_sim simulation_5
close_sim
INFO: xsimkernel Simulation Memory Usage: 197812 KB (Peak: 197812 KB), Simulation CPU Usage: 35827 ms
INFO: [Simtcl 6-16] Simulation closed
close_sim
INFO: [Simtcl 6-16] Simulation closed
exit
INFO: [Common 17-206] Exiting Vivado at Sat Dec 21 15:33:11 2024...
