#-----------------------------------------------------------
# Vivado v2024.2 (64-bit)
# SW Build 5239630 on Fri Nov 08 22:35:27 MST 2024
# IP Build 5239520 on Sun Nov 10 16:12:51 MST 2024
# SharedData Build 5239561 on Fri Nov 08 14:39:27 MST 2024
# Start of session at: Thu Jan  2 09:40:27 2025
# Process ID         : 9192
# Current directory  : C:/Users/andre/Desktop/snn-fpga/vivado
# Command line       : vivado.exe -mode tcl -source .\basys3_project.tcl
# Log file           : C:/Users/andre/Desktop/snn-fpga/vivado/vivado.log
# Journal file       : C:/Users/andre/Desktop/snn-fpga/vivado\vivado.jou
# Running On         : DESKTOP-OVIC86T
# Platform           : Windows Server 2016 or Windows 10
# Operating System   : 19045
# Processor Detail   : Intel(R) Core(TM) i9-9880H CPU @ 2.30GHz
# CPU Frequency      : 2304 MHz
# CPU Physical cores : 8
# CPU Logical cores  : 16
# Host memory        : 34248 MB
# Swap memory        : 5100 MB
# Total Virtual      : 39349 MB
# Available Virtual  : 27161 MB
#-----------------------------------------------------------
source {.\basys3_project.tcl}
# create_project -force snn_fpga ./snn_fpga -part xc7a35tcpg236-1
# add_files ../src/hdl/bram/mem/input_bram.mem
# add_files ../src/hdl/bram/mem/mem_bram.mem
# add_files ../src/hdl/bram/mem/spk_in_bram.mem
# add_files ../src/hdl/bram/mem/weight_bram.mem
# add_files ../src/hdl/bram/mem/tile_idx_bram.mem
# add_files ../src/hdl/top_microblaze.sv
# add_files ../src/hdl/basys3-constraints.xdc
# source ../src/hdl/microblaze.tcl
## namespace eval _tcl {
## proc get_script_folder {} {
##    set script_path [file normalize [info script]]
##    set script_folder [file dirname $script_path]
##    return $script_folder
## }
## }
## variable script_folder
## set script_folder [_tcl::get_script_folder]
## set scripts_vivado_version 2024.2
## set current_vivado_version [version -short]
## if { [string first $scripts_vivado_version $current_vivado_version] == -1 } {
##    puts ""
##    if { [string compare $scripts_vivado_version $current_vivado_version] > 0 } {
##       catch {common::send_gid_msg -ssname BD::TCL -id 2042 -severity "ERROR" " This script was generated using Vivado <$scripts_vivado_version> and is being run in <$current_vivado_version> of Vivado. Sourcing the script failed since it was created with a future version of Vivado."}
## 
##    } else {
##      catch {common::send_gid_msg -ssname BD::TCL -id 2041 -severity "ERROR" "This script was generated using Vivado <$scripts_vivado_version> and is being run in <$current_vivado_version> of Vivado. Please run the script in Vivado <$scripts_vivado_version> then open the design in Vivado <$current_vivado_version>. Upgrade the design by running \"Tools => Report => Report IP Status...\", then run write_bd_tcl to create an updated script."}
## 
##    }
## 
##    return 1
## }
## set list_projs [get_projects -quiet]
## if { $list_projs eq "" } {
##    create_project project_1 myproj -part xc7a35tcpg236-1
## }
## variable design_name
## set design_name microblaze
## set errMsg ""
## set nRet 0
## set cur_design [current_bd_design -quiet]
## set list_cells [get_bd_cells -quiet]
## if { ${design_name} eq "" } {
##    # USE CASES:
##    #    1) Design_name not set
## 
##    set errMsg "Please set the variable <design_name> to a non-empty value."
##    set nRet 1
## 
## } elseif { ${cur_design} ne "" && ${list_cells} eq "" } {
##    # USE CASES:
##    #    2): Current design opened AND is empty AND names same.
##    #    3): Current design opened AND is empty AND names diff; design_name NOT in project.
##    #    4): Current design opened AND is empty AND names diff; design_name exists in project.
## 
##    if { $cur_design ne $design_name } {
##       common::send_gid_msg -ssname BD::TCL -id 2001 -severity "INFO" "Changing value of <design_name> from <$design_name> to <$cur_design> since current design is empty."
##       set design_name [get_property NAME $cur_design]
##    }
##    common::send_gid_msg -ssname BD::TCL -id 2002 -severity "INFO" "Constructing design in IPI design <$cur_design>..."
## 
## } elseif { ${cur_design} ne "" && $list_cells ne "" && $cur_design eq $design_name } {
##    # USE CASES:
##    #    5) Current design opened AND has components AND same names.
## 
##    set errMsg "Design <$design_name> already exists in your project, please set the variable <design_name> to another value."
##    set nRet 1
## } elseif { [get_files -quiet ${design_name}.bd] ne "" } {
##    # USE CASES: 
##    #    6) Current opened design, has components, but diff names, design_name exists in project.
##    #    7) No opened design, design_name exists in project.
## 
##    set errMsg "Design <$design_name> already exists in your project, please set the variable <design_name> to another value."
##    set nRet 2
## 
## } else {
##    # USE CASES:
##    #    8) No opened design, design_name not in project.
##    #    9) Current opened design, has components, but diff names, design_name not in project.
## 
##    common::send_gid_msg -ssname BD::TCL -id 2003 -severity "INFO" "Currently there is no design <$design_name> in project, so creating one..."
## 
##    create_bd_design $design_name
## 
##    common::send_gid_msg -ssname BD::TCL -id 2004 -severity "INFO" "Making design <$design_name> as current_bd_design."
##    current_bd_design $design_name
## 
## }
INFO: [BD::TCL 103-2003] Currently there is no design <microblaze> in project, so creating one...
Wrote  : <C:\Users\andre\Desktop\snn-fpga\vivado\snn_fpga\snn_fpga.srcs\sources_1\bd\microblaze\microblaze.bd> 
INFO: [BD::TCL 103-2004] Making design <microblaze> as current_bd_design.
## common::send_gid_msg -ssname BD::TCL -id 2005 -severity "INFO" "Currently the variable <design_name> is equal to \"$design_name\"."
INFO: [BD::TCL 103-2005] Currently the variable <design_name> is equal to "microblaze".
## if { $nRet != 0 } {
##    catch {common::send_gid_msg -ssname BD::TCL -id 2006 -severity "ERROR" $errMsg}
##    return $nRet
## }
## set bCheckIPsPassed 1
## set bCheckIPs 1
## if { $bCheckIPs == 1 } {
##    set list_check_ips "\ 
## xilinx.com:ip:clk_wiz:6.0\
## xilinx.com:ip:axi_uartlite:2.0\
## xilinx.com:ip:proc_sys_reset:5.0\
## xilinx.com:ip:axi_bram_ctrl:4.1\
## xilinx.com:ip:smartconnect:1.0\
## xilinx.com:ip:microblaze:11.0\
## xilinx.com:ip:mdm:3.2\
## xilinx.com:ip:axi_gpio:2.0\
## xilinx.com:ip:lmb_v10:3.0\
## xilinx.com:ip:lmb_bram_if_cntlr:4.0\
## xilinx.com:ip:blk_mem_gen:8.4\
## "
## 
##    set list_ips_missing ""
##    common::send_gid_msg -ssname BD::TCL -id 2011 -severity "INFO" "Checking if the following IPs exist in the project's IP catalog: $list_check_ips ."
## 
##    foreach ip_vlnv $list_check_ips {
##       set ip_obj [get_ipdefs -all $ip_vlnv]
##       if { $ip_obj eq "" } {
##          lappend list_ips_missing $ip_vlnv
##       }
##    }
## 
##    if { $list_ips_missing ne "" } {
##       catch {common::send_gid_msg -ssname BD::TCL -id 2012 -severity "ERROR" "The following IPs are not found in the IP Catalog:\n  $list_ips_missing\n\nResolution: Please add the repository containing the IP(s) to the project." }
##       set bCheckIPsPassed 0
##    }
## 
## }
INFO: [BD::TCL 103-2011] Checking if the following IPs exist in the project's IP catalog:  
xilinx.com:ip:clk_wiz:6.0 xilinx.com:ip:axi_uartlite:2.0 xilinx.com:ip:proc_sys_reset:5.0 xilinx.com:ip:axi_bram_ctrl:4.1 xilinx.com:ip:smartconnect:1.0 xilinx.com:ip:microblaze:11.0 xilinx.com:ip:mdm:3.2 xilinx.com:ip:axi_gpio:2.0 xilinx.com:ip:lmb_v10:3.0 xilinx.com:ip:lmb_bram_if_cntlr:4.0 xilinx.com:ip:blk_mem_gen:8.4  .
## if { $bCheckIPsPassed != 1 } {
##   common::send_gid_msg -ssname BD::TCL -id 2023 -severity "WARNING" "Will not continue with creation of design due to the error(s) above."
##   return 3
## }
## proc create_hier_cell_microblaze_0_local_memory { parentCell nameHier } {
## 
##   variable script_folder
## 
##   if { $parentCell eq "" || $nameHier eq "" } {
##      catch {common::send_gid_msg -ssname BD::TCL -id 2092 -severity "ERROR" "create_hier_cell_microblaze_0_local_memory() - Empty argument(s)!"}
##      return
##   }
## 
##   # Get object for parentCell
##   set parentObj [get_bd_cells $parentCell]
##   if { $parentObj == "" } {
##      catch {common::send_gid_msg -ssname BD::TCL -id 2090 -severity "ERROR" "Unable to find parent cell <$parentCell>!"}
##      return
##   }
## 
##   # Make sure parentObj is hier blk
##   set parentType [get_property TYPE $parentObj]
##   if { $parentType ne "hier" } {
##      catch {common::send_gid_msg -ssname BD::TCL -id 2091 -severity "ERROR" "Parent <$parentObj> has TYPE = <$parentType>. Expected to be <hier>."}
##      return
##   }
## 
##   # Save current instance; Restore later
##   set oldCurInst [current_bd_instance .]
## 
##   # Set parent object as current
##   current_bd_instance $parentObj
## 
##   # Create cell and set as current instance
##   set hier_obj [create_bd_cell -type hier $nameHier]
##   current_bd_instance $hier_obj
## 
##   # Create interface pins
##   create_bd_intf_pin -mode MirroredMaster -vlnv xilinx.com:interface:lmb_rtl:1.0 DLMB
## 
##   create_bd_intf_pin -mode MirroredMaster -vlnv xilinx.com:interface:lmb_rtl:1.0 ILMB
## 
## 
##   # Create pins
##   create_bd_pin -dir I -type clk LMB_Clk
##   create_bd_pin -dir I -type rst SYS_Rst
## 
##   # Create instance: dlmb_v10, and set properties
##   set dlmb_v10 [ create_bd_cell -type ip -vlnv xilinx.com:ip:lmb_v10:3.0 dlmb_v10 ]
## 
##   # Create instance: ilmb_v10, and set properties
##   set ilmb_v10 [ create_bd_cell -type ip -vlnv xilinx.com:ip:lmb_v10:3.0 ilmb_v10 ]
## 
##   # Create instance: dlmb_bram_if_cntlr, and set properties
##   set dlmb_bram_if_cntlr [ create_bd_cell -type ip -vlnv xilinx.com:ip:lmb_bram_if_cntlr:4.0 dlmb_bram_if_cntlr ]
##   set_property CONFIG.C_ECC {0} $dlmb_bram_if_cntlr
## 
## 
##   # Create instance: ilmb_bram_if_cntlr, and set properties
##   set ilmb_bram_if_cntlr [ create_bd_cell -type ip -vlnv xilinx.com:ip:lmb_bram_if_cntlr:4.0 ilmb_bram_if_cntlr ]
##   set_property CONFIG.C_ECC {0} $ilmb_bram_if_cntlr
## 
## 
##   # Create instance: lmb_bram, and set properties
##   set lmb_bram [ create_bd_cell -type ip -vlnv xilinx.com:ip:blk_mem_gen:8.4 lmb_bram ]
##   set_property -dict [list \
##     CONFIG.Memory_Type {True_Dual_Port_RAM} \
##     CONFIG.use_bram_block {BRAM_Controller} \
##   ] $lmb_bram
## 
## 
##   # Create interface connections
##   connect_bd_intf_net -intf_net microblaze_0_dlmb [get_bd_intf_pins dlmb_v10/LMB_M] [get_bd_intf_pins DLMB]
##   connect_bd_intf_net -intf_net microblaze_0_dlmb_bus [get_bd_intf_pins dlmb_v10/LMB_Sl_0] [get_bd_intf_pins dlmb_bram_if_cntlr/SLMB]
##   connect_bd_intf_net -intf_net microblaze_0_dlmb_cntlr [get_bd_intf_pins dlmb_bram_if_cntlr/BRAM_PORT] [get_bd_intf_pins lmb_bram/BRAM_PORTA]
##   connect_bd_intf_net -intf_net microblaze_0_ilmb [get_bd_intf_pins ilmb_v10/LMB_M] [get_bd_intf_pins ILMB]
##   connect_bd_intf_net -intf_net microblaze_0_ilmb_bus [get_bd_intf_pins ilmb_v10/LMB_Sl_0] [get_bd_intf_pins ilmb_bram_if_cntlr/SLMB]
##   connect_bd_intf_net -intf_net microblaze_0_ilmb_cntlr [get_bd_intf_pins ilmb_bram_if_cntlr/BRAM_PORT] [get_bd_intf_pins lmb_bram/BRAM_PORTB]
## 
##   # Create port connections
##   connect_bd_net -net SYS_Rst_1  [get_bd_pins SYS_Rst] \
##   [get_bd_pins dlmb_v10/SYS_Rst] \
##   [get_bd_pins dlmb_bram_if_cntlr/LMB_Rst] \
##   [get_bd_pins ilmb_v10/SYS_Rst] \
##   [get_bd_pins ilmb_bram_if_cntlr/LMB_Rst]
##   connect_bd_net -net microblaze_0_Clk  [get_bd_pins LMB_Clk] \
##   [get_bd_pins dlmb_v10/LMB_Clk] \
##   [get_bd_pins dlmb_bram_if_cntlr/LMB_Clk] \
##   [get_bd_pins ilmb_v10/LMB_Clk] \
##   [get_bd_pins ilmb_bram_if_cntlr/LMB_Clk]
## 
##   # Restore current instance
##   current_bd_instance $oldCurInst
## }
## proc create_root_design { parentCell } {
## 
##   variable script_folder
##   variable design_name
## 
##   if { $parentCell eq "" } {
##      set parentCell [get_bd_cells /]
##   }
## 
##   # Get object for parentCell
##   set parentObj [get_bd_cells $parentCell]
##   if { $parentObj == "" } {
##      catch {common::send_gid_msg -ssname BD::TCL -id 2090 -severity "ERROR" "Unable to find parent cell <$parentCell>!"}
##      return
##   }
## 
##   # Make sure parentObj is hier blk
##   set parentType [get_property TYPE $parentObj]
##   if { $parentType ne "hier" } {
##      catch {common::send_gid_msg -ssname BD::TCL -id 2091 -severity "ERROR" "Parent <$parentObj> has TYPE = <$parentType>. Expected to be <hier>."}
##      return
##   }
## 
##   # Save current instance; Restore later
##   set oldCurInst [current_bd_instance .]
## 
##   # Set parent object as current
##   current_bd_instance $parentObj
## 
## 
##   # Create interface ports
##   set uart [ create_bd_intf_port -mode Master -vlnv xilinx.com:interface:uart_rtl:1.0 uart ]
## 
##   set BRAM_WEIGHT [ create_bd_intf_port -mode Master -vlnv xilinx.com:interface:bram_rtl:1.0 BRAM_WEIGHT ]
##   set_property -dict [ list \
##    CONFIG.MASTER_TYPE {BRAM_CTRL} \
##    CONFIG.READ_WRITE_MODE {READ_WRITE} \
##    ] $BRAM_WEIGHT
## 
##   set BRAM_SPK [ create_bd_intf_port -mode Master -vlnv xilinx.com:interface:bram_rtl:1.0 BRAM_SPK ]
##   set_property -dict [ list \
##    CONFIG.MASTER_TYPE {BRAM_CTRL} \
##    CONFIG.READ_WRITE_MODE {READ_WRITE} \
##    ] $BRAM_SPK
## 
##   set BRAM_INPUT [ create_bd_intf_port -mode Master -vlnv xilinx.com:interface:bram_rtl:1.0 BRAM_INPUT ]
##   set_property -dict [ list \
##    CONFIG.MASTER_TYPE {BRAM_CTRL} \
##    CONFIG.READ_WRITE_MODE {READ_WRITE} \
##    ] $BRAM_INPUT
## 
##   set BRAM_TILE_IDX [ create_bd_intf_port -mode Master -vlnv xilinx.com:interface:bram_rtl:1.0 BRAM_TILE_IDX ]
##   set_property -dict [ list \
##    CONFIG.MASTER_TYPE {BRAM_CTRL} \
##    CONFIG.READ_WRITE_MODE {READ_WRITE} \
##    ] $BRAM_TILE_IDX
## 
##   set snn_in [ create_bd_intf_port -mode Master -vlnv xilinx.com:interface:gpio_rtl:1.0 snn_in ]
## 
##   set snn_en [ create_bd_intf_port -mode Master -vlnv xilinx.com:interface:gpio_rtl:1.0 snn_en ]
## 
## 
##   # Create ports
##   set clk [ create_bd_port -dir I -type clk -freq_hz 100000000 clk ]
##   set rst [ create_bd_port -dir I -type rst rst ]
##   set_property -dict [ list \
##    CONFIG.POLARITY {ACTIVE_LOW} \
##  ] $rst
## 
##   # Create instance: clk_wiz_0, and set properties
##   set clk_wiz_0 [ create_bd_cell -type ip -vlnv xilinx.com:ip:clk_wiz:6.0 clk_wiz_0 ]
## 
##   # Create instance: axi_uartlite_0, and set properties
##   set axi_uartlite_0 [ create_bd_cell -type ip -vlnv xilinx.com:ip:axi_uartlite:2.0 axi_uartlite_0 ]
##   set_property CONFIG.C_BAUDRATE {9600} $axi_uartlite_0
## 
## 
##   # Create instance: rst_clk_wiz_0_100M, and set properties
##   set rst_clk_wiz_0_100M [ create_bd_cell -type ip -vlnv xilinx.com:ip:proc_sys_reset:5.0 rst_clk_wiz_0_100M ]
## 
##   # Create instance: axi_bram_ctrl_0, and set properties
##   set axi_bram_ctrl_0 [ create_bd_cell -type ip -vlnv xilinx.com:ip:axi_bram_ctrl:4.1 axi_bram_ctrl_0 ]
##   set_property -dict [list \
##     CONFIG.DATA_WIDTH {128} \
##     CONFIG.PROTOCOL {AXI4} \
##     CONFIG.READ_LATENCY {2} \
##     CONFIG.SINGLE_PORT_BRAM {1} \
##   ] $axi_bram_ctrl_0
## 
## 
##   # Create instance: axi_bram_ctrl_1, and set properties
##   set axi_bram_ctrl_1 [ create_bd_cell -type ip -vlnv xilinx.com:ip:axi_bram_ctrl:4.1 axi_bram_ctrl_1 ]
##   set_property -dict [list \
##     CONFIG.DATA_WIDTH {32} \
##     CONFIG.READ_LATENCY {2} \
##     CONFIG.SINGLE_PORT_BRAM {1} \
##   ] $axi_bram_ctrl_1
## 
## 
##   # Create instance: axi_bram_ctrl_2, and set properties
##   set axi_bram_ctrl_2 [ create_bd_cell -type ip -vlnv xilinx.com:ip:axi_bram_ctrl:4.1 axi_bram_ctrl_2 ]
##   set_property -dict [list \
##     CONFIG.DATA_WIDTH {32} \
##     CONFIG.READ_LATENCY {2} \
##     CONFIG.SINGLE_PORT_BRAM {1} \
##   ] $axi_bram_ctrl_2
## 
## 
##   # Create instance: axi_bram_ctrl_3, and set properties
##   set axi_bram_ctrl_3 [ create_bd_cell -type ip -vlnv xilinx.com:ip:axi_bram_ctrl:4.1 axi_bram_ctrl_3 ]
##   set_property -dict [list \
##     CONFIG.DATA_WIDTH {32} \
##     CONFIG.READ_LATENCY {2} \
##     CONFIG.SINGLE_PORT_BRAM {1} \
##   ] $axi_bram_ctrl_3
## 
## 
##   # Create instance: axi_smc, and set properties
##   set axi_smc [ create_bd_cell -type ip -vlnv xilinx.com:ip:smartconnect:1.0 axi_smc ]
##   set_property -dict [list \
##     CONFIG.NUM_MI {6} \
##     CONFIG.NUM_SI {1} \
##   ] $axi_smc
## 
## 
##   # Create instance: microblaze_0, and set properties
##   set microblaze_0 [ create_bd_cell -type ip -vlnv xilinx.com:ip:microblaze:11.0 microblaze_0 ]
##   set_property -dict [list \
##     CONFIG.C_DEBUG_ENABLED {1} \
##     CONFIG.C_D_AXI {1} \
##     CONFIG.C_D_LMB {1} \
##     CONFIG.C_I_LMB {1} \
##   ] $microblaze_0
## 
## 
##   # Create instance: microblaze_0_local_memory
##   create_hier_cell_microblaze_0_local_memory [current_bd_instance .] microblaze_0_local_memory
## 
##   # Create instance: mdm_1, and set properties
##   set mdm_1 [ create_bd_cell -type ip -vlnv xilinx.com:ip:mdm:3.2 mdm_1 ]
## 
##   # Create instance: axi_gpio_0, and set properties
##   set axi_gpio_0 [ create_bd_cell -type ip -vlnv xilinx.com:ip:axi_gpio:2.0 axi_gpio_0 ]
##   set_property -dict [list \
##     CONFIG.C_ALL_INPUTS {1} \
##     CONFIG.C_ALL_OUTPUTS_2 {1} \
##     CONFIG.C_GPIO2_WIDTH {1} \
##     CONFIG.C_GPIO_WIDTH {2} \
##     CONFIG.C_IS_DUAL {1} \
##   ] $axi_gpio_0
## 
## 
##   # Create interface connections
##   connect_bd_intf_net -intf_net axi_bram_ctrl_0_BRAM_PORTA [get_bd_intf_ports BRAM_WEIGHT] [get_bd_intf_pins axi_bram_ctrl_0/BRAM_PORTA]
##   connect_bd_intf_net -intf_net axi_bram_ctrl_1_BRAM_PORTA [get_bd_intf_ports BRAM_SPK] [get_bd_intf_pins axi_bram_ctrl_1/BRAM_PORTA]
##   connect_bd_intf_net -intf_net axi_bram_ctrl_2_BRAM_PORTA [get_bd_intf_ports BRAM_INPUT] [get_bd_intf_pins axi_bram_ctrl_2/BRAM_PORTA]
##   connect_bd_intf_net -intf_net axi_bram_ctrl_3_BRAM_PORTA [get_bd_intf_ports BRAM_TILE_IDX] [get_bd_intf_pins axi_bram_ctrl_3/BRAM_PORTA]
##   connect_bd_intf_net -intf_net axi_gpio_0_GPIO [get_bd_intf_ports snn_in] [get_bd_intf_pins axi_gpio_0/GPIO]
##   connect_bd_intf_net -intf_net axi_gpio_0_GPIO2 [get_bd_intf_ports snn_en] [get_bd_intf_pins axi_gpio_0/GPIO2]
##   connect_bd_intf_net -intf_net axi_smc_M00_AXI [get_bd_intf_pins axi_smc/M00_AXI] [get_bd_intf_pins axi_bram_ctrl_0/S_AXI]
##   connect_bd_intf_net -intf_net axi_smc_M01_AXI [get_bd_intf_pins axi_smc/M01_AXI] [get_bd_intf_pins axi_bram_ctrl_1/S_AXI]
##   connect_bd_intf_net -intf_net axi_smc_M02_AXI [get_bd_intf_pins axi_smc/M02_AXI] [get_bd_intf_pins axi_bram_ctrl_2/S_AXI]
##   connect_bd_intf_net -intf_net axi_smc_M03_AXI [get_bd_intf_pins axi_smc/M03_AXI] [get_bd_intf_pins axi_bram_ctrl_3/S_AXI]
##   connect_bd_intf_net -intf_net axi_smc_M04_AXI [get_bd_intf_pins axi_smc/M04_AXI] [get_bd_intf_pins axi_uartlite_0/S_AXI]
##   connect_bd_intf_net -intf_net axi_smc_M05_AXI [get_bd_intf_pins axi_smc/M05_AXI] [get_bd_intf_pins axi_gpio_0/S_AXI]
##   connect_bd_intf_net -intf_net axi_uartlite_0_UART [get_bd_intf_ports uart] [get_bd_intf_pins axi_uartlite_0/UART]
##   connect_bd_intf_net -intf_net microblaze_0_M_AXI_DP [get_bd_intf_pins microblaze_0/M_AXI_DP] [get_bd_intf_pins axi_smc/S00_AXI]
##   connect_bd_intf_net -intf_net microblaze_0_debug [get_bd_intf_pins mdm_1/MBDEBUG_0] [get_bd_intf_pins microblaze_0/DEBUG]
##   connect_bd_intf_net -intf_net microblaze_0_dlmb_1 [get_bd_intf_pins microblaze_0/DLMB] [get_bd_intf_pins microblaze_0_local_memory/DLMB]
##   connect_bd_intf_net -intf_net microblaze_0_ilmb_1 [get_bd_intf_pins microblaze_0/ILMB] [get_bd_intf_pins microblaze_0_local_memory/ILMB]
## 
##   # Create port connections
##   connect_bd_net -net clk_100MHz_1  [get_bd_ports clk] \
##   [get_bd_pins clk_wiz_0/clk_in1]
##   connect_bd_net -net clk_wiz_0_locked  [get_bd_pins clk_wiz_0/locked] \
##   [get_bd_pins rst_clk_wiz_0_100M/dcm_locked]
##   connect_bd_net -net mdm_1_debug_sys_rst  [get_bd_pins mdm_1/Debug_SYS_Rst] \
##   [get_bd_pins rst_clk_wiz_0_100M/mb_debug_sys_rst] \
##   [get_bd_pins clk_wiz_0/reset]
##   connect_bd_net -net microblaze_0_Clk  [get_bd_pins clk_wiz_0/clk_out1] \
##   [get_bd_pins rst_clk_wiz_0_100M/slowest_sync_clk] \
##   [get_bd_pins axi_uartlite_0/s_axi_aclk] \
##   [get_bd_pins axi_bram_ctrl_0/s_axi_aclk] \
##   [get_bd_pins axi_bram_ctrl_1/s_axi_aclk] \
##   [get_bd_pins axi_bram_ctrl_2/s_axi_aclk] \
##   [get_bd_pins axi_bram_ctrl_3/s_axi_aclk] \
##   [get_bd_pins axi_smc/aclk] \
##   [get_bd_pins microblaze_0/Clk] \
##   [get_bd_pins microblaze_0_local_memory/LMB_Clk] \
##   [get_bd_pins axi_gpio_0/s_axi_aclk]
##   connect_bd_net -net reset_rtl_0_1  [get_bd_ports rst] \
##   [get_bd_pins rst_clk_wiz_0_100M/ext_reset_in]
##   connect_bd_net -net rst_clk_wiz_0_100M_bus_struct_reset  [get_bd_pins rst_clk_wiz_0_100M/bus_struct_reset] \
##   [get_bd_pins microblaze_0_local_memory/SYS_Rst]
##   connect_bd_net -net rst_clk_wiz_0_100M_mb_reset  [get_bd_pins rst_clk_wiz_0_100M/mb_reset] \
##   [get_bd_pins microblaze_0/Reset]
##   connect_bd_net -net rst_clk_wiz_0_100M_peripheral_aresetn  [get_bd_pins rst_clk_wiz_0_100M/peripheral_aresetn] \
##   [get_bd_pins axi_uartlite_0/s_axi_aresetn] \
##   [get_bd_pins axi_bram_ctrl_0/s_axi_aresetn] \
##   [get_bd_pins axi_bram_ctrl_1/s_axi_aresetn] \
##   [get_bd_pins axi_bram_ctrl_2/s_axi_aresetn] \
##   [get_bd_pins axi_bram_ctrl_3/s_axi_aresetn] \
##   [get_bd_pins axi_smc/aresetn] \
##   [get_bd_pins axi_gpio_0/s_axi_aresetn]
## 
##   # Create address segments
##   assign_bd_address -offset 0xC0000000 -range 0x00002000 -target_address_space [get_bd_addr_spaces microblaze_0/Data] [get_bd_addr_segs axi_bram_ctrl_0/S_AXI/Mem0] -force
##   assign_bd_address -offset 0xC2000000 -range 0x00002000 -target_address_space [get_bd_addr_spaces microblaze_0/Data] [get_bd_addr_segs axi_bram_ctrl_1/S_AXI/Mem0] -force
##   assign_bd_address -offset 0xC4000000 -range 0x00002000 -target_address_space [get_bd_addr_spaces microblaze_0/Data] [get_bd_addr_segs axi_bram_ctrl_2/S_AXI/Mem0] -force
##   assign_bd_address -offset 0xC6000000 -range 0x00002000 -target_address_space [get_bd_addr_spaces microblaze_0/Data] [get_bd_addr_segs axi_bram_ctrl_3/S_AXI/Mem0] -force
##   assign_bd_address -offset 0x40000000 -range 0x00010000 -target_address_space [get_bd_addr_spaces microblaze_0/Data] [get_bd_addr_segs axi_gpio_0/S_AXI/Reg] -force
##   assign_bd_address -offset 0x40600000 -range 0x00010000 -target_address_space [get_bd_addr_spaces microblaze_0/Data] [get_bd_addr_segs axi_uartlite_0/S_AXI/Reg] -force
##   assign_bd_address -offset 0x00000000 -range 0x00004000 -target_address_space [get_bd_addr_spaces microblaze_0/Data] [get_bd_addr_segs microblaze_0_local_memory/dlmb_bram_if_cntlr/SLMB/Mem] -force
##   assign_bd_address -offset 0x00000000 -range 0x00004000 -target_address_space [get_bd_addr_spaces microblaze_0/Instruction] [get_bd_addr_segs microblaze_0_local_memory/ilmb_bram_if_cntlr/SLMB/Mem] -force
## 
## 
##   # Restore current instance
##   current_bd_instance $oldCurInst
## 
##   validate_bd_design
##   save_bd_design
## }
## create_root_design ""
INFO: [Device 21-403] Loading part xc7a35tcpg236-1
INFO: [xilinx.com:ip:axi_bram_ctrl:4.1-2] microblaze_axi_bram_ctrl_0_0: In IP Integrator, please note that memory depth value gets calculated based on the Data Width of the IP and Address range selected in the Address Editor.Incase a validation error occured on the range of this parameter, please check if the selected Data width and the Address Range are valid. For valid Data width and memory depth values, please refer to the AXI BRAM Controller Product Guide.
INFO: [xilinx.com:ip:axi_bram_ctrl:4.1-1] microblaze_axi_bram_ctrl_0_0: In IP Integrator, The Maximum address range supported is 2G. Selecting the address range more than 2G in the address editor may resets the value of Memory depth to default value (1024). please refer to the AXI BRAM Controller Product Guide.
INFO: [xilinx.com:ip:axi_bram_ctrl:4.1-2] microblaze_axi_bram_ctrl_0_0: In IP Integrator, please note that memory depth value gets calculated based on the Data Width of the IP and Address range selected in the Address Editor.Incase a validation error occured on the range of this parameter, please check if the selected Data width and the Address Range are valid. For valid Data width and memory depth values, please refer to the AXI BRAM Controller Product Guide.
INFO: [xilinx.com:ip:axi_bram_ctrl:4.1-1] microblaze_axi_bram_ctrl_0_0: In IP Integrator, The Maximum address range supported is 2G. Selecting the address range more than 2G in the address editor may resets the value of Memory depth to default value (1024). please refer to the AXI BRAM Controller Product Guide.
INFO: [xilinx.com:ip:axi_bram_ctrl:4.1-2] microblaze_axi_bram_ctrl_1_0: In IP Integrator, please note that memory depth value gets calculated based on the Data Width of the IP and Address range selected in the Address Editor.Incase a validation error occured on the range of this parameter, please check if the selected Data width and the Address Range are valid. For valid Data width and memory depth values, please refer to the AXI BRAM Controller Product Guide.
INFO: [xilinx.com:ip:axi_bram_ctrl:4.1-1] microblaze_axi_bram_ctrl_1_0: In IP Integrator, The Maximum address range supported is 2G. Selecting the address range more than 2G in the address editor may resets the value of Memory depth to default value (1024). please refer to the AXI BRAM Controller Product Guide.
INFO: [xilinx.com:ip:axi_bram_ctrl:4.1-2] microblaze_axi_bram_ctrl_2_0: In IP Integrator, please note that memory depth value gets calculated based on the Data Width of the IP and Address range selected in the Address Editor.Incase a validation error occured on the range of this parameter, please check if the selected Data width and the Address Range are valid. For valid Data width and memory depth values, please refer to the AXI BRAM Controller Product Guide.
INFO: [xilinx.com:ip:axi_bram_ctrl:4.1-1] microblaze_axi_bram_ctrl_2_0: In IP Integrator, The Maximum address range supported is 2G. Selecting the address range more than 2G in the address editor may resets the value of Memory depth to default value (1024). please refer to the AXI BRAM Controller Product Guide.
INFO: [xilinx.com:ip:axi_bram_ctrl:4.1-2] microblaze_axi_bram_ctrl_3_0: In IP Integrator, please note that memory depth value gets calculated based on the Data Width of the IP and Address range selected in the Address Editor.Incase a validation error occured on the range of this parameter, please check if the selected Data width and the Address Range are valid. For valid Data width and memory depth values, please refer to the AXI BRAM Controller Product Guide.
INFO: [xilinx.com:ip:axi_bram_ctrl:4.1-1] microblaze_axi_bram_ctrl_3_0: In IP Integrator, The Maximum address range supported is 2G. Selecting the address range more than 2G in the address editor may resets the value of Memory depth to default value (1024). please refer to the AXI BRAM Controller Product Guide.
Slave segment '/axi_bram_ctrl_0/S_AXI/Mem0' is being assigned into address space '/microblaze_0/Data' at <0xC000_0000 [ 8K ]>.
Slave segment '/axi_bram_ctrl_1/S_AXI/Mem0' is being assigned into address space '/microblaze_0/Data' at <0xC200_0000 [ 8K ]>.
Slave segment '/axi_bram_ctrl_2/S_AXI/Mem0' is being assigned into address space '/microblaze_0/Data' at <0xC400_0000 [ 8K ]>.
Slave segment '/axi_bram_ctrl_3/S_AXI/Mem0' is being assigned into address space '/microblaze_0/Data' at <0xC600_0000 [ 8K ]>.
Slave segment '/axi_gpio_0/S_AXI/Reg' is being assigned into address space '/microblaze_0/Data' at <0x4000_0000 [ 64K ]>.
Slave segment '/axi_uartlite_0/S_AXI/Reg' is being assigned into address space '/microblaze_0/Data' at <0x4060_0000 [ 64K ]>.
Slave segment '/microblaze_0_local_memory/dlmb_bram_if_cntlr/SLMB/Mem' is being assigned into address space '/microblaze_0/Data' at <0x0000_0000 [ 16K ]>.
Slave segment '/microblaze_0_local_memory/ilmb_bram_if_cntlr/SLMB/Mem' is being assigned into address space '/microblaze_0/Instruction' at <0x0000_0000 [ 16K ]>.
INFO: [BD 5-943] Reserving offset range <0xC000_0000 [ 8K ]> from slave interface '/axi_smc/S00_AXI' to master interface '/axi_smc/M00_AXI'. This will be used by smartconnect on path for routing.
INFO: [BD 5-943] Reserving offset range <0xC200_0000 [ 8K ]> from slave interface '/axi_smc/S00_AXI' to master interface '/axi_smc/M01_AXI'. This will be used by smartconnect on path for routing.
INFO: [BD 5-943] Reserving offset range <0xC400_0000 [ 8K ]> from slave interface '/axi_smc/S00_AXI' to master interface '/axi_smc/M02_AXI'. This will be used by smartconnect on path for routing.
INFO: [BD 5-943] Reserving offset range <0xC600_0000 [ 8K ]> from slave interface '/axi_smc/S00_AXI' to master interface '/axi_smc/M03_AXI'. This will be used by smartconnect on path for routing.
INFO: [BD 5-943] Reserving offset range <0x4060_0000 [ 64K ]> from slave interface '/axi_smc/S00_AXI' to master interface '/axi_smc/M04_AXI'. This will be used by smartconnect on path for routing.
INFO: [BD 5-943] Reserving offset range <0x4000_0000 [ 64K ]> from slave interface '/axi_smc/S00_AXI' to master interface '/axi_smc/M05_AXI'. This will be used by smartconnect on path for routing.
INFO: [xilinx.com:ip:smartconnect:1.0-1] microblaze_axi_smc_0: SmartConnect microblaze_axi_smc_0 is in High-performance Mode.
WARNING: [filemgmt 56-443] The ECC Algorithm string is empty. Setting the Memory Map to default ECC value to ECC_NONE.
INFO: [xilinx.com:ip:clk_wiz:6.0-1] /clk_wiz_0 clk_wiz propagate
INFO: [xilinx.com:ip:microblaze:11.0-9] /microblaze_0: Setting C_BASE_VECTORS to 0x00000000.
validate_bd_design: Time (s): cpu = 00:00:05 ; elapsed = 00:00:06 . Memory (MB): peak = 744.879 ; gain = 110.441
Wrote  : <C:\Users\andre\Desktop\snn-fpga\vivado\snn_fpga\snn_fpga.srcs\sources_1\bd\microblaze\microblaze.bd> 
# make_wrapper -files [get_files microblaze.bd] -top
INFO: [BD 41-1662] The design 'microblaze.bd' is already validated. Therefore parameter propagation will not be re-run.
WARNING: [filemgmt 56-443] The ECC Algorithm string is empty. Setting the Memory Map to default ECC value to ECC_NONE.
WARNING: [filemgmt 56-443] The ECC Algorithm string is empty. Setting the Memory Map to default ECC value to ECC_NONE.
Verilog Output written to : C:/Users/andre/Desktop/snn-fpga/vivado/snn_fpga/snn_fpga.gen/sources_1/bd/microblaze/synth/microblaze.v
Verilog Output written to : C:/Users/andre/Desktop/snn-fpga/vivado/snn_fpga/snn_fpga.gen/sources_1/bd/microblaze/sim/microblaze.v
Verilog Output written to : C:/Users/andre/Desktop/snn-fpga/vivado/snn_fpga/snn_fpga.gen/sources_1/bd/microblaze/hdl/microblaze_wrapper.v
# add_files -norecurse ./snn_fpga/snn_fpga.gen/sources_1/bd/microblaze/hdl/microblaze_wrapper.v
# set_property include_dirs {../src/hdl/ ../src/hdl/bram ../src/hdl/snn ../src/hdl/fifo ../src/hdl/bram/mem} [current_fileset]
# set_property top top_microblaze [current_fileset]
# launch_runs impl_1 -to_step write_bitstream -jobs 12
INFO: [BD 41-1662] The design 'microblaze.bd' is already validated. Therefore parameter propagation will not be re-run.
WARNING: [filemgmt 56-443] The ECC Algorithm string is empty. Setting the Memory Map to default ECC value to ECC_NONE.
WARNING: [filemgmt 56-443] The ECC Algorithm string is empty. Setting the Memory Map to default ECC value to ECC_NONE.
Verilog Output written to : C:/Users/andre/Desktop/snn-fpga/vivado/snn_fpga/snn_fpga.gen/sources_1/bd/microblaze/synth/microblaze.v
Verilog Output written to : C:/Users/andre/Desktop/snn-fpga/vivado/snn_fpga/snn_fpga.gen/sources_1/bd/microblaze/sim/microblaze.v
Verilog Output written to : C:/Users/andre/Desktop/snn-fpga/vivado/snn_fpga/snn_fpga.gen/sources_1/bd/microblaze/hdl/microblaze_wrapper.v
INFO: [BD 41-1029] Generation completed for the IP Integrator block clk_wiz_0 .
WARNING: [IP_Flow 19-4994] Overwriting existing constraint file 'c:/Users/andre/Desktop/snn-fpga/vivado/snn_fpga/snn_fpga.gen/sources_1/bd/microblaze/ip/microblaze_axi_uartlite_0_0/microblaze_axi_uartlite_0_0_ooc.xdc'
INFO: [BD 41-1029] Generation completed for the IP Integrator block axi_uartlite_0 .
INFO: [BD 41-1029] Generation completed for the IP Integrator block rst_clk_wiz_0_100M .
INFO: [BD 41-1029] Generation completed for the IP Integrator block axi_bram_ctrl_0 .
INFO: [BD 41-1029] Generation completed for the IP Integrator block axi_bram_ctrl_1 .
INFO: [BD 41-1029] Generation completed for the IP Integrator block axi_bram_ctrl_2 .
INFO: [BD 41-1029] Generation completed for the IP Integrator block axi_bram_ctrl_3 .
Exporting to file c:/Users/andre/Desktop/snn-fpga/vivado/snn_fpga/snn_fpga.gen/sources_1/bd/microblaze/ip/microblaze_axi_smc_0/bd_0/hw_handoff/microblaze_axi_smc_0.hwh
Generated Hardware Definition File c:/Users/andre/Desktop/snn-fpga/vivado/snn_fpga/snn_fpga.gen/sources_1/bd/microblaze/ip/microblaze_axi_smc_0/bd_0/synth/microblaze_axi_smc_0.hwdef
INFO: [BD 41-1029] Generation completed for the IP Integrator block axi_smc .
INFO: [BD 41-1029] Generation completed for the IP Integrator block microblaze_0 .
INFO: [BD 41-1029] Generation completed for the IP Integrator block microblaze_0_local_memory/dlmb_v10 .
INFO: [BD 41-1029] Generation completed for the IP Integrator block microblaze_0_local_memory/ilmb_v10 .
INFO: [BD 41-1029] Generation completed for the IP Integrator block microblaze_0_local_memory/dlmb_bram_if_cntlr .
INFO: [BD 41-1029] Generation completed for the IP Integrator block microblaze_0_local_memory/ilmb_bram_if_cntlr .
INFO: [BD 41-1029] Generation completed for the IP Integrator block microblaze_0_local_memory/lmb_bram .
INFO: [BD 41-1029] Generation completed for the IP Integrator block mdm_1 .
INFO: [BD 41-1029] Generation completed for the IP Integrator block axi_gpio_0 .
Exporting to file C:/Users/andre/Desktop/snn-fpga/vivado/snn_fpga/snn_fpga.gen/sources_1/bd/microblaze/hw_handoff/microblaze.hwh
Generated Hardware Definition File C:/Users/andre/Desktop/snn-fpga/vivado/snn_fpga/snn_fpga.gen/sources_1/bd/microblaze/synth/microblaze.hwdef
INFO: [IP_Flow 19-6930] IPCACHE: runCacheChecks() number of threads = 8
INFO: [IP_Flow 19-6921] IPCACHE: Adding cache check func to thread queue for IP microblaze_axi_bram_ctrl_0_0
INFO: [IP_Flow 19-6921] IPCACHE: Adding cache check func to thread queue for IP microblaze_axi_bram_ctrl_1_0
INFO: [IP_Flow 19-6921] IPCACHE: Adding cache check func to thread queue for IP microblaze_axi_bram_ctrl_2_0
INFO: [IP_Flow 19-6921] IPCACHE: Adding cache check func to thread queue for IP microblaze_axi_bram_ctrl_3_0
INFO: [IP_Flow 19-6921] IPCACHE: Adding cache check func to thread queue for IP microblaze_axi_gpio_0_0
INFO: [IP_Flow 19-6921] IPCACHE: Adding cache check func to thread queue for IP microblaze_axi_smc_0
INFO: [IP_Flow 19-6921] IPCACHE: Adding cache check func to thread queue for IP microblaze_axi_uartlite_0_0
INFO: [IP_Flow 19-6921] IPCACHE: Adding cache check func to thread queue for IP microblaze_clk_wiz_0_0
INFO: [IP_Flow 19-6921] IPCACHE: Adding cache check func to thread queue for IP microblaze_dlmb_bram_if_cntlr_0
INFO: [IP_Flow 19-6921] IPCACHE: Adding cache check func to thread queue for IP microblaze_dlmb_v10_0
INFO: [IP_Flow 19-6921] IPCACHE: Adding cache check func to thread queue for IP microblaze_ilmb_bram_if_cntlr_0
INFO: [IP_Flow 19-6921] IPCACHE: Adding cache check func to thread queue for IP microblaze_ilmb_v10_0
INFO: [IP_Flow 19-6921] IPCACHE: Adding cache check func to thread queue for IP microblaze_lmb_bram_0
INFO: [IP_Flow 19-6921] IPCACHE: Adding cache check func to thread queue for IP microblaze_mdm_1_0
INFO: [IP_Flow 19-6921] IPCACHE: Adding cache check func to thread queue for IP microblaze_microblaze_0_0
INFO: [IP_Flow 19-6921] IPCACHE: Adding cache check func to thread queue for IP microblaze_rst_clk_wiz_0_100M_0
INFO: [IP_Flow 19-8020] IPCACHE: runCacheChecks() calling threadPool finishWork()
INFO: [IP_Flow 19-6924] IPCACHE: Running cache check for IP inst: microblaze_axi_bram_ctrl_0_0
INFO: [IP_Flow 19-6924] IPCACHE: Running cache check for IP inst: microblaze_axi_bram_ctrl_1_0
INFO: [IP_Flow 19-6924] IPCACHE: Running cache check for IP inst: microblaze_axi_bram_ctrl_2_0
INFO: [IP_Flow 19-6924] IPCACHE: Running cache check for IP inst: microblaze_axi_gpio_0_0
INFO: [IP_Flow 19-6924] IPCACHE: Running cache check for IP inst: microblaze_axi_bram_ctrl_3_0
INFO: [IP_Flow 19-6924] IPCACHE: Running cache check for IP inst: microblaze_microblaze_0_0
INFO: [IP_Flow 19-6924] IPCACHE: Running cache check for IP inst: microblaze_rst_clk_wiz_0_100M_0
INFO: [IP_Flow 19-6924] IPCACHE: Running cache check for IP inst: microblaze_axi_smc_0
INFO: [IP_Flow 19-6924] IPCACHE: Running cache check for IP inst: microblaze_axi_uartlite_0_0
INFO: [IP_Flow 19-6924] IPCACHE: Running cache check for IP inst: microblaze_clk_wiz_0_0
INFO: [IP_Flow 19-6924] IPCACHE: Running cache check for IP inst: microblaze_dlmb_v10_0
INFO: [IP_Flow 19-6924] IPCACHE: Running cache check for IP inst: microblaze_ilmb_v10_0
INFO: [IP_Flow 19-6924] IPCACHE: Running cache check for IP inst: microblaze_dlmb_bram_if_cntlr_0
INFO: [IP_Flow 19-6924] IPCACHE: Running cache check for IP inst: microblaze_lmb_bram_0
INFO: [IP_Flow 19-6924] IPCACHE: Running cache check for IP inst: microblaze_ilmb_bram_if_cntlr_0
INFO: [IP_Flow 19-6924] IPCACHE: Running cache check for IP inst: microblaze_mdm_1_0
[Thu Jan  2 09:41:08 2025] Launched microblaze_axi_uartlite_0_0_synth_1, microblaze_axi_smc_0_synth_1, microblaze_axi_bram_ctrl_2_0_synth_1, microblaze_rst_clk_wiz_0_100M_0_synth_1, microblaze_axi_bram_ctrl_3_0_synth_1, microblaze_clk_wiz_0_0_synth_1, microblaze_axi_bram_ctrl_0_0_synth_1, microblaze_axi_bram_ctrl_1_0_synth_1, microblaze_dlmb_bram_if_cntlr_0_synth_1, microblaze_dlmb_v10_0_synth_1, microblaze_ilmb_bram_if_cntlr_0_synth_1, microblaze_axi_gpio_0_0_synth_1, microblaze_lmb_bram_0_synth_1, microblaze_microblaze_0_0_synth_1, microblaze_ilmb_v10_0_synth_1, microblaze_mdm_1_0_synth_1, synth_1...
Run output will be captured here:
microblaze_axi_uartlite_0_0_synth_1: C:/Users/andre/Desktop/snn-fpga/vivado/snn_fpga/snn_fpga.runs/microblaze_axi_uartlite_0_0_synth_1/runme.log
microblaze_axi_smc_0_synth_1: C:/Users/andre/Desktop/snn-fpga/vivado/snn_fpga/snn_fpga.runs/microblaze_axi_smc_0_synth_1/runme.log
microblaze_axi_bram_ctrl_2_0_synth_1: C:/Users/andre/Desktop/snn-fpga/vivado/snn_fpga/snn_fpga.runs/microblaze_axi_bram_ctrl_2_0_synth_1/runme.log
microblaze_rst_clk_wiz_0_100M_0_synth_1: C:/Users/andre/Desktop/snn-fpga/vivado/snn_fpga/snn_fpga.runs/microblaze_rst_clk_wiz_0_100M_0_synth_1/runme.log
microblaze_axi_bram_ctrl_3_0_synth_1: C:/Users/andre/Desktop/snn-fpga/vivado/snn_fpga/snn_fpga.runs/microblaze_axi_bram_ctrl_3_0_synth_1/runme.log
microblaze_clk_wiz_0_0_synth_1: C:/Users/andre/Desktop/snn-fpga/vivado/snn_fpga/snn_fpga.runs/microblaze_clk_wiz_0_0_synth_1/runme.log
microblaze_axi_bram_ctrl_0_0_synth_1: C:/Users/andre/Desktop/snn-fpga/vivado/snn_fpga/snn_fpga.runs/microblaze_axi_bram_ctrl_0_0_synth_1/runme.log
microblaze_axi_bram_ctrl_1_0_synth_1: C:/Users/andre/Desktop/snn-fpga/vivado/snn_fpga/snn_fpga.runs/microblaze_axi_bram_ctrl_1_0_synth_1/runme.log
microblaze_dlmb_bram_if_cntlr_0_synth_1: C:/Users/andre/Desktop/snn-fpga/vivado/snn_fpga/snn_fpga.runs/microblaze_dlmb_bram_if_cntlr_0_synth_1/runme.log
microblaze_dlmb_v10_0_synth_1: C:/Users/andre/Desktop/snn-fpga/vivado/snn_fpga/snn_fpga.runs/microblaze_dlmb_v10_0_synth_1/runme.log
microblaze_ilmb_bram_if_cntlr_0_synth_1: C:/Users/andre/Desktop/snn-fpga/vivado/snn_fpga/snn_fpga.runs/microblaze_ilmb_bram_if_cntlr_0_synth_1/runme.log
microblaze_axi_gpio_0_0_synth_1: C:/Users/andre/Desktop/snn-fpga/vivado/snn_fpga/snn_fpga.runs/microblaze_axi_gpio_0_0_synth_1/runme.log
microblaze_lmb_bram_0_synth_1: C:/Users/andre/Desktop/snn-fpga/vivado/snn_fpga/snn_fpga.runs/microblaze_lmb_bram_0_synth_1/runme.log
microblaze_microblaze_0_0_synth_1: C:/Users/andre/Desktop/snn-fpga/vivado/snn_fpga/snn_fpga.runs/microblaze_microblaze_0_0_synth_1/runme.log
microblaze_ilmb_v10_0_synth_1: C:/Users/andre/Desktop/snn-fpga/vivado/snn_fpga/snn_fpga.runs/microblaze_ilmb_v10_0_synth_1/runme.log
microblaze_mdm_1_0_synth_1: C:/Users/andre/Desktop/snn-fpga/vivado/snn_fpga/snn_fpga.runs/microblaze_mdm_1_0_synth_1/runme.log
synth_1: C:/Users/andre/Desktop/snn-fpga/vivado/snn_fpga/snn_fpga.runs/synth_1/runme.log
[Thu Jan  2 09:41:08 2025] Launched impl_1...
Run output will be captured here: C:/Users/andre/Desktop/snn-fpga/vivado/snn_fpga/snn_fpga.runs/impl_1/runme.log
launch_runs: Time (s): cpu = 00:00:12 ; elapsed = 00:00:23 . Memory (MB): peak = 808.410 ; gain = 47.391
# wait_on_run impl_1
[Thu Jan  2 09:41:08 2025] Waiting for impl_1 to finish...

*** Running vivado
    with args -log top_microblaze.vdi -applog -m64 -product Vivado -messageDb vivado.pb -mode batch -source top_microblaze.tcl -notrace



****** Vivado v2024.2 (64-bit)
  **** SW Build 5239630 on Fri Nov 08 22:35:27 MST 2024
  **** IP Build 5239520 on Sun Nov 10 16:12:51 MST 2024
  **** SharedData Build 5239561 on Fri Nov 08 14:39:27 MST 2024
  **** Start of session at: Thu Jan  2 09:49:53 2025
    ** Copyright 1986-2022 Xilinx, Inc. All Rights Reserved.
    ** Copyright 2022-2024 Advanced Micro Devices, Inc. All Rights Reserved.

source top_microblaze.tcl -notrace
INFO: [IP_Flow 19-234] Refreshing IP repositories
INFO: [IP_Flow 19-1704] No user IP repositories specified
INFO: [IP_Flow 19-2313] Loaded Vivado IP repository 'C:/Xilinx/Vivado/2024.2/data/ip'.
Command: link_design -top top_microblaze -part xc7a35tcpg236-1
Design is defaulting to srcset: sources_1
Design is defaulting to constrset: constrs_1
INFO: [Device 21-403] Loading part xc7a35tcpg236-1
INFO: [Project 1-454] Reading design checkpoint 'c:/Users/andre/Desktop/snn-fpga/vivado/snn_fpga/snn_fpga.gen/sources_1/bd/microblaze/ip/microblaze_axi_bram_ctrl_0_0/microblaze_axi_bram_ctrl_0_0.dcp' for cell 'microblaze/microblaze_i/axi_bram_ctrl_0'
INFO: [Project 1-454] Reading design checkpoint 'c:/Users/andre/Desktop/snn-fpga/vivado/snn_fpga/snn_fpga.gen/sources_1/bd/microblaze/ip/microblaze_axi_bram_ctrl_1_0/microblaze_axi_bram_ctrl_1_0.dcp' for cell 'microblaze/microblaze_i/axi_bram_ctrl_1'
INFO: [Project 1-454] Reading design checkpoint 'c:/Users/andre/Desktop/snn-fpga/vivado/snn_fpga/snn_fpga.gen/sources_1/bd/microblaze/ip/microblaze_axi_bram_ctrl_2_0/microblaze_axi_bram_ctrl_2_0.dcp' for cell 'microblaze/microblaze_i/axi_bram_ctrl_2'
INFO: [Project 1-454] Reading design checkpoint 'c:/Users/andre/Desktop/snn-fpga/vivado/snn_fpga/snn_fpga.gen/sources_1/bd/microblaze/ip/microblaze_axi_bram_ctrl_3_0/microblaze_axi_bram_ctrl_3_0.dcp' for cell 'microblaze/microblaze_i/axi_bram_ctrl_3'
INFO: [Project 1-454] Reading design checkpoint 'c:/Users/andre/Desktop/snn-fpga/vivado/snn_fpga/snn_fpga.gen/sources_1/bd/microblaze/ip/microblaze_axi_gpio_0_0/microblaze_axi_gpio_0_0.dcp' for cell 'microblaze/microblaze_i/axi_gpio_0'
INFO: [Project 1-454] Reading design checkpoint 'c:/Users/andre/Desktop/snn-fpga/vivado/snn_fpga/snn_fpga.gen/sources_1/bd/microblaze/ip/microblaze_axi_smc_0/microblaze_axi_smc_0.dcp' for cell 'microblaze/microblaze_i/axi_smc'
INFO: [Project 1-454] Reading design checkpoint 'c:/Users/andre/Desktop/snn-fpga/vivado/snn_fpga/snn_fpga.gen/sources_1/bd/microblaze/ip/microblaze_axi_uartlite_0_0/microblaze_axi_uartlite_0_0.dcp' for cell 'microblaze/microblaze_i/axi_uartlite_0'
INFO: [Project 1-454] Reading design checkpoint 'c:/Users/andre/Desktop/snn-fpga/vivado/snn_fpga/snn_fpga.gen/sources_1/bd/microblaze/ip/microblaze_clk_wiz_0_0/microblaze_clk_wiz_0_0.dcp' for cell 'microblaze/microblaze_i/clk_wiz_0'
INFO: [Project 1-454] Reading design checkpoint 'c:/Users/andre/Desktop/snn-fpga/vivado/snn_fpga/snn_fpga.gen/sources_1/bd/microblaze/ip/microblaze_mdm_1_0/microblaze_mdm_1_0.dcp' for cell 'microblaze/microblaze_i/mdm_1'
INFO: [Project 1-454] Reading design checkpoint 'c:/Users/andre/Desktop/snn-fpga/vivado/snn_fpga/snn_fpga.gen/sources_1/bd/microblaze/ip/microblaze_microblaze_0_0/microblaze_microblaze_0_0.dcp' for cell 'microblaze/microblaze_i/microblaze_0'
INFO: [Project 1-454] Reading design checkpoint 'c:/Users/andre/Desktop/snn-fpga/vivado/snn_fpga/snn_fpga.gen/sources_1/bd/microblaze/ip/microblaze_rst_clk_wiz_0_100M_0/microblaze_rst_clk_wiz_0_100M_0.dcp' for cell 'microblaze/microblaze_i/rst_clk_wiz_0_100M'
INFO: [Project 1-454] Reading design checkpoint 'c:/Users/andre/Desktop/snn-fpga/vivado/snn_fpga/snn_fpga.gen/sources_1/bd/microblaze/ip/microblaze_dlmb_bram_if_cntlr_0/microblaze_dlmb_bram_if_cntlr_0.dcp' for cell 'microblaze/microblaze_i/microblaze_0_local_memory/dlmb_bram_if_cntlr'
INFO: [Project 1-454] Reading design checkpoint 'c:/Users/andre/Desktop/snn-fpga/vivado/snn_fpga/snn_fpga.gen/sources_1/bd/microblaze/ip/microblaze_dlmb_v10_0/microblaze_dlmb_v10_0.dcp' for cell 'microblaze/microblaze_i/microblaze_0_local_memory/dlmb_v10'
INFO: [Project 1-454] Reading design checkpoint 'c:/Users/andre/Desktop/snn-fpga/vivado/snn_fpga/snn_fpga.gen/sources_1/bd/microblaze/ip/microblaze_ilmb_bram_if_cntlr_0/microblaze_ilmb_bram_if_cntlr_0.dcp' for cell 'microblaze/microblaze_i/microblaze_0_local_memory/ilmb_bram_if_cntlr'
INFO: [Project 1-454] Reading design checkpoint 'c:/Users/andre/Desktop/snn-fpga/vivado/snn_fpga/snn_fpga.gen/sources_1/bd/microblaze/ip/microblaze_ilmb_v10_0/microblaze_ilmb_v10_0.dcp' for cell 'microblaze/microblaze_i/microblaze_0_local_memory/ilmb_v10'
INFO: [Project 1-454] Reading design checkpoint 'c:/Users/andre/Desktop/snn-fpga/vivado/snn_fpga/snn_fpga.gen/sources_1/bd/microblaze/ip/microblaze_lmb_bram_0/microblaze_lmb_bram_0.dcp' for cell 'microblaze/microblaze_i/microblaze_0_local_memory/lmb_bram'
Netlist sorting complete. Time (s): cpu = 00:00:02 ; elapsed = 00:00:02 . Memory (MB): peak = 712.090 ; gain = 0.000
INFO: [Netlist 29-17] Analyzing 2492 Unisim elements for replacement
INFO: [Netlist 29-28] Unisim Transformation completed in 1 CPU seconds
INFO: [Project 1-479] Netlist was created with Vivado 2024.2
INFO: [Project 1-570] Preparing netlist for logic optimization
WARNING: [Opt 31-35] Removing redundant IBUF, microblaze/microblaze_i/clk_wiz_0/inst/clkin1_ibufg, from the path connected to top-level port: clk 
Resolution: The tool has removed redundant IBUF. To resolve this warning, check for redundant IBUF in the input design.
WARNING: [Constraints 18-550] Could not create 'IBUF_LOW_PWR' constraint because net 'microblaze/microblaze_i/clk_wiz_0/clk_in1' is not directly connected to top level port. 'IBUF_LOW_PWR' is ignored for synthesis but preserved for implementation.
Parsing XDC File [c:/Users/andre/Desktop/snn-fpga/vivado/snn_fpga/snn_fpga.gen/sources_1/bd/microblaze/ip/microblaze_clk_wiz_0_0/microblaze_clk_wiz_0_0_board.xdc] for cell 'microblaze/microblaze_i/clk_wiz_0/inst'
Finished Parsing XDC File [c:/Users/andre/Desktop/snn-fpga/vivado/snn_fpga/snn_fpga.gen/sources_1/bd/microblaze/ip/microblaze_clk_wiz_0_0/microblaze_clk_wiz_0_0_board.xdc] for cell 'microblaze/microblaze_i/clk_wiz_0/inst'
Parsing XDC File [c:/Users/andre/Desktop/snn-fpga/vivado/snn_fpga/snn_fpga.gen/sources_1/bd/microblaze/ip/microblaze_clk_wiz_0_0/microblaze_clk_wiz_0_0.xdc] for cell 'microblaze/microblaze_i/clk_wiz_0/inst'
INFO: [Timing 38-35] Done setting XDC timing constraints. [c:/Users/andre/Desktop/snn-fpga/vivado/snn_fpga/snn_fpga.gen/sources_1/bd/microblaze/ip/microblaze_clk_wiz_0_0/microblaze_clk_wiz_0_0.xdc:54]
INFO: [Timing 38-2] Deriving generated clocks [c:/Users/andre/Desktop/snn-fpga/vivado/snn_fpga/snn_fpga.gen/sources_1/bd/microblaze/ip/microblaze_clk_wiz_0_0/microblaze_clk_wiz_0_0.xdc:54]
get_clocks: Time (s): cpu = 00:00:10 ; elapsed = 00:00:09 . Memory (MB): peak = 1530.848 ; gain = 607.168
Finished Parsing XDC File [c:/Users/andre/Desktop/snn-fpga/vivado/snn_fpga/snn_fpga.gen/sources_1/bd/microblaze/ip/microblaze_clk_wiz_0_0/microblaze_clk_wiz_0_0.xdc] for cell 'microblaze/microblaze_i/clk_wiz_0/inst'
Parsing XDC File [c:/Users/andre/Desktop/snn-fpga/vivado/snn_fpga/snn_fpga.gen/sources_1/bd/microblaze/ip/microblaze_axi_uartlite_0_0/microblaze_axi_uartlite_0_0_board.xdc] for cell 'microblaze/microblaze_i/axi_uartlite_0/U0'
Finished Parsing XDC File [c:/Users/andre/Desktop/snn-fpga/vivado/snn_fpga/snn_fpga.gen/sources_1/bd/microblaze/ip/microblaze_axi_uartlite_0_0/microblaze_axi_uartlite_0_0_board.xdc] for cell 'microblaze/microblaze_i/axi_uartlite_0/U0'
Parsing XDC File [c:/Users/andre/Desktop/snn-fpga/vivado/snn_fpga/snn_fpga.gen/sources_1/bd/microblaze/ip/microblaze_axi_uartlite_0_0/microblaze_axi_uartlite_0_0.xdc] for cell 'microblaze/microblaze_i/axi_uartlite_0/U0'
Finished Parsing XDC File [c:/Users/andre/Desktop/snn-fpga/vivado/snn_fpga/snn_fpga.gen/sources_1/bd/microblaze/ip/microblaze_axi_uartlite_0_0/microblaze_axi_uartlite_0_0.xdc] for cell 'microblaze/microblaze_i/axi_uartlite_0/U0'
Parsing XDC File [c:/Users/andre/Desktop/snn-fpga/vivado/snn_fpga/snn_fpga.gen/sources_1/bd/microblaze/ip/microblaze_rst_clk_wiz_0_100M_0/microblaze_rst_clk_wiz_0_100M_0_board.xdc] for cell 'microblaze/microblaze_i/rst_clk_wiz_0_100M/U0'
Finished Parsing XDC File [c:/Users/andre/Desktop/snn-fpga/vivado/snn_fpga/snn_fpga.gen/sources_1/bd/microblaze/ip/microblaze_rst_clk_wiz_0_100M_0/microblaze_rst_clk_wiz_0_100M_0_board.xdc] for cell 'microblaze/microblaze_i/rst_clk_wiz_0_100M/U0'
Parsing XDC File [c:/Users/andre/Desktop/snn-fpga/vivado/snn_fpga/snn_fpga.gen/sources_1/bd/microblaze/ip/microblaze_rst_clk_wiz_0_100M_0/microblaze_rst_clk_wiz_0_100M_0.xdc] for cell 'microblaze/microblaze_i/rst_clk_wiz_0_100M/U0'
Finished Parsing XDC File [c:/Users/andre/Desktop/snn-fpga/vivado/snn_fpga/snn_fpga.gen/sources_1/bd/microblaze/ip/microblaze_rst_clk_wiz_0_100M_0/microblaze_rst_clk_wiz_0_100M_0.xdc] for cell 'microblaze/microblaze_i/rst_clk_wiz_0_100M/U0'
Parsing XDC File [c:/Users/andre/Desktop/snn-fpga/vivado/snn_fpga/snn_fpga.gen/sources_1/bd/microblaze/ip/microblaze_axi_smc_0/bd_0/ip/ip_1/bd_87ec_psr_aclk_0_board.xdc] for cell 'microblaze/microblaze_i/axi_smc/inst/clk_map/psr_aclk/U0'
Finished Parsing XDC File [c:/Users/andre/Desktop/snn-fpga/vivado/snn_fpga/snn_fpga.gen/sources_1/bd/microblaze/ip/microblaze_axi_smc_0/bd_0/ip/ip_1/bd_87ec_psr_aclk_0_board.xdc] for cell 'microblaze/microblaze_i/axi_smc/inst/clk_map/psr_aclk/U0'
Parsing XDC File [c:/Users/andre/Desktop/snn-fpga/vivado/snn_fpga/snn_fpga.gen/sources_1/bd/microblaze/ip/microblaze_axi_smc_0/bd_0/ip/ip_1/bd_87ec_psr_aclk_0.xdc] for cell 'microblaze/microblaze_i/axi_smc/inst/clk_map/psr_aclk/U0'
Finished Parsing XDC File [c:/Users/andre/Desktop/snn-fpga/vivado/snn_fpga/snn_fpga.gen/sources_1/bd/microblaze/ip/microblaze_axi_smc_0/bd_0/ip/ip_1/bd_87ec_psr_aclk_0.xdc] for cell 'microblaze/microblaze_i/axi_smc/inst/clk_map/psr_aclk/U0'
Parsing XDC File [c:/Users/andre/Desktop/snn-fpga/vivado/snn_fpga/snn_fpga.gen/sources_1/bd/microblaze/ip/microblaze_axi_smc_0/smartconnect.xdc] for cell 'microblaze/microblaze_i/axi_smc/inst'
Finished Parsing XDC File [c:/Users/andre/Desktop/snn-fpga/vivado/snn_fpga/snn_fpga.gen/sources_1/bd/microblaze/ip/microblaze_axi_smc_0/smartconnect.xdc] for cell 'microblaze/microblaze_i/axi_smc/inst'
Parsing XDC File [c:/Users/andre/Desktop/snn-fpga/vivado/snn_fpga/snn_fpga.gen/sources_1/bd/microblaze/ip/microblaze_microblaze_0_0/microblaze_microblaze_0_0.xdc] for cell 'microblaze/microblaze_i/microblaze_0/U0'
Finished Parsing XDC File [c:/Users/andre/Desktop/snn-fpga/vivado/snn_fpga/snn_fpga.gen/sources_1/bd/microblaze/ip/microblaze_microblaze_0_0/microblaze_microblaze_0_0.xdc] for cell 'microblaze/microblaze_i/microblaze_0/U0'
Parsing XDC File [c:/Users/andre/Desktop/snn-fpga/vivado/snn_fpga/snn_fpga.gen/sources_1/bd/microblaze/ip/microblaze_axi_gpio_0_0/microblaze_axi_gpio_0_0_board.xdc] for cell 'microblaze/microblaze_i/axi_gpio_0/U0'
Finished Parsing XDC File [c:/Users/andre/Desktop/snn-fpga/vivado/snn_fpga/snn_fpga.gen/sources_1/bd/microblaze/ip/microblaze_axi_gpio_0_0/microblaze_axi_gpio_0_0_board.xdc] for cell 'microblaze/microblaze_i/axi_gpio_0/U0'
Parsing XDC File [c:/Users/andre/Desktop/snn-fpga/vivado/snn_fpga/snn_fpga.gen/sources_1/bd/microblaze/ip/microblaze_axi_gpio_0_0/microblaze_axi_gpio_0_0.xdc] for cell 'microblaze/microblaze_i/axi_gpio_0/U0'
Finished Parsing XDC File [c:/Users/andre/Desktop/snn-fpga/vivado/snn_fpga/snn_fpga.gen/sources_1/bd/microblaze/ip/microblaze_axi_gpio_0_0/microblaze_axi_gpio_0_0.xdc] for cell 'microblaze/microblaze_i/axi_gpio_0/U0'
Parsing XDC File [C:/Users/andre/Desktop/snn-fpga/src/hdl/basys3-constraints.xdc]
Finished Parsing XDC File [C:/Users/andre/Desktop/snn-fpga/src/hdl/basys3-constraints.xdc]
Parsing XDC File [c:/Users/andre/Desktop/snn-fpga/vivado/snn_fpga/snn_fpga.gen/sources_1/bd/microblaze/ip/microblaze_mdm_1_0/microblaze_mdm_1_0.xdc] for cell 'microblaze/microblaze_i/mdm_1/U0'
Finished Parsing XDC File [c:/Users/andre/Desktop/snn-fpga/vivado/snn_fpga/snn_fpga.gen/sources_1/bd/microblaze/ip/microblaze_mdm_1_0/microblaze_mdm_1_0.xdc] for cell 'microblaze/microblaze_i/mdm_1/U0'
INFO: [Project 1-1714] 117 XPM XDC files have been applied to the design.
INFO: [Opt 31-138] Pushed 0 inverter(s) to 0 load pin(s).
Generating merged BMM file for the design top 'top_microblaze'...

ERROR::14 - Missing keyword. 'MICROBLAZE' found, 'END_ADDRESS_MAP' expected.
ADDRESS_MAP  microblaze_microblaze_i_microblaze_0 microblaze-le 100 microblaze/microblaze_i/microblaze_0
                                                                    ^

CRITICAL WARNING: [Memdata 28-122] data2mem failed with a parsing error. Check the bmm file or the bmm_info_* properties on the BRAM components. The design BRAM components initialization strings have not been updated.
Netlist sorting complete. Time (s): cpu = 00:00:00 ; elapsed = 00:00:00.026 . Memory (MB): peak = 1530.848 ; gain = 0.000
INFO: [Project 1-111] Unisim Transformation Summary:
  A total of 958 instances were transformed.
  LUT6_2 => LUT6_2 (LUT5, LUT6): 80 instances
  RAM32M => RAM32M (RAMD32(x6), RAMS32(x2)): 498 instances
  RAM64M => RAM64M (RAMD64E(x4)): 380 instances

29 Infos, 2 Warnings, 1 Critical Warnings and 0 Errors encountered.
link_design completed successfully
link_design: Time (s): cpu = 00:00:29 ; elapsed = 00:00:30 . Memory (MB): peak = 1530.848 ; gain = 1155.484
Command: opt_design
Attempting to get a license for feature 'Implementation' and/or device 'xc7a35t'
INFO: [Common 17-349] Got license for feature 'Implementation' and/or device 'xc7a35t'
Running DRC as a precondition to command opt_design

Starting DRC Task
INFO: [DRC 23-27] Running DRC with 2 threads
INFO: [Project 1-461] DRC finished with 0 Errors
INFO: [Project 1-462] Please refer to the DRC report (report_drc) for more information.

Time (s): cpu = 00:00:03 ; elapsed = 00:00:01 . Memory (MB): peak = 1530.848 ; gain = 0.000

Starting Cache Timing Information Task
INFO: [Timing 38-35] Done setting XDC timing constraints.
Ending Cache Timing Information Task | Checksum: 2aedc48fe

Time (s): cpu = 00:00:02 ; elapsed = 00:00:02 . Memory (MB): peak = 1530.848 ; gain = 0.000

Starting Logic Optimization Task

Phase 1 Initialization

Phase 1.1 Core Generation And Design Setup
Phase 1.1 Core Generation And Design Setup | Checksum: 2aedc48fe

Time (s): cpu = 00:00:00 ; elapsed = 00:00:00.080 . Memory (MB): peak = 1911.289 ; gain = 0.000

Phase 1.2 Setup Constraints And Sort Netlist
Phase 1.2 Setup Constraints And Sort Netlist | Checksum: 2aedc48fe

Time (s): cpu = 00:00:00 ; elapsed = 00:00:00.115 . Memory (MB): peak = 1911.289 ; gain = 0.000
Phase 1 Initialization | Checksum: 2aedc48fe

Time (s): cpu = 00:00:00 ; elapsed = 00:00:00.118 . Memory (MB): peak = 1911.289 ; gain = 0.000

Phase 2 Timer Update And Timing Data Collection

Phase 2.1 Timer Update
Phase 2.1 Timer Update | Checksum: 2aedc48fe

Time (s): cpu = 00:00:01 ; elapsed = 00:00:01 . Memory (MB): peak = 1911.289 ; gain = 0.000

Phase 2.2 Timing Data Collection
Phase 2.2 Timing Data Collection | Checksum: 2aedc48fe

Time (s): cpu = 00:00:01 ; elapsed = 00:00:01 . Memory (MB): peak = 1911.289 ; gain = 0.000
Phase 2 Timer Update And Timing Data Collection | Checksum: 2aedc48fe

Time (s): cpu = 00:00:01 ; elapsed = 00:00:01 . Memory (MB): peak = 1911.289 ; gain = 0.000

Phase 3 Retarget
INFO: [Opt 31-1851] Number of loadless carry chains removed were: 0
INFO: [Opt 31-1834] Total Chains To Be Transformed Were: 0 AND Number of Transformed insts Created are: 0
INFO: [Opt 31-1566] Pulled 3 inverters resulting in an inversion of 38 pins
INFO: [Opt 31-138] Pushed 54 inverter(s) to 269 load pin(s).
INFO: [Opt 31-49] Retargeted 0 cell(s).
Phase 3 Retarget | Checksum: 2782136d3

Time (s): cpu = 00:00:02 ; elapsed = 00:00:02 . Memory (MB): peak = 1911.289 ; gain = 0.000
Retarget | Checksum: 2782136d3
INFO: [Opt 31-389] Phase Retarget created 85 cells and removed 160 cells
INFO: [Opt 31-1021] In phase Retarget, 144 netlist objects are constrained preventing optimization. Please run opt_design with -debug_log to get more detail. 

Phase 4 Constant propagation
INFO: [Opt 31-138] Pushed 0 inverter(s) to 0 load pin(s).
Phase 4 Constant propagation | Checksum: 27039e69c

Time (s): cpu = 00:00:02 ; elapsed = 00:00:02 . Memory (MB): peak = 1911.289 ; gain = 0.000
Constant propagation | Checksum: 27039e69c
INFO: [Opt 31-389] Phase Constant propagation created 62 cells and removed 453 cells
INFO: [Opt 31-1021] In phase Constant propagation, 141 netlist objects are constrained preventing optimization. Please run opt_design with -debug_log to get more detail. 

Phase 5 Sweep
INFO: [Constraints 18-11670] Building netlist checker database with flags, 0x8
Done building netlist checker database: Time (s): cpu = 00:00:00 ; elapsed = 00:00:00.026 . Memory (MB): peak = 1911.289 ; gain = 0.000
INFO: [Constraints 18-11670] Building netlist checker database with flags, 0x8
Done building netlist checker database: Time (s): cpu = 00:00:00 ; elapsed = 00:00:00.023 . Memory (MB): peak = 1911.289 ; gain = 0.000
Phase 5 Sweep | Checksum: 2054046c2

Time (s): cpu = 00:00:05 ; elapsed = 00:00:04 . Memory (MB): peak = 1911.289 ; gain = 0.000
Sweep | Checksum: 2054046c2
INFO: [Opt 31-389] Phase Sweep created 0 cells and removed 2325 cells
INFO: [Opt 31-1021] In phase Sweep, 177 netlist objects are constrained preventing optimization. Please run opt_design with -debug_log to get more detail. 

Phase 6 BUFG optimization
INFO: [Opt 31-194] Inserted BUFG clk_IBUF_BUFG_inst to drive 9485 load(s) on clock net clk_IBUF_BUFG
INFO: [Opt 31-194] Inserted BUFG microblaze/microblaze_i/mdm_1/U0/Use_E2.BSCAN_I/Dbg_Update_0_BUFG_inst to drive 39 load(s) on clock net microblaze/microblaze_i/mdm_1/U0/Use_E2.BSCAN_I/Dbg_Update_0_BUFG
INFO: [Opt 31-193] Inserted 2 BUFG(s) on clock nets
Phase 6 BUFG optimization | Checksum: 250dca535

Time (s): cpu = 00:00:06 ; elapsed = 00:00:05 . Memory (MB): peak = 1911.289 ; gain = 0.000
BUFG optimization | Checksum: 250dca535
INFO: [Opt 31-662] Phase BUFG optimization created 2 cells of which 2 are BUFGs and removed 0 cells.

Phase 7 Shift Register Optimization
INFO: [Opt 31-1064] SRL Remap converted 0 SRLs to 0 registers and converted 0 registers of register chains to 0 SRLs
Phase 7 Shift Register Optimization | Checksum: 250dca535

Time (s): cpu = 00:00:06 ; elapsed = 00:00:05 . Memory (MB): peak = 1911.289 ; gain = 0.000
Shift Register Optimization | Checksum: 250dca535
INFO: [Opt 31-389] Phase Shift Register Optimization created 0 cells and removed 0 cells

Phase 8 Post Processing Netlist
Phase 8 Post Processing Netlist | Checksum: 22c0137ad

Time (s): cpu = 00:00:06 ; elapsed = 00:00:05 . Memory (MB): peak = 1911.289 ; gain = 0.000
Post Processing Netlist | Checksum: 22c0137ad
INFO: [Opt 31-389] Phase Post Processing Netlist created 0 cells and removed 0 cells
INFO: [Opt 31-1021] In phase Post Processing Netlist, 141 netlist objects are constrained preventing optimization. Please run opt_design with -debug_log to get more detail. 

Phase 9 Finalization

Phase 9.1 Finalizing Design Cores and Updating Shapes
Phase 9.1 Finalizing Design Cores and Updating Shapes | Checksum: 1a770e8c5

Time (s): cpu = 00:00:08 ; elapsed = 00:00:07 . Memory (MB): peak = 1911.289 ; gain = 0.000

Phase 9.2 Verifying Netlist Connectivity

Starting Connectivity Check Task

Time (s): cpu = 00:00:00 ; elapsed = 00:00:00.059 . Memory (MB): peak = 1911.289 ; gain = 0.000
Phase 9.2 Verifying Netlist Connectivity | Checksum: 1a770e8c5

Time (s): cpu = 00:00:08 ; elapsed = 00:00:07 . Memory (MB): peak = 1911.289 ; gain = 0.000
Phase 9 Finalization | Checksum: 1a770e8c5

Time (s): cpu = 00:00:08 ; elapsed = 00:00:07 . Memory (MB): peak = 1911.289 ; gain = 0.000
Opt_design Change Summary
=========================


-------------------------------------------------------------------------------------------------------------------------
|  Phase                        |  #Cells created  |  #Cells Removed  |  #Constrained objects preventing optimizations  |
-------------------------------------------------------------------------------------------------------------------------
|  Retarget                     |              85  |             160  |                                            144  |
|  Constant propagation         |              62  |             453  |                                            141  |
|  Sweep                        |               0  |            2325  |                                            177  |
|  BUFG optimization            |               2  |               0  |                                              0  |
|  Shift Register Optimization  |               0  |               0  |                                              0  |
|  Post Processing Netlist      |               0  |               0  |                                            141  |
-------------------------------------------------------------------------------------------------------------------------


Ending Logic Optimization Task | Checksum: 1a770e8c5

Time (s): cpu = 00:00:08 ; elapsed = 00:00:07 . Memory (MB): peak = 1911.289 ; gain = 0.000

Starting Power Optimization Task
INFO: [Pwropt 34-132] Skipping clock gating for clocks with a period < 2.00 ns.
INFO: [Timing 38-35] Done setting XDC timing constraints.
INFO: [Pwropt 34-9] Applying IDT optimizations ...
INFO: [Pwropt 34-10] Applying ODC optimizations ...
Running Vector-less Activity Propagation...

Finished Running Vector-less Activity Propagation


Starting PowerOpt Patch Enables Task
INFO: [Pwropt 34-162] WRITE_MODE attribute of 0 BRAM(s) out of a total of 47 has been updated to save power. Run report_power_opt to get a complete listing of the BRAMs updated.
INFO: [Pwropt 34-201] Structural ODC has moved 0 WE to EN ports
Number of BRAM Ports augmented: 4 newly gated: 0 Total Ports: 94
Ending PowerOpt Patch Enables Task | Checksum: 208a58b2c

Time (s): cpu = 00:00:00 ; elapsed = 00:00:00.262 . Memory (MB): peak = 2242.527 ; gain = 0.000
Ending Power Optimization Task | Checksum: 208a58b2c

Time (s): cpu = 00:00:16 ; elapsed = 00:00:09 . Memory (MB): peak = 2242.527 ; gain = 331.238

Starting Final Cleanup Task

Starting Logic Optimization Task
INFO: [Timing 38-35] Done setting XDC timing constraints.
Ending Logic Optimization Task | Checksum: 2f4d18200

Time (s): cpu = 00:00:04 ; elapsed = 00:00:03 . Memory (MB): peak = 2242.527 ; gain = 0.000
Ending Final Cleanup Task | Checksum: 2f4d18200

Time (s): cpu = 00:00:08 ; elapsed = 00:00:07 . Memory (MB): peak = 2242.527 ; gain = 0.000

Starting Netlist Obfuscation Task
Netlist sorting complete. Time (s): cpu = 00:00:00 ; elapsed = 00:00:00.026 . Memory (MB): peak = 2242.527 ; gain = 0.000
Ending Netlist Obfuscation Task | Checksum: 2f4d18200

Time (s): cpu = 00:00:00 ; elapsed = 00:00:00.029 . Memory (MB): peak = 2242.527 ; gain = 0.000
INFO: [Common 17-83] Releasing license: Implementation
64 Infos, 2 Warnings, 1 Critical Warnings and 0 Errors encountered.
opt_design completed successfully
opt_design: Time (s): cpu = 00:00:41 ; elapsed = 00:00:29 . Memory (MB): peak = 2242.527 ; gain = 711.680
INFO: [Vivado 12-24828] Executing command : report_drc -file top_microblaze_drc_opted.rpt -pb top_microblaze_drc_opted.pb -rpx top_microblaze_drc_opted.rpx
Command: report_drc -file top_microblaze_drc_opted.rpt -pb top_microblaze_drc_opted.pb -rpx top_microblaze_drc_opted.rpx
INFO: [IP_Flow 19-1839] IP Catalog is up to date.
INFO: [DRC 23-27] Running DRC with 2 threads
INFO: [Vivado_Tcl 2-168] The results of DRC are in file C:/Users/andre/Desktop/snn-fpga/vivado/snn_fpga/snn_fpga.runs/impl_1/top_microblaze_drc_opted.rpt.
report_drc completed successfully
INFO: [Timing 38-35] Done setting XDC timing constraints.
INFO: [Timing 38-480] Writing timing data to binary archive.
Wrote PlaceDB: Time (s): cpu = 00:00:00 ; elapsed = 00:00:00.002 . Memory (MB): peak = 2242.527 ; gain = 0.000
Wrote PulsedLatchDB: Time (s): cpu = 00:00:00 ; elapsed = 00:00:00.001 . Memory (MB): peak = 2242.527 ; gain = 0.000
Writing XDEF routing.
Writing XDEF routing logical nets.
Writing XDEF routing special nets.
Wrote RouteStorage: Time (s): cpu = 00:00:00 ; elapsed = 00:00:00.069 . Memory (MB): peak = 2242.527 ; gain = 0.000
Wrote Netlist Cache: Time (s): cpu = 00:00:00 ; elapsed = 00:00:00 . Memory (MB): peak = 2242.527 ; gain = 0.000
Wrote Device Cache: Time (s): cpu = 00:00:00 ; elapsed = 00:00:00.006 . Memory (MB): peak = 2242.527 ; gain = 0.000
Write ShapeDB Complete: Time (s): cpu = 00:00:01 ; elapsed = 00:00:00.088 . Memory (MB): peak = 2242.527 ; gain = 0.000
Write Physdb Complete: Time (s): cpu = 00:00:01 ; elapsed = 00:00:00.084 . Memory (MB): peak = 2242.527 ; gain = 0.000
INFO: [Common 17-1381] The checkpoint 'C:/Users/andre/Desktop/snn-fpga/vivado/snn_fpga/snn_fpga.runs/impl_1/top_microblaze_opt.dcp' has been generated.
write_checkpoint: Time (s): cpu = 00:00:08 ; elapsed = 00:00:06 . Memory (MB): peak = 2242.527 ; gain = 0.000
Command: place_design
Attempting to get a license for feature 'Implementation' and/or device 'xc7a35t'
INFO: [Common 17-349] Got license for feature 'Implementation' and/or device 'xc7a35t'
INFO: [Common 17-83] Releasing license: Implementation
INFO: [DRC 23-27] Running DRC with 2 threads
INFO: [Vivado_Tcl 4-198] DRC finished with 0 Errors
INFO: [Vivado_Tcl 4-199] Please refer to the DRC report (report_drc) for more information.
Running DRC as a precondition to command place_design
INFO: [DRC 23-27] Running DRC with 2 threads
INFO: [Vivado_Tcl 4-198] DRC finished with 0 Errors
INFO: [Vivado_Tcl 4-199] Please refer to the DRC report (report_drc) for more information.
INFO: [Place 30-611] Multithreading enabled for place_design using a maximum of 2 CPUs

Starting Placer Task

Phase 1 Placer Initialization

Phase 1.1 Placer Initialization Netlist Sorting
Netlist sorting complete. Time (s): cpu = 00:00:00 ; elapsed = 00:00:00.025 . Memory (MB): peak = 2242.527 ; gain = 0.000
Phase 1.1 Placer Initialization Netlist Sorting | Checksum: 21c81010e

Time (s): cpu = 00:00:00 ; elapsed = 00:00:00.028 . Memory (MB): peak = 2242.527 ; gain = 0.000
Netlist sorting complete. Time (s): cpu = 00:00:00 ; elapsed = 00:00:00.024 . Memory (MB): peak = 2242.527 ; gain = 0.000

Phase 1.2 IO Placement/ Clock Placement/ Build Placer Device
Phase 1.2 IO Placement/ Clock Placement/ Build Placer Device | Checksum: 13a6c95c2

Time (s): cpu = 00:00:04 ; elapsed = 00:00:03 . Memory (MB): peak = 2242.527 ; gain = 0.000

Phase 1.3 Build Placer Netlist Model
Phase 1.3 Build Placer Netlist Model | Checksum: 22ada1424

Time (s): cpu = 00:00:16 ; elapsed = 00:00:11 . Memory (MB): peak = 2242.527 ; gain = 0.000

Phase 1.4 Constrain Clocks/Macros
Phase 1.4 Constrain Clocks/Macros | Checksum: 22ada1424

Time (s): cpu = 00:00:16 ; elapsed = 00:00:11 . Memory (MB): peak = 2242.527 ; gain = 0.000
Phase 1 Placer Initialization | Checksum: 22ada1424

Time (s): cpu = 00:00:16 ; elapsed = 00:00:12 . Memory (MB): peak = 2242.527 ; gain = 0.000

Phase 2 Global Placement

Phase 2.1 Floorplanning
Phase 2.1 Floorplanning | Checksum: 1a58bae06

Time (s): cpu = 00:00:20 ; elapsed = 00:00:14 . Memory (MB): peak = 2242.527 ; gain = 0.000

Phase 2.2 Update Timing before SLR Path Opt
Phase 2.2 Update Timing before SLR Path Opt | Checksum: 24ea7c557

Time (s): cpu = 00:00:23 ; elapsed = 00:00:16 . Memory (MB): peak = 2242.527 ; gain = 0.000

Phase 2.3 Post-Processing in Floorplanning
Phase 2.3 Post-Processing in Floorplanning | Checksum: 24ea7c557

Time (s): cpu = 00:00:23 ; elapsed = 00:00:16 . Memory (MB): peak = 2242.527 ; gain = 0.000

Phase 2.4 Global Place Phase1
Phase 2.4 Global Place Phase1 | Checksum: 255809e17

Time (s): cpu = 00:00:50 ; elapsed = 00:00:31 . Memory (MB): peak = 2242.527 ; gain = 0.000

Phase 2.5 Global Place Phase2

Phase 2.5.1 UpdateTiming Before Physical Synthesis
Phase 2.5.1 UpdateTiming Before Physical Synthesis | Checksum: 1c1e9fce6

Time (s): cpu = 00:00:54 ; elapsed = 00:00:33 . Memory (MB): peak = 2242.527 ; gain = 0.000

Phase 2.5.2 Physical Synthesis In Placer
INFO: [Physopt 32-1035] Found 0 LUTNM shape to break, 2179 LUT instances to create LUTNM shape
INFO: [Physopt 32-1044] Break lutnm for timing: one critical 0, two critical 0, total 0, new lutff created 0
INFO: [Physopt 32-1138] End 1 Pass. Optimized 1017 nets or LUTs. Breaked 0 LUT, combined 1017 existing LUTs and moved 0 existing LUT
INFO: [Physopt 32-65] No nets found for high-fanout optimization.
INFO: [Physopt 32-232] Optimized 0 net. Created 0 new instance.
INFO: [Physopt 32-775] End 1 Pass. Optimized 0 net or cell. Created 0 new cell, deleted 0 existing cell and moved 0 existing cell
INFO: [Physopt 32-456] No candidate cells for DSP register optimization found in the design.
INFO: [Physopt 32-775] End 2 Pass. Optimized 0 net or cell. Created 0 new cell, deleted 0 existing cell and moved 0 existing cell
INFO: [Physopt 32-1123] No candidate cells found for Shift Register to Pipeline optimization
INFO: [Physopt 32-775] End 2 Pass. Optimized 0 net or cell. Created 0 new cell, deleted 0 existing cell and moved 0 existing cell
INFO: [Physopt 32-1401] No candidate cells found for Shift Register optimization.
INFO: [Physopt 32-677] No candidate cells for Shift Register optimization found in the design
INFO: [Physopt 32-775] End 1 Pass. Optimized 0 net or cell. Created 0 new cell, deleted 0 existing cell and moved 0 existing cell
INFO: [Physopt 32-526] No candidate cells for BRAM register optimization found in the design
INFO: [Physopt 32-775] End 1 Pass. Optimized 0 net or cell. Created 0 new cell, deleted 0 existing cell and moved 0 existing cell
INFO: [Physopt 32-846] No candidate cells for URAM register optimization found in the design
INFO: [Physopt 32-775] End 1 Pass. Optimized 0 net or cell. Created 0 new cell, deleted 0 existing cell and moved 0 existing cell
INFO: [Physopt 32-846] No candidate cells for URAM register optimization found in the design
INFO: [Physopt 32-775] End 1 Pass. Optimized 0 net or cell. Created 0 new cell, deleted 0 existing cell and moved 0 existing cell
INFO: [Physopt 32-949] No candidate nets found for dynamic/static region interface net replication
INFO: [Physopt 32-775] End 1 Pass. Optimized 0 net or cell. Created 0 new cell, deleted 0 existing cell and moved 0 existing cell
Netlist sorting complete. Time (s): cpu = 00:00:00 ; elapsed = 00:00:00.025 . Memory (MB): peak = 2242.527 ; gain = 0.000

Summary of Physical Synthesis Optimizations
============================================


-----------------------------------------------------------------------------------------------------------------------------------------------------------
|  Optimization                                     |  Added Cells  |  Removed Cells  |  Optimized Cells/Nets  |  Dont Touch  |  Iterations  |  Elapsed   |
-----------------------------------------------------------------------------------------------------------------------------------------------------------
|  LUT Combining                                    |            0  |           1017  |                  1017  |           0  |           1  |  00:00:01  |
|  Retime                                           |            0  |              0  |                     0  |           0  |           1  |  00:00:00  |
|  Very High Fanout                                 |            0  |              0  |                     0  |           0  |           1  |  00:00:00  |
|  DSP Register                                     |            0  |              0  |                     0  |           0  |           1  |  00:00:00  |
|  Shift Register to Pipeline                       |            0  |              0  |                     0  |           0  |           1  |  00:00:00  |
|  Shift Register                                   |            0  |              0  |                     0  |           0  |           1  |  00:00:00  |
|  BRAM Register                                    |            0  |              0  |                     0  |           0  |           1  |  00:00:00  |
|  URAM Register                                    |            0  |              0  |                     0  |           0  |           1  |  00:00:00  |
|  Dynamic/Static Region Interface Net Replication  |            0  |              0  |                     0  |           0  |           1  |  00:00:00  |
|  Total                                            |            0  |           1017  |                  1017  |           0  |           9  |  00:00:01  |
-----------------------------------------------------------------------------------------------------------------------------------------------------------


Phase 2.5.2 Physical Synthesis In Placer | Checksum: 246fb96f0

Time (s): cpu = 00:01:00 ; elapsed = 00:00:38 . Memory (MB): peak = 2242.527 ; gain = 0.000
Phase 2.5 Global Place Phase2 | Checksum: 26a70bc9c

Time (s): cpu = 00:01:01 ; elapsed = 00:00:39 . Memory (MB): peak = 2242.527 ; gain = 0.000
Phase 2 Global Placement | Checksum: 26a70bc9c

Time (s): cpu = 00:01:01 ; elapsed = 00:00:39 . Memory (MB): peak = 2242.527 ; gain = 0.000

Phase 3 Detail Placement

Phase 3.1 Commit Multi Column Macros
Phase 3.1 Commit Multi Column Macros | Checksum: 2ea2565aa

Time (s): cpu = 00:01:05 ; elapsed = 00:00:41 . Memory (MB): peak = 2242.527 ; gain = 0.000

Phase 3.2 Commit Most Macros & LUTRAMs
Phase 3.2 Commit Most Macros & LUTRAMs | Checksum: 30686d10b

Time (s): cpu = 00:01:14 ; elapsed = 00:00:47 . Memory (MB): peak = 2242.527 ; gain = 0.000

Phase 3.3 Area Swap Optimization
Phase 3.3 Area Swap Optimization | Checksum: 2e302010b

Time (s): cpu = 00:01:14 ; elapsed = 00:00:47 . Memory (MB): peak = 2242.527 ; gain = 0.000

Phase 3.4 Pipeline Register Optimization
Phase 3.4 Pipeline Register Optimization | Checksum: 2f0d8db8c

Time (s): cpu = 00:01:15 ; elapsed = 00:00:47 . Memory (MB): peak = 2242.527 ; gain = 0.000

Phase 3.5 Fast Optimization
Phase 3.5 Fast Optimization | Checksum: 330b57014

Time (s): cpu = 00:01:25 ; elapsed = 00:00:53 . Memory (MB): peak = 2242.527 ; gain = 0.000

Phase 3.6 Small Shape Detail Placement
Phase 3.6 Small Shape Detail Placement | Checksum: 2233eeee0

Time (s): cpu = 00:01:34 ; elapsed = 00:01:02 . Memory (MB): peak = 2242.527 ; gain = 0.000

Phase 3.7 Re-assign LUT pins
Phase 3.7 Re-assign LUT pins | Checksum: 22c4af082

Time (s): cpu = 00:01:35 ; elapsed = 00:01:03 . Memory (MB): peak = 2242.527 ; gain = 0.000

Phase 3.8 Pipeline Register Optimization
Phase 3.8 Pipeline Register Optimization | Checksum: 23ea23f22

Time (s): cpu = 00:01:36 ; elapsed = 00:01:03 . Memory (MB): peak = 2242.527 ; gain = 0.000

Phase 3.9 Fast Optimization
Phase 3.9 Fast Optimization | Checksum: 278127aa8

Time (s): cpu = 00:01:48 ; elapsed = 00:01:10 . Memory (MB): peak = 2242.527 ; gain = 0.000
Phase 3 Detail Placement | Checksum: 278127aa8

Time (s): cpu = 00:01:49 ; elapsed = 00:01:11 . Memory (MB): peak = 2242.527 ; gain = 0.000

Phase 4 Post Placement Optimization and Clean-Up

Phase 4.1 Post Commit Optimization
INFO: [Timing 38-35] Done setting XDC timing constraints.

Phase 4.1.1 Post Placement Optimization
Post Placement Optimization Initialization | Checksum: 17589aa81

Phase 4.1.1.1 BUFG Insertion

Starting Physical Synthesis Task

Phase 1 Physical Synthesis Initialization
INFO: [Physopt 32-721] Multithreading enabled for phys_opt_design using a maximum of 2 CPUs
INFO: [Physopt 32-619] Estimated Timing Summary | WNS=-0.147 | TNS=-0.714 |
Phase 1 Physical Synthesis Initialization | Checksum: 13d1a5dd1

Time (s): cpu = 00:00:02 ; elapsed = 00:00:02 . Memory (MB): peak = 2242.527 ; gain = 0.000
INFO: [Place 46-33] Processed net en_done_controller_0/p_0_in, BUFG insertion was skipped due to placement/routing conflicts.
INFO: [Place 46-33] Processed net top_0/synapse_array_0/adder_tree_en, BUFG insertion was skipped due to placement/routing conflicts.
INFO: [Place 46-33] Processed net top_0/fifo_weight/buffer[0][1023]_i_1_n_0, BUFG insertion was skipped due to placement/routing conflicts.
INFO: [Place 46-33] Processed net top_0/fifo_weight/buffer[1][1023]_i_1_n_0, BUFG insertion was skipped due to placement/routing conflicts.
INFO: [Place 46-33] Processed net top_0/fifo_weight/buffer[2][1023]_i_1_n_0, BUFG insertion was skipped due to placement/routing conflicts.
INFO: [Place 46-33] Processed net top_0/fifo_weight/buffer[3][1023]_i_1_n_0, BUFG insertion was skipped due to placement/routing conflicts.
INFO: [Place 46-56] BUFG insertion identified 6 candidate nets. Inserted BUFG: 0, Replicated BUFG Driver: 0, Skipped due to Placement/Routing Conflicts: 6, Skipped due to Timing Degradation: 0, Skipped due to netlist editing failed: 0.
Ending Physical Synthesis Task | Checksum: 21a076b59

Time (s): cpu = 00:00:03 ; elapsed = 00:00:02 . Memory (MB): peak = 2242.527 ; gain = 0.000
Phase 4.1.1.1 BUFG Insertion | Checksum: 17589aa81

Time (s): cpu = 00:02:05 ; elapsed = 00:01:21 . Memory (MB): peak = 2242.527 ; gain = 0.000

Phase 4.1.1.2 Post Placement Timing Optimization
INFO: [Place 30-746] Post Placement Timing Summary WNS=-0.027. For the most accurate timing information please run report_timing.
Phase 4.1.1.2 Post Placement Timing Optimization | Checksum: 130a72740

Time (s): cpu = 00:02:28 ; elapsed = 00:01:39 . Memory (MB): peak = 2242.527 ; gain = 0.000

Time (s): cpu = 00:02:28 ; elapsed = 00:01:39 . Memory (MB): peak = 2242.527 ; gain = 0.000
Phase 4.1 Post Commit Optimization | Checksum: 130a72740

Time (s): cpu = 00:02:28 ; elapsed = 00:01:39 . Memory (MB): peak = 2242.527 ; gain = 0.000

Phase 4.2 Post Placement Cleanup
Phase 4.2 Post Placement Cleanup | Checksum: 130a72740

Time (s): cpu = 00:02:29 ; elapsed = 00:01:39 . Memory (MB): peak = 2242.527 ; gain = 0.000

Phase 4.3 Placer Reporting

Phase 4.3.1 Print Estimated Congestion
INFO: [Place 30-612] Post-Placement Estimated Congestion 
 ____________________________________________________
|           | Global Congestion | Short Congestion  |
| Direction | Region Size       | Region Size       |
|___________|___________________|___________________|
|      North|                1x1|                2x2|
|___________|___________________|___________________|
|      South|                1x1|                4x4|
|___________|___________________|___________________|
|       East|                1x1|                1x1|
|___________|___________________|___________________|
|       West|                1x1|                1x1|
|___________|___________________|___________________|

Phase 4.3.1 Print Estimated Congestion | Checksum: 130a72740

Time (s): cpu = 00:02:29 ; elapsed = 00:01:39 . Memory (MB): peak = 2242.527 ; gain = 0.000
Phase 4.3 Placer Reporting | Checksum: 130a72740

Time (s): cpu = 00:02:29 ; elapsed = 00:01:39 . Memory (MB): peak = 2242.527 ; gain = 0.000

Phase 4.4 Final Placement Cleanup
Netlist sorting complete. Time (s): cpu = 00:00:00 ; elapsed = 00:00:00.032 . Memory (MB): peak = 2242.527 ; gain = 0.000

Time (s): cpu = 00:02:29 ; elapsed = 00:01:40 . Memory (MB): peak = 2242.527 ; gain = 0.000
Phase 4 Post Placement Optimization and Clean-Up | Checksum: 14cdb2c4d

Time (s): cpu = 00:02:30 ; elapsed = 00:01:40 . Memory (MB): peak = 2242.527 ; gain = 0.000
Ending Placer Task | Checksum: 12a2ab432

Time (s): cpu = 00:02:30 ; elapsed = 00:01:40 . Memory (MB): peak = 2242.527 ; gain = 0.000
113 Infos, 2 Warnings, 1 Critical Warnings and 0 Errors encountered.
place_design completed successfully
place_design: Time (s): cpu = 00:02:35 ; elapsed = 00:01:42 . Memory (MB): peak = 2242.527 ; gain = 0.000
INFO: [Vivado 12-24838] Running report commands "report_control_sets, report_io, report_utilization" in parallel.
Running report generation with 2 threads.
INFO: [Vivado 12-24828] Executing command : report_io -file top_microblaze_io_placed.rpt
report_io: Time (s): cpu = 00:00:00 ; elapsed = 00:00:00.045 . Memory (MB): peak = 2242.527 ; gain = 0.000
INFO: [Vivado 12-24828] Executing command : report_control_sets -verbose -file top_microblaze_control_sets_placed.rpt
report_control_sets: Time (s): cpu = 00:00:00 ; elapsed = 00:00:00.145 . Memory (MB): peak = 2242.527 ; gain = 0.000
INFO: [Vivado 12-24828] Executing command : report_utilization -file top_microblaze_utilization_placed.rpt -pb top_microblaze_utilization_placed.pb
INFO: [Timing 38-480] Writing timing data to binary archive.
Write ShapeDB Complete: Time (s): cpu = 00:00:01 ; elapsed = 00:00:00.154 . Memory (MB): peak = 2242.527 ; gain = 0.000
Wrote PlaceDB: Time (s): cpu = 00:00:07 ; elapsed = 00:00:03 . Memory (MB): peak = 2242.527 ; gain = 0.000
Wrote PulsedLatchDB: Time (s): cpu = 00:00:00 ; elapsed = 00:00:00 . Memory (MB): peak = 2242.527 ; gain = 0.000
Writing XDEF routing.
Writing XDEF routing logical nets.
Writing XDEF routing special nets.
Wrote RouteStorage: Time (s): cpu = 00:00:00 ; elapsed = 00:00:00.058 . Memory (MB): peak = 2242.527 ; gain = 0.000
Wrote Netlist Cache: Time (s): cpu = 00:00:00 ; elapsed = 00:00:00.050 . Memory (MB): peak = 2242.527 ; gain = 0.000
Wrote Device Cache: Time (s): cpu = 00:00:00 ; elapsed = 00:00:00.005 . Memory (MB): peak = 2242.527 ; gain = 0.000
Write Physdb Complete: Time (s): cpu = 00:00:07 ; elapsed = 00:00:03 . Memory (MB): peak = 2242.527 ; gain = 0.000
INFO: [Common 17-1381] The checkpoint 'C:/Users/andre/Desktop/snn-fpga/vivado/snn_fpga/snn_fpga.runs/impl_1/top_microblaze_placed.dcp' has been generated.
write_checkpoint: Time (s): cpu = 00:00:12 ; elapsed = 00:00:07 . Memory (MB): peak = 2242.527 ; gain = 0.000
Command: phys_opt_design
Attempting to get a license for feature 'Implementation' and/or device 'xc7a35t'
INFO: [Common 17-349] Got license for feature 'Implementation' and/or device 'xc7a35t'

Starting Initial Update Timing Task

Time (s): cpu = 00:00:11 ; elapsed = 00:00:06 . Memory (MB): peak = 2242.527 ; gain = 0.000
INFO: [Vivado_Tcl 4-1435] PhysOpt_Tcl_Interface Runtime Before Starting Physical Synthesis Task | CPU: 11.00s |  WALL: 6.08s
Netlist sorting complete. Time (s): cpu = 00:00:00 ; elapsed = 00:00:00.025 . Memory (MB): peak = 2242.527 ; gain = 0.000

Starting Physical Synthesis Task

Phase 1 Physical Synthesis Initialization
INFO: [Physopt 32-721] Multithreading enabled for phys_opt_design using a maximum of 2 CPUs
INFO: [Physopt 32-619] Estimated Timing Summary | WNS=-0.027 | TNS=-0.055 |
Phase 1 Physical Synthesis Initialization | Checksum: 28c319f39

Time (s): cpu = 00:00:05 ; elapsed = 00:00:03 . Memory (MB): peak = 2242.527 ; gain = 0.000
INFO: [Physopt 32-619] Estimated Timing Summary | WNS=-0.027 | TNS=-0.055 |

Phase 2 DSP Register Optimization
INFO: [Physopt 32-456] No candidate cells for DSP register optimization found in the design.
INFO: [Physopt 32-775] End 2 Pass. Optimized 0 net or cell. Created 0 new cell, deleted 0 existing cell and moved 0 existing cell
Phase 2 DSP Register Optimization | Checksum: 28c319f39

Time (s): cpu = 00:00:05 ; elapsed = 00:00:03 . Memory (MB): peak = 2242.527 ; gain = 0.000

Phase 3 Critical Path Optimization
INFO: [Physopt 32-619] Estimated Timing Summary | WNS=-0.027 | TNS=-0.055 |
INFO: [Physopt 32-702] Processed net microblaze/microblaze_i/axi_bram_ctrl_0/U0/gext_inst.abcv4_0_ext_inst/GEN_AXI4.I_FULL_AXI/I_RD_CHNL/GEN_NO_RD_CMD_OPT.GEN_RDATA_NO_ECC.GEN_RDATA_RL_NO_ECC.rl_rd_buf_reg_192_255_114_116/DOB. Optimizations did not improve timing on the net.
INFO: [Physopt 32-702] Processed net top_0/bram_streamer_0/bram2/mem/doutb_local[755]. Optimizations did not improve timing on the net.
INFO: [Physopt 32-608] Optimized 1 net.  Swapped 17 pins.
INFO: [Physopt 32-735] Processed net top_0/bram_streamer_0/bram2/mem/microblaze_i_i_187_n_0. Optimization improves timing on the net.
INFO: [Physopt 32-619] Estimated Timing Summary | WNS=-0.004 | TNS=-0.004 |
INFO: [Physopt 32-702] Processed net microblaze/microblaze_i/axi_bram_ctrl_0/U0/gext_inst.abcv4_0_ext_inst/GEN_AXI4.I_FULL_AXI/I_RD_CHNL/GEN_NO_RD_CMD_OPT.GEN_RDATA_NO_ECC.GEN_RDATA_RL_NO_ECC.rl_rd_buf_reg_256_319_123_125/DOB. Optimizations did not improve timing on the net.
INFO: [Physopt 32-702] Processed net top_0/bram_streamer_0/bram2/mem/doutb_local[892]. Optimizations did not improve timing on the net.
INFO: [Physopt 32-608] Optimized 1 net.  Swapped 18 pins.
INFO: [Physopt 32-735] Processed net top_0/bram_streamer_0/bram2/mem/microblaze_i_i_169_n_0. Optimization improves timing on the net.
INFO: [Physopt 32-619] Estimated Timing Summary | WNS=0.000 | TNS=0.000 |
INFO: [Physopt 32-619] Estimated Timing Summary | WNS=0.000 | TNS=0.000 |
Netlist sorting complete. Time (s): cpu = 00:00:00 ; elapsed = 00:00:00.026 . Memory (MB): peak = 2242.527 ; gain = 0.000
Phase 3 Critical Path Optimization | Checksum: 28c319f39

Time (s): cpu = 00:00:06 ; elapsed = 00:00:04 . Memory (MB): peak = 2242.527 ; gain = 0.000

Phase 4 Critical Path Optimization
INFO: [Physopt 32-619] Estimated Timing Summary | WNS=0.000 | TNS=0.000 |
INFO: [Physopt 32-619] Estimated Timing Summary | WNS=0.000 | TNS=0.000 |
Netlist sorting complete. Time (s): cpu = 00:00:00 ; elapsed = 00:00:00.024 . Memory (MB): peak = 2242.527 ; gain = 0.000
Phase 4 Critical Path Optimization | Checksum: 28c319f39

Time (s): cpu = 00:00:06 ; elapsed = 00:00:04 . Memory (MB): peak = 2242.527 ; gain = 0.000
Netlist sorting complete. Time (s): cpu = 00:00:00 ; elapsed = 00:00:00.023 . Memory (MB): peak = 2242.527 ; gain = 0.000
INFO: [Physopt 32-603] Post Physical Optimization Timing Summary | WNS=0.000 | TNS=0.000 |

Summary of Physical Synthesis Optimizations
============================================


-------------------------------------------------------------------------------------------------------------------------------------------------------------
|  Optimization   |  WNS Gain (ns)  |  TNS Gain (ns)  |  Added Cells  |  Removed Cells  |  Optimized Cells/Nets  |  Dont Touch  |  Iterations  |  Elapsed   |
-------------------------------------------------------------------------------------------------------------------------------------------------------------
|  DSP Register   |          0.000  |          0.000  |            0  |              0  |                     0  |           0  |           1  |  00:00:00  |
|  Critical Path  |          0.027  |          0.055  |            0  |              0  |                     2  |           0  |           2  |  00:00:00  |
|  Total          |          0.027  |          0.055  |            0  |              0  |                     2  |           0  |           3  |  00:00:00  |
-------------------------------------------------------------------------------------------------------------------------------------------------------------


Netlist sorting complete. Time (s): cpu = 00:00:00 ; elapsed = 00:00:00.025 . Memory (MB): peak = 2242.527 ; gain = 0.000
Ending Physical Synthesis Task | Checksum: 26bd4c611

Time (s): cpu = 00:00:07 ; elapsed = 00:00:04 . Memory (MB): peak = 2242.527 ; gain = 0.000
INFO: [Common 17-83] Releasing license: Implementation
142 Infos, 2 Warnings, 1 Critical Warnings and 0 Errors encountered.
phys_opt_design completed successfully
phys_opt_design: Time (s): cpu = 00:00:18 ; elapsed = 00:00:10 . Memory (MB): peak = 2242.527 ; gain = 0.000
INFO: [Timing 38-480] Writing timing data to binary archive.
Write ShapeDB Complete: Time (s): cpu = 00:00:00 ; elapsed = 00:00:00.111 . Memory (MB): peak = 2242.527 ; gain = 0.000
Wrote PlaceDB: Time (s): cpu = 00:00:07 ; elapsed = 00:00:03 . Memory (MB): peak = 2242.527 ; gain = 0.000
Wrote PulsedLatchDB: Time (s): cpu = 00:00:00 ; elapsed = 00:00:00 . Memory (MB): peak = 2242.527 ; gain = 0.000
Writing XDEF routing.
Writing XDEF routing logical nets.
Writing XDEF routing special nets.
Wrote RouteStorage: Time (s): cpu = 00:00:00 ; elapsed = 00:00:00.056 . Memory (MB): peak = 2242.527 ; gain = 0.000
Wrote Netlist Cache: Time (s): cpu = 00:00:00 ; elapsed = 00:00:00.050 . Memory (MB): peak = 2242.527 ; gain = 0.000
Wrote Device Cache: Time (s): cpu = 00:00:00 ; elapsed = 00:00:00.006 . Memory (MB): peak = 2242.527 ; gain = 0.000
Write Physdb Complete: Time (s): cpu = 00:00:07 ; elapsed = 00:00:03 . Memory (MB): peak = 2242.527 ; gain = 0.000
INFO: [Common 17-1381] The checkpoint 'C:/Users/andre/Desktop/snn-fpga/vivado/snn_fpga/snn_fpga.runs/impl_1/top_microblaze_physopt.dcp' has been generated.
write_checkpoint: Time (s): cpu = 00:00:10 ; elapsed = 00:00:06 . Memory (MB): peak = 2242.527 ; gain = 0.000
Command: route_design
Attempting to get a license for feature 'Implementation' and/or device 'xc7a35t'
INFO: [Common 17-349] Got license for feature 'Implementation' and/or device 'xc7a35t'


Starting Routing Task
INFO: [Route 35-254] Multithreading enabled for route_design using a maximum of 2 CPUs

Phase 1 Build RT Design
Checksum: PlaceDB: 68bf659a ConstDB: 0 ShapeSum: 8a43832e RouteDB: a0815c57
Post Restoration Checksum: NetGraph: eab8f59d | NumContArr: 8e301684 | Constraints: c2a8fa9d | Timing: c2a8fa9d
Phase 1 Build RT Design | Checksum: 2fe3b015b

Time (s): cpu = 00:00:46 ; elapsed = 00:00:38 . Memory (MB): peak = 2296.918 ; gain = 54.391

Phase 2 Router Initialization

Phase 2.1 Fix Topology Constraints
Phase 2.1 Fix Topology Constraints | Checksum: 2fe3b015b

Time (s): cpu = 00:00:46 ; elapsed = 00:00:38 . Memory (MB): peak = 2296.918 ; gain = 54.391

Phase 2.2 Pre Route Cleanup
Phase 2.2 Pre Route Cleanup | Checksum: 2fe3b015b

Time (s): cpu = 00:00:46 ; elapsed = 00:00:38 . Memory (MB): peak = 2296.918 ; gain = 54.391
 Number of Nodes with overlaps = 0

Phase 2.3 Update Timing
Phase 2.3 Update Timing | Checksum: 1cb8be4ed

Time (s): cpu = 00:01:03 ; elapsed = 00:00:47 . Memory (MB): peak = 2360.793 ; gain = 118.266
INFO: [Route 35-416] Intermediate Timing Summary | WNS=0.031  | TNS=0.000  | WHS=-1.517 | THS=-1875.170|


Router Utilization Summary
  Global Vertical Routing Utilization    = 0.00741449 %
  Global Horizontal Routing Utilization  = 0.00507548 %
  Routable Net Status*
  *Does not include unroutable nets such as driverless and loadless.
  Run report_route_status for detailed report.
  Number of Failed Nets               = 30259
    (Failed Nets is the sum of unrouted and partially routed nets)
  Number of Unrouted Nets             = 30258
  Number of Partially Routed Nets     = 1
  Number of Node Overlaps             = 0

Phase 2 Router Initialization | Checksum: 217cdfa92

Time (s): cpu = 00:01:09 ; elapsed = 00:00:51 . Memory (MB): peak = 2360.793 ; gain = 118.266

Phase 3 Global Routing
Phase 3 Global Routing | Checksum: 217cdfa92

Time (s): cpu = 00:01:09 ; elapsed = 00:00:51 . Memory (MB): peak = 2360.793 ; gain = 118.266

Phase 4 Initial Routing

Phase 4.1 Initial Net Routing Pass
Phase 4.1 Initial Net Routing Pass | Checksum: 27b41ca9e

Time (s): cpu = 00:01:30 ; elapsed = 00:01:02 . Memory (MB): peak = 2360.793 ; gain = 118.266
Phase 4 Initial Routing | Checksum: 27b41ca9e

Time (s): cpu = 00:01:30 ; elapsed = 00:01:02 . Memory (MB): peak = 2360.793 ; gain = 118.266

Phase 5 Rip-up And Reroute

Phase 5.1 Global Iteration 0
 Number of Nodes with overlaps = 3287
 Number of Nodes with overlaps = 203
 Number of Nodes with overlaps = 13
 Number of Nodes with overlaps = 0
INFO: [Route 35-416] Intermediate Timing Summary | WNS=0.046  | TNS=0.000  | WHS=N/A    | THS=N/A    |

Phase 5.1 Global Iteration 0 | Checksum: 226e60a34

Time (s): cpu = 00:02:06 ; elapsed = 00:01:25 . Memory (MB): peak = 2395.668 ; gain = 153.141

Phase 5.2 Global Iteration 1
 Number of Nodes with overlaps = 194
 Number of Nodes with overlaps = 66
 Number of Nodes with overlaps = 37
 Number of Nodes with overlaps = 22
 Number of Nodes with overlaps = 9
 Number of Nodes with overlaps = 4
 Number of Nodes with overlaps = 2
 Number of Nodes with overlaps = 1
 Number of Nodes with overlaps = 0
INFO: [Route 35-416] Intermediate Timing Summary | WNS=0.162  | TNS=0.000  | WHS=N/A    | THS=N/A    |

Phase 5.2 Global Iteration 1 | Checksum: 19f809483

Time (s): cpu = 00:02:17 ; elapsed = 00:01:33 . Memory (MB): peak = 2395.668 ; gain = 153.141
Phase 5 Rip-up And Reroute | Checksum: 19f809483

Time (s): cpu = 00:02:17 ; elapsed = 00:01:33 . Memory (MB): peak = 2395.668 ; gain = 153.141

Phase 6 Delay and Skew Optimization

Phase 6.1 Delay CleanUp

Phase 6.1.1 Update Timing
Phase 6.1.1 Update Timing | Checksum: 11c4cb81f

Time (s): cpu = 00:02:20 ; elapsed = 00:01:35 . Memory (MB): peak = 2395.668 ; gain = 153.141
INFO: [Route 35-416] Intermediate Timing Summary | WNS=0.162  | TNS=0.000  | WHS=N/A    | THS=N/A    |

Phase 6.1 Delay CleanUp | Checksum: 11c4cb81f

Time (s): cpu = 00:02:20 ; elapsed = 00:01:35 . Memory (MB): peak = 2395.668 ; gain = 153.141

Phase 6.2 Clock Skew Optimization
Phase 6.2 Clock Skew Optimization | Checksum: 11c4cb81f

Time (s): cpu = 00:02:20 ; elapsed = 00:01:35 . Memory (MB): peak = 2395.668 ; gain = 153.141
Phase 6 Delay and Skew Optimization | Checksum: 11c4cb81f

Time (s): cpu = 00:02:20 ; elapsed = 00:01:35 . Memory (MB): peak = 2395.668 ; gain = 153.141

Phase 7 Post Hold Fix

Phase 7.1 Hold Fix Iter
INFO: [Route 35-416] Intermediate Timing Summary | WNS=0.162  | TNS=0.000  | WHS=-0.797 | THS=-42.190|

Phase 7.1 Hold Fix Iter | Checksum: 16987c759

Time (s): cpu = 00:02:25 ; elapsed = 00:01:38 . Memory (MB): peak = 2395.668 ; gain = 153.141

Phase 7.2 Non Free Resource Hold Fix Iter
Phase 7.2 Non Free Resource Hold Fix Iter | Checksum: 15b4ea0f0

Time (s): cpu = 00:02:25 ; elapsed = 00:01:38 . Memory (MB): peak = 2395.668 ; gain = 153.141
Phase 7 Post Hold Fix | Checksum: 15b4ea0f0

Time (s): cpu = 00:02:25 ; elapsed = 00:01:38 . Memory (MB): peak = 2395.668 ; gain = 153.141

Phase 8 Route finalize

Router Utilization Summary
  Global Vertical Routing Utilization    = 18.0943 %
  Global Horizontal Routing Utilization  = 19.6909 %
  Routable Net Status*
  *Does not include unroutable nets such as driverless and loadless.
  Run report_route_status for detailed report.
  Number of Failed Nets               = 0
    (Failed Nets is the sum of unrouted and partially routed nets)
  Number of Unrouted Nets             = 0
  Number of Partially Routed Nets     = 0
  Number of Node Overlaps             = 0

Phase 8 Route finalize | Checksum: 15b4ea0f0

Time (s): cpu = 00:02:26 ; elapsed = 00:01:38 . Memory (MB): peak = 2395.668 ; gain = 153.141

Phase 9 Verifying routed nets

 Verification completed successfully
Phase 9 Verifying routed nets | Checksum: 15b4ea0f0

Time (s): cpu = 00:02:26 ; elapsed = 00:01:39 . Memory (MB): peak = 2395.668 ; gain = 153.141

Phase 10 Depositing Routes
Phase 10 Depositing Routes | Checksum: 1271c3544

Time (s): cpu = 00:02:28 ; elapsed = 00:01:41 . Memory (MB): peak = 2395.668 ; gain = 153.141

Phase 11 Post Process Routing
Phase 11 Post Process Routing | Checksum: 1271c3544

Time (s): cpu = 00:02:29 ; elapsed = 00:01:41 . Memory (MB): peak = 2395.668 ; gain = 153.141

Phase 12 Post Router Timing

Phase 12.1 Update Timing
Phase 12.1 Update Timing | Checksum: 1271c3544

Time (s): cpu = 00:02:32 ; elapsed = 00:01:43 . Memory (MB): peak = 2395.668 ; gain = 153.141
INFO: [Route 35-57] Estimated Timing Summary | WNS=0.162  | TNS=0.000  | WHS=0.050  | THS=0.000  |

INFO: [Route 35-327] The final timing numbers are based on the router estimated timing analysis. For a complete and accurate timing signoff, please run report_timing_summary.
Phase 12 Post Router Timing | Checksum: 1271c3544

Time (s): cpu = 00:02:32 ; elapsed = 00:01:43 . Memory (MB): peak = 2395.668 ; gain = 153.141
Total Elapsed time in route_design: 102.708 secs

Phase 13 Post-Route Event Processing
Phase 13 Post-Route Event Processing | Checksum: 14381b379

Time (s): cpu = 00:02:32 ; elapsed = 00:01:43 . Memory (MB): peak = 2395.668 ; gain = 153.141
INFO: [Route 35-16] Router Completed Successfully
Ending Routing Task | Checksum: 14381b379

Time (s): cpu = 00:02:33 ; elapsed = 00:01:43 . Memory (MB): peak = 2395.668 ; gain = 153.141

Routing Is Done.
INFO: [Common 17-83] Releasing license: Implementation
155 Infos, 2 Warnings, 1 Critical Warnings and 0 Errors encountered.
route_design completed successfully
route_design: Time (s): cpu = 00:02:33 ; elapsed = 00:01:44 . Memory (MB): peak = 2395.668 ; gain = 153.141
INFO: [Vivado 12-24828] Executing command : report_drc -file top_microblaze_drc_routed.rpt -pb top_microblaze_drc_routed.pb -rpx top_microblaze_drc_routed.rpx
Command: report_drc -file top_microblaze_drc_routed.rpt -pb top_microblaze_drc_routed.pb -rpx top_microblaze_drc_routed.rpx
INFO: [IP_Flow 19-1839] IP Catalog is up to date.
INFO: [DRC 23-27] Running DRC with 2 threads
INFO: [Vivado_Tcl 2-168] The results of DRC are in file C:/Users/andre/Desktop/snn-fpga/vivado/snn_fpga/snn_fpga.runs/impl_1/top_microblaze_drc_routed.rpt.
report_drc completed successfully
report_drc: Time (s): cpu = 00:00:12 ; elapsed = 00:00:06 . Memory (MB): peak = 2395.668 ; gain = 0.000
INFO: [Vivado 12-24828] Executing command : report_methodology -file top_microblaze_methodology_drc_routed.rpt -pb top_microblaze_methodology_drc_routed.pb -rpx top_microblaze_methodology_drc_routed.rpx
Command: report_methodology -file top_microblaze_methodology_drc_routed.rpt -pb top_microblaze_methodology_drc_routed.pb -rpx top_microblaze_methodology_drc_routed.rpx
INFO: [Timing 38-35] Done setting XDC timing constraints.
INFO: [DRC 23-133] Running Methodology with 2 threads
INFO: [Vivado_Tcl 2-1520] The results of Report Methodology are in file C:/Users/andre/Desktop/snn-fpga/vivado/snn_fpga/snn_fpga.runs/impl_1/top_microblaze_methodology_drc_routed.rpt.
report_methodology completed successfully
report_drc: Time (s): cpu = 00:00:28 ; elapsed = 00:00:15 . Memory (MB): peak = 2395.668 ; gain = 0.000
INFO: [Vivado 12-24828] Executing command : report_timing_summary -max_paths 10 -report_unconstrained -file top_microblaze_timing_summary_routed.rpt -pb top_microblaze_timing_summary_routed.pb -rpx top_microblaze_timing_summary_routed.rpx -warn_on_violation 
INFO: [Timing 38-35] Done setting XDC timing constraints.
INFO: [Timing 38-91] UpdateTimingParams: Speed grade: -1, Delay Type: min_max.
INFO: [Timing 38-191] Multithreading enabled for timing update using a maximum of 2 CPUs
report_timing_summary: Time (s): cpu = 00:00:12 ; elapsed = 00:00:08 . Memory (MB): peak = 2395.668 ; gain = 0.000
INFO: [Vivado 12-24838] Running report commands "report_incremental_reuse, report_route_status" in parallel.
Running report generation with 2 threads.
INFO: [Vivado 12-24828] Executing command : report_incremental_reuse -file top_microblaze_incremental_reuse_routed.rpt
INFO: [Vivado_Tcl 4-1062] Incremental flow is disabled. No incremental reuse Info to report.
INFO: [Vivado 12-24828] Executing command : report_route_status -file top_microblaze_route_status.rpt -pb top_microblaze_route_status.pb
INFO: [Vivado 12-24828] Executing command : report_power -file top_microblaze_power_routed.rpt -pb top_microblaze_power_summary_routed.pb -rpx top_microblaze_power_routed.rpx
Command: report_power -file top_microblaze_power_routed.rpt -pb top_microblaze_power_summary_routed.pb -rpx top_microblaze_power_routed.rpx
Running Vector-less Activity Propagation...

Finished Running Vector-less Activity Propagation
WARNING: [Power 33-332] Found switching activity that implies high-fanout reset nets being asserted for excessive periods of time which may result in inaccurate power analysis.
Resolution: To review and fix problems, please run Power Constraints Advisor in the GUI from Tools > Power Constraints Advisor or run report_power with the -advisory option to generate a text report.
172 Infos, 3 Warnings, 1 Critical Warnings and 0 Errors encountered.
report_power completed successfully
report_power: Time (s): cpu = 00:00:12 ; elapsed = 00:00:07 . Memory (MB): peak = 2484.148 ; gain = 83.559
INFO: [Vivado 12-24828] Executing command : report_clock_utilization -file top_microblaze_clock_utilization_routed.rpt
INFO: [Vivado 12-24828] Executing command : report_bus_skew -warn_on_violation -file top_microblaze_bus_skew_routed.rpt -pb top_microblaze_bus_skew_routed.pb -rpx top_microblaze_bus_skew_routed.rpx
INFO: [Timing 38-91] UpdateTimingParams: Speed grade: -1, Delay Type: min_max.
INFO: [Timing 38-191] Multithreading enabled for timing update using a maximum of 2 CPUs
generate_parallel_reports: Time (s): cpu = 00:01:05 ; elapsed = 00:00:38 . Memory (MB): peak = 2488.477 ; gain = 92.809
INFO: [Timing 38-480] Writing timing data to binary archive.
Write ShapeDB Complete: Time (s): cpu = 00:00:00 ; elapsed = 00:00:00.107 . Memory (MB): peak = 2521.250 ; gain = 18.332
Wrote PlaceDB: Time (s): cpu = 00:00:07 ; elapsed = 00:00:03 . Memory (MB): peak = 2534.637 ; gain = 31.719
Wrote PulsedLatchDB: Time (s): cpu = 00:00:00 ; elapsed = 00:00:00 . Memory (MB): peak = 2534.637 ; gain = 0.000
Writing XDEF routing.
Writing XDEF routing logical nets.
Writing XDEF routing special nets.
Wrote RouteStorage: Time (s): cpu = 00:00:01 ; elapsed = 00:00:00.349 . Memory (MB): peak = 2534.637 ; gain = 0.000
Wrote Netlist Cache: Time (s): cpu = 00:00:00 ; elapsed = 00:00:00.049 . Memory (MB): peak = 2534.637 ; gain = 0.000
Wrote Device Cache: Time (s): cpu = 00:00:00 ; elapsed = 00:00:00.006 . Memory (MB): peak = 2534.637 ; gain = 0.000
Write Physdb Complete: Time (s): cpu = 00:00:08 ; elapsed = 00:00:03 . Memory (MB): peak = 2534.637 ; gain = 31.719
INFO: [Common 17-1381] The checkpoint 'C:/Users/andre/Desktop/snn-fpga/vivado/snn_fpga/snn_fpga.runs/impl_1/top_microblaze_routed.dcp' has been generated.
write_checkpoint: Time (s): cpu = 00:00:11 ; elapsed = 00:00:05 . Memory (MB): peak = 2534.637 ; gain = 46.160

ERROR::14 - Missing keyword. 'MICROBLAZE' found, 'END_ADDRESS_MAP' expected.
ADDRESS_MAP  microblaze_microblaze_i_microblaze_0 microblaze-le 100 microblaze/microblaze_i/microblaze_0
                                                                    ^

CRITICAL WARNING: [Memdata 28-122] data2mem failed with a parsing error. Check the bmm file or the bmm_info_* properties on the BRAM components. The design BRAM components initialization strings have not been updated.
CRITICAL WARNING: [Memdata 28-147] Could not complete BRAM data initialization for processor.  Please check to ensure any BMM and ELF files in the design have correct proper scoping specified. Design will proceed but BRAM initialization strings will not be populated with contents of the ELF file.
INFO: [Memdata 28-167] Found XPM memory block microblaze/microblaze_i/axi_smc/inst/s00_nodes/s00_w_node/inst/inst_mi_handler/gen_normal_area.inst_fifo_node_payld/gen_xpm_memory_fifo.inst_fifo/gen_mem_rep[0].inst_xpm_memory/xpm_memory_base_inst with a P_MEMORY_PRIMITIVE property set to distributed. A value of block is required. You will not be able to use the updatemem program to update the bitstream with new data for the microblaze/microblaze_i/axi_smc/inst/s00_nodes/s00_w_node/inst/inst_mi_handler/gen_normal_area.inst_fifo_node_payld/gen_xpm_memory_fifo.inst_fifo/gen_mem_rep[0].inst_xpm_memory/xpm_memory_base_inst block.
INFO: [Memdata 28-167] Found XPM memory block microblaze/microblaze_i/axi_smc/inst/s00_nodes/s00_w_node/inst/inst_mi_handler/gen_normal_area.gen_fifo_req.inst_fifo_req/gen_xpm_memory_fifo.inst_fifo/gen_mem_rep[0].inst_xpm_memory/xpm_memory_base_inst with a P_MEMORY_PRIMITIVE property set to distributed. A value of block is required. You will not be able to use the updatemem program to update the bitstream with new data for the microblaze/microblaze_i/axi_smc/inst/s00_nodes/s00_w_node/inst/inst_mi_handler/gen_normal_area.gen_fifo_req.inst_fifo_req/gen_xpm_memory_fifo.inst_fifo/gen_mem_rep[0].inst_xpm_memory/xpm_memory_base_inst block.
INFO: [Memdata 28-167] Found XPM memory block microblaze/microblaze_i/axi_smc/inst/s00_nodes/s00_r_node/inst/inst_mi_handler/gen_normal_area.inst_fifo_node_payld/gen_xpm_memory_fifo.inst_fifo/gen_mem_rep[0].inst_xpm_memory/xpm_memory_base_inst with a P_MEMORY_PRIMITIVE property set to distributed. A value of block is required. You will not be able to use the updatemem program to update the bitstream with new data for the microblaze/microblaze_i/axi_smc/inst/s00_nodes/s00_r_node/inst/inst_mi_handler/gen_normal_area.inst_fifo_node_payld/gen_xpm_memory_fifo.inst_fifo/gen_mem_rep[0].inst_xpm_memory/xpm_memory_base_inst block.
INFO: [Memdata 28-167] Found XPM memory block microblaze/microblaze_i/axi_smc/inst/s00_nodes/s00_aw_node/inst/inst_mi_handler/gen_normal_area.inst_fifo_node_payld/gen_xpm_memory_fifo.inst_fifo/gen_mem_rep[0].inst_xpm_memory/xpm_memory_base_inst with a P_MEMORY_PRIMITIVE property set to distributed. A value of block is required. You will not be able to use the updatemem program to update the bitstream with new data for the microblaze/microblaze_i/axi_smc/inst/s00_nodes/s00_aw_node/inst/inst_mi_handler/gen_normal_area.inst_fifo_node_payld/gen_xpm_memory_fifo.inst_fifo/gen_mem_rep[0].inst_xpm_memory/xpm_memory_base_inst block.
INFO: [Memdata 28-167] Found XPM memory block microblaze/microblaze_i/axi_smc/inst/s00_nodes/s00_aw_node/inst/inst_mi_handler/gen_normal_area.gen_fifo_req.inst_fifo_req/gen_xpm_memory_fifo.inst_fifo/gen_mem_rep[0].inst_xpm_memory/xpm_memory_base_inst with a P_MEMORY_PRIMITIVE property set to distributed. A value of block is required. You will not be able to use the updatemem program to update the bitstream with new data for the microblaze/microblaze_i/axi_smc/inst/s00_nodes/s00_aw_node/inst/inst_mi_handler/gen_normal_area.gen_fifo_req.inst_fifo_req/gen_xpm_memory_fifo.inst_fifo/gen_mem_rep[0].inst_xpm_memory/xpm_memory_base_inst block.
INFO: [Memdata 28-167] Found XPM memory block microblaze/microblaze_i/axi_smc/inst/s00_nodes/s00_ar_node/inst/inst_mi_handler/gen_normal_area.inst_fifo_node_payld/gen_xpm_memory_fifo.inst_fifo/gen_mem_rep[0].inst_xpm_memory/xpm_memory_base_inst with a P_MEMORY_PRIMITIVE property set to distributed. A value of block is required. You will not be able to use the updatemem program to update the bitstream with new data for the microblaze/microblaze_i/axi_smc/inst/s00_nodes/s00_ar_node/inst/inst_mi_handler/gen_normal_area.inst_fifo_node_payld/gen_xpm_memory_fifo.inst_fifo/gen_mem_rep[0].inst_xpm_memory/xpm_memory_base_inst block.
INFO: [Memdata 28-167] Found XPM memory block microblaze/microblaze_i/axi_smc/inst/s00_nodes/s00_ar_node/inst/inst_mi_handler/gen_normal_area.gen_fifo_req.inst_fifo_req/gen_xpm_memory_fifo.inst_fifo/gen_mem_rep[0].inst_xpm_memory/xpm_memory_base_inst with a P_MEMORY_PRIMITIVE property set to distributed. A value of block is required. You will not be able to use the updatemem program to update the bitstream with new data for the microblaze/microblaze_i/axi_smc/inst/s00_nodes/s00_ar_node/inst/inst_mi_handler/gen_normal_area.gen_fifo_req.inst_fifo_req/gen_xpm_memory_fifo.inst_fifo/gen_mem_rep[0].inst_xpm_memory/xpm_memory_base_inst block.
INFO: [Memdata 28-167] Found XPM memory block microblaze/microblaze_i/axi_smc/inst/m05_nodes/m05_w_node/inst/inst_mi_handler/gen_normal_area.inst_fifo_node_payld/gen_xpm_memory_fifo.inst_fifo/gen_mem_rep[0].inst_xpm_memory/xpm_memory_base_inst with a P_MEMORY_PRIMITIVE property set to distributed. A value of block is required. You will not be able to use the updatemem program to update the bitstream with new data for the microblaze/microblaze_i/axi_smc/inst/m05_nodes/m05_w_node/inst/inst_mi_handler/gen_normal_area.inst_fifo_node_payld/gen_xpm_memory_fifo.inst_fifo/gen_mem_rep[0].inst_xpm_memory/xpm_memory_base_inst block.
INFO: [Memdata 28-167] Found XPM memory block microblaze/microblaze_i/axi_smc/inst/m05_nodes/m05_r_node/inst/inst_mi_handler/gen_normal_area.inst_fifo_node_payld/gen_xpm_memory_fifo.inst_fifo/gen_mem_rep[0].inst_xpm_memory/xpm_memory_base_inst with a P_MEMORY_PRIMITIVE property set to distributed. A value of block is required. You will not be able to use the updatemem program to update the bitstream with new data for the microblaze/microblaze_i/axi_smc/inst/m05_nodes/m05_r_node/inst/inst_mi_handler/gen_normal_area.inst_fifo_node_payld/gen_xpm_memory_fifo.inst_fifo/gen_mem_rep[0].inst_xpm_memory/xpm_memory_base_inst block.
INFO: [Memdata 28-167] Found XPM memory block microblaze/microblaze_i/axi_smc/inst/m05_nodes/m05_aw_node/inst/inst_mi_handler/gen_normal_area.inst_fifo_node_payld/gen_xpm_memory_fifo.inst_fifo/gen_mem_rep[0].inst_xpm_memory/xpm_memory_base_inst with a P_MEMORY_PRIMITIVE property set to distributed. A value of block is required. You will not be able to use the updatemem program to update the bitstream with new data for the microblaze/microblaze_i/axi_smc/inst/m05_nodes/m05_aw_node/inst/inst_mi_handler/gen_normal_area.inst_fifo_node_payld/gen_xpm_memory_fifo.inst_fifo/gen_mem_rep[0].inst_xpm_memory/xpm_memory_base_inst block.
INFO: [Memdata 28-167] Found XPM memory block microblaze/microblaze_i/axi_smc/inst/m05_nodes/m05_ar_node/inst/inst_mi_handler/gen_normal_area.inst_fifo_node_payld/gen_xpm_memory_fifo.inst_fifo/gen_mem_rep[0].inst_xpm_memory/xpm_memory_base_inst with a P_MEMORY_PRIMITIVE property set to distributed. A value of block is required. You will not be able to use the updatemem program to update the bitstream with new data for the microblaze/microblaze_i/axi_smc/inst/m05_nodes/m05_ar_node/inst/inst_mi_handler/gen_normal_area.inst_fifo_node_payld/gen_xpm_memory_fifo.inst_fifo/gen_mem_rep[0].inst_xpm_memory/xpm_memory_base_inst block.
INFO: [Memdata 28-167] Found XPM memory block microblaze/microblaze_i/axi_smc/inst/m04_nodes/m04_w_node/inst/inst_mi_handler/gen_normal_area.inst_fifo_node_payld/gen_xpm_memory_fifo.inst_fifo/gen_mem_rep[0].inst_xpm_memory/xpm_memory_base_inst with a P_MEMORY_PRIMITIVE property set to distributed. A value of block is required. You will not be able to use the updatemem program to update the bitstream with new data for the microblaze/microblaze_i/axi_smc/inst/m04_nodes/m04_w_node/inst/inst_mi_handler/gen_normal_area.inst_fifo_node_payld/gen_xpm_memory_fifo.inst_fifo/gen_mem_rep[0].inst_xpm_memory/xpm_memory_base_inst block.
INFO: [Memdata 28-167] Found XPM memory block microblaze/microblaze_i/axi_smc/inst/m04_nodes/m04_r_node/inst/inst_mi_handler/gen_normal_area.inst_fifo_node_payld/gen_xpm_memory_fifo.inst_fifo/gen_mem_rep[0].inst_xpm_memory/xpm_memory_base_inst with a P_MEMORY_PRIMITIVE property set to distributed. A value of block is required. You will not be able to use the updatemem program to update the bitstream with new data for the microblaze/microblaze_i/axi_smc/inst/m04_nodes/m04_r_node/inst/inst_mi_handler/gen_normal_area.inst_fifo_node_payld/gen_xpm_memory_fifo.inst_fifo/gen_mem_rep[0].inst_xpm_memory/xpm_memory_base_inst block.
INFO: [Memdata 28-167] Found XPM memory block microblaze/microblaze_i/axi_smc/inst/m04_nodes/m04_aw_node/inst/inst_mi_handler/gen_normal_area.inst_fifo_node_payld/gen_xpm_memory_fifo.inst_fifo/gen_mem_rep[0].inst_xpm_memory/xpm_memory_base_inst with a P_MEMORY_PRIMITIVE property set to distributed. A value of block is required. You will not be able to use the updatemem program to update the bitstream with new data for the microblaze/microblaze_i/axi_smc/inst/m04_nodes/m04_aw_node/inst/inst_mi_handler/gen_normal_area.inst_fifo_node_payld/gen_xpm_memory_fifo.inst_fifo/gen_mem_rep[0].inst_xpm_memory/xpm_memory_base_inst block.
INFO: [Memdata 28-167] Found XPM memory block microblaze/microblaze_i/axi_smc/inst/m04_nodes/m04_ar_node/inst/inst_mi_handler/gen_normal_area.inst_fifo_node_payld/gen_xpm_memory_fifo.inst_fifo/gen_mem_rep[0].inst_xpm_memory/xpm_memory_base_inst with a P_MEMORY_PRIMITIVE property set to distributed. A value of block is required. You will not be able to use the updatemem program to update the bitstream with new data for the microblaze/microblaze_i/axi_smc/inst/m04_nodes/m04_ar_node/inst/inst_mi_handler/gen_normal_area.inst_fifo_node_payld/gen_xpm_memory_fifo.inst_fifo/gen_mem_rep[0].inst_xpm_memory/xpm_memory_base_inst block.
INFO: [Memdata 28-167] Found XPM memory block microblaze/microblaze_i/axi_smc/inst/m03_nodes/m03_w_node/inst/inst_mi_handler/gen_normal_area.inst_fifo_node_payld/gen_xpm_memory_fifo.inst_fifo/gen_mem_rep[0].inst_xpm_memory/xpm_memory_base_inst with a P_MEMORY_PRIMITIVE property set to distributed. A value of block is required. You will not be able to use the updatemem program to update the bitstream with new data for the microblaze/microblaze_i/axi_smc/inst/m03_nodes/m03_w_node/inst/inst_mi_handler/gen_normal_area.inst_fifo_node_payld/gen_xpm_memory_fifo.inst_fifo/gen_mem_rep[0].inst_xpm_memory/xpm_memory_base_inst block.
INFO: [Memdata 28-167] Found XPM memory block microblaze/microblaze_i/axi_smc/inst/m03_nodes/m03_r_node/inst/inst_mi_handler/gen_normal_area.inst_fifo_node_payld/gen_xpm_memory_fifo.inst_fifo/gen_mem_rep[0].inst_xpm_memory/xpm_memory_base_inst with a P_MEMORY_PRIMITIVE property set to distributed. A value of block is required. You will not be able to use the updatemem program to update the bitstream with new data for the microblaze/microblaze_i/axi_smc/inst/m03_nodes/m03_r_node/inst/inst_mi_handler/gen_normal_area.inst_fifo_node_payld/gen_xpm_memory_fifo.inst_fifo/gen_mem_rep[0].inst_xpm_memory/xpm_memory_base_inst block.
INFO: [Memdata 28-167] Found XPM memory block microblaze/microblaze_i/axi_smc/inst/m03_nodes/m03_aw_node/inst/inst_mi_handler/gen_normal_area.inst_fifo_node_payld/gen_xpm_memory_fifo.inst_fifo/gen_mem_rep[0].inst_xpm_memory/xpm_memory_base_inst with a P_MEMORY_PRIMITIVE property set to distributed. A value of block is required. You will not be able to use the updatemem program to update the bitstream with new data for the microblaze/microblaze_i/axi_smc/inst/m03_nodes/m03_aw_node/inst/inst_mi_handler/gen_normal_area.inst_fifo_node_payld/gen_xpm_memory_fifo.inst_fifo/gen_mem_rep[0].inst_xpm_memory/xpm_memory_base_inst block.
INFO: [Memdata 28-167] Found XPM memory block microblaze/microblaze_i/axi_smc/inst/m03_nodes/m03_ar_node/inst/inst_mi_handler/gen_normal_area.inst_fifo_node_payld/gen_xpm_memory_fifo.inst_fifo/gen_mem_rep[0].inst_xpm_memory/xpm_memory_base_inst with a P_MEMORY_PRIMITIVE property set to distributed. A value of block is required. You will not be able to use the updatemem program to update the bitstream with new data for the microblaze/microblaze_i/axi_smc/inst/m03_nodes/m03_ar_node/inst/inst_mi_handler/gen_normal_area.inst_fifo_node_payld/gen_xpm_memory_fifo.inst_fifo/gen_mem_rep[0].inst_xpm_memory/xpm_memory_base_inst block.
INFO: [Memdata 28-167] Found XPM memory block microblaze/microblaze_i/axi_smc/inst/m02_nodes/m02_w_node/inst/inst_mi_handler/gen_normal_area.inst_fifo_node_payld/gen_xpm_memory_fifo.inst_fifo/gen_mem_rep[0].inst_xpm_memory/xpm_memory_base_inst with a P_MEMORY_PRIMITIVE property set to distributed. A value of block is required. You will not be able to use the updatemem program to update the bitstream with new data for the microblaze/microblaze_i/axi_smc/inst/m02_nodes/m02_w_node/inst/inst_mi_handler/gen_normal_area.inst_fifo_node_payld/gen_xpm_memory_fifo.inst_fifo/gen_mem_rep[0].inst_xpm_memory/xpm_memory_base_inst block.
INFO: [Memdata 28-167] Found XPM memory block microblaze/microblaze_i/axi_smc/inst/m02_nodes/m02_r_node/inst/inst_mi_handler/gen_normal_area.inst_fifo_node_payld/gen_xpm_memory_fifo.inst_fifo/gen_mem_rep[0].inst_xpm_memory/xpm_memory_base_inst with a P_MEMORY_PRIMITIVE property set to distributed. A value of block is required. You will not be able to use the updatemem program to update the bitstream with new data for the microblaze/microblaze_i/axi_smc/inst/m02_nodes/m02_r_node/inst/inst_mi_handler/gen_normal_area.inst_fifo_node_payld/gen_xpm_memory_fifo.inst_fifo/gen_mem_rep[0].inst_xpm_memory/xpm_memory_base_inst block.
INFO: [Memdata 28-167] Found XPM memory block microblaze/microblaze_i/axi_smc/inst/m02_nodes/m02_aw_node/inst/inst_mi_handler/gen_normal_area.inst_fifo_node_payld/gen_xpm_memory_fifo.inst_fifo/gen_mem_rep[0].inst_xpm_memory/xpm_memory_base_inst with a P_MEMORY_PRIMITIVE property set to distributed. A value of block is required. You will not be able to use the updatemem program to update the bitstream with new data for the microblaze/microblaze_i/axi_smc/inst/m02_nodes/m02_aw_node/inst/inst_mi_handler/gen_normal_area.inst_fifo_node_payld/gen_xpm_memory_fifo.inst_fifo/gen_mem_rep[0].inst_xpm_memory/xpm_memory_base_inst block.
INFO: [Memdata 28-167] Found XPM memory block microblaze/microblaze_i/axi_smc/inst/m02_nodes/m02_ar_node/inst/inst_mi_handler/gen_normal_area.inst_fifo_node_payld/gen_xpm_memory_fifo.inst_fifo/gen_mem_rep[0].inst_xpm_memory/xpm_memory_base_inst with a P_MEMORY_PRIMITIVE property set to distributed. A value of block is required. You will not be able to use the updatemem program to update the bitstream with new data for the microblaze/microblaze_i/axi_smc/inst/m02_nodes/m02_ar_node/inst/inst_mi_handler/gen_normal_area.inst_fifo_node_payld/gen_xpm_memory_fifo.inst_fifo/gen_mem_rep[0].inst_xpm_memory/xpm_memory_base_inst block.
INFO: [Memdata 28-167] Found XPM memory block microblaze/microblaze_i/axi_smc/inst/m01_nodes/m01_w_node/inst/inst_mi_handler/gen_normal_area.inst_fifo_node_payld/gen_xpm_memory_fifo.inst_fifo/gen_mem_rep[0].inst_xpm_memory/xpm_memory_base_inst with a P_MEMORY_PRIMITIVE property set to distributed. A value of block is required. You will not be able to use the updatemem program to update the bitstream with new data for the microblaze/microblaze_i/axi_smc/inst/m01_nodes/m01_w_node/inst/inst_mi_handler/gen_normal_area.inst_fifo_node_payld/gen_xpm_memory_fifo.inst_fifo/gen_mem_rep[0].inst_xpm_memory/xpm_memory_base_inst block.
INFO: [Memdata 28-167] Found XPM memory block microblaze/microblaze_i/axi_smc/inst/m01_nodes/m01_r_node/inst/inst_mi_handler/gen_normal_area.inst_fifo_node_payld/gen_xpm_memory_fifo.inst_fifo/gen_mem_rep[0].inst_xpm_memory/xpm_memory_base_inst with a P_MEMORY_PRIMITIVE property set to distributed. A value of block is required. You will not be able to use the updatemem program to update the bitstream with new data for the microblaze/microblaze_i/axi_smc/inst/m01_nodes/m01_r_node/inst/inst_mi_handler/gen_normal_area.inst_fifo_node_payld/gen_xpm_memory_fifo.inst_fifo/gen_mem_rep[0].inst_xpm_memory/xpm_memory_base_inst block.
INFO: [Memdata 28-167] Found XPM memory block microblaze/microblaze_i/axi_smc/inst/m01_nodes/m01_aw_node/inst/inst_mi_handler/gen_normal_area.inst_fifo_node_payld/gen_xpm_memory_fifo.inst_fifo/gen_mem_rep[0].inst_xpm_memory/xpm_memory_base_inst with a P_MEMORY_PRIMITIVE property set to distributed. A value of block is required. You will not be able to use the updatemem program to update the bitstream with new data for the microblaze/microblaze_i/axi_smc/inst/m01_nodes/m01_aw_node/inst/inst_mi_handler/gen_normal_area.inst_fifo_node_payld/gen_xpm_memory_fifo.inst_fifo/gen_mem_rep[0].inst_xpm_memory/xpm_memory_base_inst block.
INFO: [Memdata 28-167] Found XPM memory block microblaze/microblaze_i/axi_smc/inst/m01_nodes/m01_ar_node/inst/inst_mi_handler/gen_normal_area.inst_fifo_node_payld/gen_xpm_memory_fifo.inst_fifo/gen_mem_rep[0].inst_xpm_memory/xpm_memory_base_inst with a P_MEMORY_PRIMITIVE property set to distributed. A value of block is required. You will not be able to use the updatemem program to update the bitstream with new data for the microblaze/microblaze_i/axi_smc/inst/m01_nodes/m01_ar_node/inst/inst_mi_handler/gen_normal_area.inst_fifo_node_payld/gen_xpm_memory_fifo.inst_fifo/gen_mem_rep[0].inst_xpm_memory/xpm_memory_base_inst block.
INFO: [Memdata 28-167] Found XPM memory block microblaze/microblaze_i/axi_smc/inst/m00_nodes/m00_w_node/inst/inst_mi_handler/gen_normal_area.inst_fifo_node_payld/gen_xpm_memory_fifo.inst_fifo/gen_mem_rep[0].inst_xpm_memory/xpm_memory_base_inst with a P_MEMORY_PRIMITIVE property set to distributed. A value of block is required. You will not be able to use the updatemem program to update the bitstream with new data for the microblaze/microblaze_i/axi_smc/inst/m00_nodes/m00_w_node/inst/inst_mi_handler/gen_normal_area.inst_fifo_node_payld/gen_xpm_memory_fifo.inst_fifo/gen_mem_rep[0].inst_xpm_memory/xpm_memory_base_inst block.
INFO: [Memdata 28-167] Found XPM memory block microblaze/microblaze_i/axi_smc/inst/m00_nodes/m00_r_node/inst/inst_mi_handler/gen_normal_area.inst_fifo_node_payld/gen_xpm_memory_fifo.inst_fifo/gen_mem_rep[0].inst_xpm_memory/xpm_memory_base_inst with a P_MEMORY_PRIMITIVE property set to distributed. A value of block is required. You will not be able to use the updatemem program to update the bitstream with new data for the microblaze/microblaze_i/axi_smc/inst/m00_nodes/m00_r_node/inst/inst_mi_handler/gen_normal_area.inst_fifo_node_payld/gen_xpm_memory_fifo.inst_fifo/gen_mem_rep[0].inst_xpm_memory/xpm_memory_base_inst block.
INFO: [Memdata 28-167] Found XPM memory block microblaze/microblaze_i/axi_smc/inst/m00_nodes/m00_aw_node/inst/inst_mi_handler/gen_normal_area.inst_fifo_node_payld/gen_xpm_memory_fifo.inst_fifo/gen_mem_rep[0].inst_xpm_memory/xpm_memory_base_inst with a P_MEMORY_PRIMITIVE property set to distributed. A value of block is required. You will not be able to use the updatemem program to update the bitstream with new data for the microblaze/microblaze_i/axi_smc/inst/m00_nodes/m00_aw_node/inst/inst_mi_handler/gen_normal_area.inst_fifo_node_payld/gen_xpm_memory_fifo.inst_fifo/gen_mem_rep[0].inst_xpm_memory/xpm_memory_base_inst block.
INFO: [Memdata 28-167] Found XPM memory block microblaze/microblaze_i/axi_smc/inst/m00_nodes/m00_ar_node/inst/inst_mi_handler/gen_normal_area.inst_fifo_node_payld/gen_xpm_memory_fifo.inst_fifo/gen_mem_rep[0].inst_xpm_memory/xpm_memory_base_inst with a P_MEMORY_PRIMITIVE property set to distributed. A value of block is required. You will not be able to use the updatemem program to update the bitstream with new data for the microblaze/microblaze_i/axi_smc/inst/m00_nodes/m00_ar_node/inst/inst_mi_handler/gen_normal_area.inst_fifo_node_payld/gen_xpm_memory_fifo.inst_fifo/gen_mem_rep[0].inst_xpm_memory/xpm_memory_base_inst block.
CRITICAL WARNING: [Memdata 28-96] Could not find a BMM_INFO_DESIGN property in the design. Could not generate the merged BMM file: C:/Users/andre/Desktop/snn-fpga/vivado/snn_fpga/snn_fpga.runs/impl_1/top_microblaze_bd.bmm
Command: write_bitstream -force top_microblaze.bit
Attempting to get a license for feature 'Implementation' and/or device 'xc7a35t'
INFO: [Common 17-349] Got license for feature 'Implementation' and/or device 'xc7a35t'
Running DRC as a precondition to command write_bitstream
INFO: [IP_Flow 19-1839] IP Catalog is up to date.
INFO: [DRC 23-27] Running DRC with 2 threads
INFO: [Vivado 12-3199] DRC finished with 0 Errors
INFO: [Vivado 12-3200] Please refer to the DRC report (report_drc) for more information.
INFO: [Designutils 20-2272] Running write_bitstream with 2 threads.
Loading data files...
Loading site data...
Loading route data...
Processing options...
Creating bitmap...
Creating bitstream...
Writing bitstream ./top_microblaze.bit...
INFO: [Vivado 12-1842] Bitgen Completed Successfully.
INFO: [Project 1-1876] WebTalk data collection is mandatory when using a ULT device. To see the specific WebTalk data collected for your design, open the usage_statistics_webtalk.html or usage_statistics_webtalk.xml file in the implementation directory.
INFO: [Common 17-83] Releasing license: Implementation
218 Infos, 3 Warnings, 4 Critical Warnings and 0 Errors encountered.
write_bitstream completed successfully
write_bitstream: Time (s): cpu = 00:00:38 ; elapsed = 00:00:24 . Memory (MB): peak = 3026.383 ; gain = 491.746
INFO: [Common 17-206] Exiting Vivado at Thu Jan  2 09:56:07 2025...
[Thu Jan  2 09:56:08 2025] impl_1 finished
wait_on_runs: Time (s): cpu = 00:00:06 ; elapsed = 00:14:59 . Memory (MB): peak = 808.410 ; gain = 0.000
# write_hw_platform -fixed -include_bit -force -file ../vitis/top_microblaze.xsa
INFO: [Project 1-1918] Creating Hardware Platform: c:/Users/andre/Desktop/snn-fpga/vitis/top_microblaze.xsa ...
INFO: [Project 1-1943] The Hardware Platform can be used for Hardware
INFO: [Project 1-1941] Successfully created Hardware Platform: c:/Users/andre/Desktop/snn-fpga/vitis/top_microblaze.xsa
INFO: [Hsi 55-2053] elapsed time for repository (C:/Xilinx/Vivado/2024.2/data/embeddedsw) loading 0 seconds
Vivado% exit
INFO: [Common 17-206] Exiting Vivado at Thu Jan  2 09:56:53 2025...
