#-----------------------------------------------------------
# Vivado v2024.2 (64-bit)
# SW Build 5239630 on Fri Nov 08 22:35:27 MST 2024
# IP Build 5239520 on Sun Nov 10 16:12:51 MST 2024
# SharedData Build 5239561 on Fri Nov 08 14:39:27 MST 2024
# Start of session at: Sun Dec 22 17:51:46 2024
# Process ID         : 22876
# Current directory  : C:/Users/andre/Desktop/snn-fpga/vivado
# Command line       : vivado.exe -mode tcl -source .\basys3_project.tcl
# Log file           : C:/Users/andre/Desktop/snn-fpga/vivado/vivado.log
# Journal file       : C:/Users/andre/Desktop/snn-fpga/vivado\vivado.jou
# Running On         : DESKTOP-OVIC86T
# Platform           : Windows Server 2016 or Windows 10
# Operating System   : 19045
# Processor Detail   : Intel(R) Core(TM) i9-9880H CPU @ 2.30GHz
# CPU Frequency      : 2304 MHz
# CPU Physical cores : 8
# CPU Logical cores  : 16
# Host memory        : 34248 MB
# Swap memory        : 5100 MB
# Total Virtual      : 39349 MB
# Available Virtual  : 15794 MB
#-----------------------------------------------------------
source {.\basys3_project.tcl}
# create_project -force snn_fpga ./snn_fpga -part xc7a35tcpg236-1
# add_files ../src/hdl/bram/mem/input_bram.mem
# add_files ../src/hdl/bram/mem/mem_bram.mem
# add_files ../src/hdl/bram/mem/spk_in_bram.mem
# add_files ../src/hdl/bram/mem/weight_bram.mem
# add_files ../src/hdl/bram/mem/tile_idx_bram.mem
# add_files ../src/hdl/top_microblaze.sv
# add_files ../src/hdl/basys3-constraints.xdc
# source ../src/hdl/microblaze.tcl
## namespace eval _tcl {
## proc get_script_folder {} {
##    set script_path [file normalize [info script]]
##    set script_folder [file dirname $script_path]
##    return $script_folder
## }
## }
## variable script_folder
## set script_folder [_tcl::get_script_folder]
## set scripts_vivado_version 2024.2
## set current_vivado_version [version -short]
## if { [string first $scripts_vivado_version $current_vivado_version] == -1 } {
##    puts ""
##    if { [string compare $scripts_vivado_version $current_vivado_version] > 0 } {
##       catch {common::send_gid_msg -ssname BD::TCL -id 2042 -severity "ERROR" " This script was generated using Vivado <$scripts_vivado_version> and is being run in <$current_vivado_version> of Vivado. Sourcing the script failed since it was created with a future version of Vivado."}
## 
##    } else {
##      catch {common::send_gid_msg -ssname BD::TCL -id 2041 -severity "ERROR" "This script was generated using Vivado <$scripts_vivado_version> and is being run in <$current_vivado_version> of Vivado. Please run the script in Vivado <$scripts_vivado_version> then open the design in Vivado <$current_vivado_version>. Upgrade the design by running \"Tools => Report => Report IP Status...\", then run write_bd_tcl to create an updated script."}
## 
##    }
## 
##    return 1
## }
## set list_projs [get_projects -quiet]
## if { $list_projs eq "" } {
##    create_project project_1 myproj -part xc7a35tcpg236-1
## }
## variable design_name
## set design_name microblaze
## set errMsg ""
## set nRet 0
## set cur_design [current_bd_design -quiet]
## set list_cells [get_bd_cells -quiet]
## if { ${design_name} eq "" } {
##    # USE CASES:
##    #    1) Design_name not set
## 
##    set errMsg "Please set the variable <design_name> to a non-empty value."
##    set nRet 1
## 
## } elseif { ${cur_design} ne "" && ${list_cells} eq "" } {
##    # USE CASES:
##    #    2): Current design opened AND is empty AND names same.
##    #    3): Current design opened AND is empty AND names diff; design_name NOT in project.
##    #    4): Current design opened AND is empty AND names diff; design_name exists in project.
## 
##    if { $cur_design ne $design_name } {
##       common::send_gid_msg -ssname BD::TCL -id 2001 -severity "INFO" "Changing value of <design_name> from <$design_name> to <$cur_design> since current design is empty."
##       set design_name [get_property NAME $cur_design]
##    }
##    common::send_gid_msg -ssname BD::TCL -id 2002 -severity "INFO" "Constructing design in IPI design <$cur_design>..."
## 
## } elseif { ${cur_design} ne "" && $list_cells ne "" && $cur_design eq $design_name } {
##    # USE CASES:
##    #    5) Current design opened AND has components AND same names.
## 
##    set errMsg "Design <$design_name> already exists in your project, please set the variable <design_name> to another value."
##    set nRet 1
## } elseif { [get_files -quiet ${design_name}.bd] ne "" } {
##    # USE CASES: 
##    #    6) Current opened design, has components, but diff names, design_name exists in project.
##    #    7) No opened design, design_name exists in project.
## 
##    set errMsg "Design <$design_name> already exists in your project, please set the variable <design_name> to another value."
##    set nRet 2
## 
## } else {
##    # USE CASES:
##    #    8) No opened design, design_name not in project.
##    #    9) Current opened design, has components, but diff names, design_name not in project.
## 
##    common::send_gid_msg -ssname BD::TCL -id 2003 -severity "INFO" "Currently there is no design <$design_name> in project, so creating one..."
## 
##    create_bd_design $design_name
## 
##    common::send_gid_msg -ssname BD::TCL -id 2004 -severity "INFO" "Making design <$design_name> as current_bd_design."
##    current_bd_design $design_name
## 
## }
INFO: [BD::TCL 103-2003] Currently there is no design <microblaze> in project, so creating one...
Wrote  : <C:\Users\andre\Desktop\snn-fpga\vivado\snn_fpga\snn_fpga.srcs\sources_1\bd\microblaze\microblaze.bd> 
INFO: [BD::TCL 103-2004] Making design <microblaze> as current_bd_design.
## common::send_gid_msg -ssname BD::TCL -id 2005 -severity "INFO" "Currently the variable <design_name> is equal to \"$design_name\"."
INFO: [BD::TCL 103-2005] Currently the variable <design_name> is equal to "microblaze".
## if { $nRet != 0 } {
##    catch {common::send_gid_msg -ssname BD::TCL -id 2006 -severity "ERROR" $errMsg}
##    return $nRet
## }
## set bCheckIPsPassed 1
## set bCheckIPs 1
## if { $bCheckIPs == 1 } {
##    set list_check_ips "\ 
## xilinx.com:ip:clk_wiz:6.0\
## xilinx.com:ip:axi_uartlite:2.0\
## xilinx.com:ip:microblaze:11.0\
## xilinx.com:ip:mdm:3.2\
## xilinx.com:ip:proc_sys_reset:5.0\
## xilinx.com:ip:axi_bram_ctrl:4.1\
## xilinx.com:ip:smartconnect:1.0\
## xilinx.com:ip:lmb_v10:3.0\
## xilinx.com:ip:lmb_bram_if_cntlr:4.0\
## xilinx.com:ip:blk_mem_gen:8.4\
## "
## 
##    set list_ips_missing ""
##    common::send_gid_msg -ssname BD::TCL -id 2011 -severity "INFO" "Checking if the following IPs exist in the project's IP catalog: $list_check_ips ."
## 
##    foreach ip_vlnv $list_check_ips {
##       set ip_obj [get_ipdefs -all $ip_vlnv]
##       if { $ip_obj eq "" } {
##          lappend list_ips_missing $ip_vlnv
##       }
##    }
## 
##    if { $list_ips_missing ne "" } {
##       catch {common::send_gid_msg -ssname BD::TCL -id 2012 -severity "ERROR" "The following IPs are not found in the IP Catalog:\n  $list_ips_missing\n\nResolution: Please add the repository containing the IP(s) to the project." }
##       set bCheckIPsPassed 0
##    }
## 
## }
INFO: [BD::TCL 103-2011] Checking if the following IPs exist in the project's IP catalog:  
xilinx.com:ip:clk_wiz:6.0 xilinx.com:ip:axi_uartlite:2.0 xilinx.com:ip:microblaze:11.0 xilinx.com:ip:mdm:3.2 xilinx.com:ip:proc_sys_reset:5.0 xilinx.com:ip:axi_bram_ctrl:4.1 xilinx.com:ip:smartconnect:1.0 xilinx.com:ip:lmb_v10:3.0 xilinx.com:ip:lmb_bram_if_cntlr:4.0 xilinx.com:ip:blk_mem_gen:8.4  .
## if { $bCheckIPsPassed != 1 } {
##   common::send_gid_msg -ssname BD::TCL -id 2023 -severity "WARNING" "Will not continue with creation of design due to the error(s) above."
##   return 3
## }
## proc create_hier_cell_microblaze_0_local_memory { parentCell nameHier } {
## 
##   variable script_folder
## 
##   if { $parentCell eq "" || $nameHier eq "" } {
##      catch {common::send_gid_msg -ssname BD::TCL -id 2092 -severity "ERROR" "create_hier_cell_microblaze_0_local_memory() - Empty argument(s)!"}
##      return
##   }
## 
##   # Get object for parentCell
##   set parentObj [get_bd_cells $parentCell]
##   if { $parentObj == "" } {
##      catch {common::send_gid_msg -ssname BD::TCL -id 2090 -severity "ERROR" "Unable to find parent cell <$parentCell>!"}
##      return
##   }
## 
##   # Make sure parentObj is hier blk
##   set parentType [get_property TYPE $parentObj]
##   if { $parentType ne "hier" } {
##      catch {common::send_gid_msg -ssname BD::TCL -id 2091 -severity "ERROR" "Parent <$parentObj> has TYPE = <$parentType>. Expected to be <hier>."}
##      return
##   }
## 
##   # Save current instance; Restore later
##   set oldCurInst [current_bd_instance .]
## 
##   # Set parent object as current
##   current_bd_instance $parentObj
## 
##   # Create cell and set as current instance
##   set hier_obj [create_bd_cell -type hier $nameHier]
##   current_bd_instance $hier_obj
## 
##   # Create interface pins
##   create_bd_intf_pin -mode MirroredMaster -vlnv xilinx.com:interface:lmb_rtl:1.0 DLMB
## 
##   create_bd_intf_pin -mode MirroredMaster -vlnv xilinx.com:interface:lmb_rtl:1.0 ILMB
## 
## 
##   # Create pins
##   create_bd_pin -dir I -type clk LMB_Clk
##   create_bd_pin -dir I -type rst SYS_Rst
## 
##   # Create instance: dlmb_v10, and set properties
##   set dlmb_v10 [ create_bd_cell -type ip -vlnv xilinx.com:ip:lmb_v10:3.0 dlmb_v10 ]
## 
##   # Create instance: ilmb_v10, and set properties
##   set ilmb_v10 [ create_bd_cell -type ip -vlnv xilinx.com:ip:lmb_v10:3.0 ilmb_v10 ]
## 
##   # Create instance: dlmb_bram_if_cntlr, and set properties
##   set dlmb_bram_if_cntlr [ create_bd_cell -type ip -vlnv xilinx.com:ip:lmb_bram_if_cntlr:4.0 dlmb_bram_if_cntlr ]
##   set_property CONFIG.C_ECC {0} $dlmb_bram_if_cntlr
## 
## 
##   # Create instance: ilmb_bram_if_cntlr, and set properties
##   set ilmb_bram_if_cntlr [ create_bd_cell -type ip -vlnv xilinx.com:ip:lmb_bram_if_cntlr:4.0 ilmb_bram_if_cntlr ]
##   set_property CONFIG.C_ECC {0} $ilmb_bram_if_cntlr
## 
## 
##   # Create instance: lmb_bram, and set properties
##   set lmb_bram [ create_bd_cell -type ip -vlnv xilinx.com:ip:blk_mem_gen:8.4 lmb_bram ]
##   set_property -dict [list \
##     CONFIG.Memory_Type {True_Dual_Port_RAM} \
##     CONFIG.use_bram_block {BRAM_Controller} \
##   ] $lmb_bram
## 
## 
##   # Create interface connections
##   connect_bd_intf_net -intf_net microblaze_0_dlmb [get_bd_intf_pins dlmb_v10/LMB_M] [get_bd_intf_pins DLMB]
##   connect_bd_intf_net -intf_net microblaze_0_dlmb_bus [get_bd_intf_pins dlmb_v10/LMB_Sl_0] [get_bd_intf_pins dlmb_bram_if_cntlr/SLMB]
##   connect_bd_intf_net -intf_net microblaze_0_dlmb_cntlr [get_bd_intf_pins dlmb_bram_if_cntlr/BRAM_PORT] [get_bd_intf_pins lmb_bram/BRAM_PORTA]
##   connect_bd_intf_net -intf_net microblaze_0_ilmb [get_bd_intf_pins ilmb_v10/LMB_M] [get_bd_intf_pins ILMB]
##   connect_bd_intf_net -intf_net microblaze_0_ilmb_bus [get_bd_intf_pins ilmb_v10/LMB_Sl_0] [get_bd_intf_pins ilmb_bram_if_cntlr/SLMB]
##   connect_bd_intf_net -intf_net microblaze_0_ilmb_cntlr [get_bd_intf_pins ilmb_bram_if_cntlr/BRAM_PORT] [get_bd_intf_pins lmb_bram/BRAM_PORTB]
## 
##   # Create port connections
##   connect_bd_net -net SYS_Rst_1  [get_bd_pins SYS_Rst] \
##   [get_bd_pins dlmb_v10/SYS_Rst] \
##   [get_bd_pins dlmb_bram_if_cntlr/LMB_Rst] \
##   [get_bd_pins ilmb_v10/SYS_Rst] \
##   [get_bd_pins ilmb_bram_if_cntlr/LMB_Rst]
##   connect_bd_net -net microblaze_0_Clk  [get_bd_pins LMB_Clk] \
##   [get_bd_pins dlmb_v10/LMB_Clk] \
##   [get_bd_pins dlmb_bram_if_cntlr/LMB_Clk] \
##   [get_bd_pins ilmb_v10/LMB_Clk] \
##   [get_bd_pins ilmb_bram_if_cntlr/LMB_Clk]
## 
##   # Restore current instance
##   current_bd_instance $oldCurInst
## }
## proc create_root_design { parentCell } {
## 
##   variable script_folder
##   variable design_name
## 
##   if { $parentCell eq "" } {
##      set parentCell [get_bd_cells /]
##   }
## 
##   # Get object for parentCell
##   set parentObj [get_bd_cells $parentCell]
##   if { $parentObj == "" } {
##      catch {common::send_gid_msg -ssname BD::TCL -id 2090 -severity "ERROR" "Unable to find parent cell <$parentCell>!"}
##      return
##   }
## 
##   # Make sure parentObj is hier blk
##   set parentType [get_property TYPE $parentObj]
##   if { $parentType ne "hier" } {
##      catch {common::send_gid_msg -ssname BD::TCL -id 2091 -severity "ERROR" "Parent <$parentObj> has TYPE = <$parentType>. Expected to be <hier>."}
##      return
##   }
## 
##   # Save current instance; Restore later
##   set oldCurInst [current_bd_instance .]
## 
##   # Set parent object as current
##   current_bd_instance $parentObj
## 
## 
##   # Create interface ports
##   set uart [ create_bd_intf_port -mode Master -vlnv xilinx.com:interface:uart_rtl:1.0 uart ]
## 
##   set BRAM_WEIGHT [ create_bd_intf_port -mode Master -vlnv xilinx.com:interface:bram_rtl:1.0 BRAM_WEIGHT ]
##   set_property -dict [ list \
##    CONFIG.MASTER_TYPE {BRAM_CTRL} \
##    CONFIG.READ_WRITE_MODE {READ_WRITE} \
##    ] $BRAM_WEIGHT
## 
##   set BRAM_SPK [ create_bd_intf_port -mode Master -vlnv xilinx.com:interface:bram_rtl:1.0 BRAM_SPK ]
##   set_property -dict [ list \
##    CONFIG.MASTER_TYPE {BRAM_CTRL} \
##    CONFIG.READ_WRITE_MODE {READ_WRITE} \
##    ] $BRAM_SPK
## 
##   set BRAM_INPUT [ create_bd_intf_port -mode Master -vlnv xilinx.com:interface:bram_rtl:1.0 BRAM_INPUT ]
##   set_property -dict [ list \
##    CONFIG.MASTER_TYPE {BRAM_CTRL} \
##    CONFIG.READ_WRITE_MODE {READ_WRITE} \
##    ] $BRAM_INPUT
## 
##   set BRAM_TILE_IDX [ create_bd_intf_port -mode Master -vlnv xilinx.com:interface:bram_rtl:1.0 BRAM_TILE_IDX ]
##   set_property -dict [ list \
##    CONFIG.MASTER_TYPE {BRAM_CTRL} \
##    CONFIG.READ_WRITE_MODE {READ_WRITE} \
##    ] $BRAM_TILE_IDX
## 
## 
##   # Create ports
##   set clk [ create_bd_port -dir I -type clk -freq_hz 100000000 clk ]
##   set rst [ create_bd_port -dir I -type rst rst ]
##   set_property -dict [ list \
##    CONFIG.POLARITY {ACTIVE_LOW} \
##  ] $rst
## 
##   # Create instance: clk_wiz_0, and set properties
##   set clk_wiz_0 [ create_bd_cell -type ip -vlnv xilinx.com:ip:clk_wiz:6.0 clk_wiz_0 ]
## 
##   # Create instance: axi_uartlite_0, and set properties
##   set axi_uartlite_0 [ create_bd_cell -type ip -vlnv xilinx.com:ip:axi_uartlite:2.0 axi_uartlite_0 ]
## 
##   # Create instance: microblaze_0, and set properties
##   set microblaze_0 [ create_bd_cell -type ip -vlnv xilinx.com:ip:microblaze:11.0 microblaze_0 ]
##   set_property -dict [list \
##     CONFIG.C_DEBUG_ENABLED {1} \
##     CONFIG.C_D_AXI {1} \
##     CONFIG.C_D_LMB {1} \
##     CONFIG.C_I_LMB {1} \
##   ] $microblaze_0
## 
## 
##   # Create instance: microblaze_0_local_memory
##   create_hier_cell_microblaze_0_local_memory [current_bd_instance .] microblaze_0_local_memory
## 
##   # Create instance: mdm_1, and set properties
##   set mdm_1 [ create_bd_cell -type ip -vlnv xilinx.com:ip:mdm:3.2 mdm_1 ]
## 
##   # Create instance: rst_clk_wiz_0_100M, and set properties
##   set rst_clk_wiz_0_100M [ create_bd_cell -type ip -vlnv xilinx.com:ip:proc_sys_reset:5.0 rst_clk_wiz_0_100M ]
## 
##   # Create instance: axi_bram_ctrl_0, and set properties
##   set axi_bram_ctrl_0 [ create_bd_cell -type ip -vlnv xilinx.com:ip:axi_bram_ctrl:4.1 axi_bram_ctrl_0 ]
##   set_property -dict [list \
##     CONFIG.DATA_WIDTH {1024} \
##     CONFIG.PROTOCOL {AXI4} \
##     CONFIG.READ_LATENCY {2} \
##     CONFIG.SINGLE_PORT_BRAM {1} \
##   ] $axi_bram_ctrl_0
## 
## 
##   # Create instance: axi_bram_ctrl_1, and set properties
##   set axi_bram_ctrl_1 [ create_bd_cell -type ip -vlnv xilinx.com:ip:axi_bram_ctrl:4.1 axi_bram_ctrl_1 ]
##   set_property -dict [list \
##     CONFIG.READ_LATENCY {2} \
##     CONFIG.SINGLE_PORT_BRAM {1} \
##   ] $axi_bram_ctrl_1
## 
## 
##   # Create instance: axi_bram_ctrl_2, and set properties
##   set axi_bram_ctrl_2 [ create_bd_cell -type ip -vlnv xilinx.com:ip:axi_bram_ctrl:4.1 axi_bram_ctrl_2 ]
##   set_property -dict [list \
##     CONFIG.DATA_WIDTH {128} \
##     CONFIG.READ_LATENCY {2} \
##     CONFIG.SINGLE_PORT_BRAM {1} \
##   ] $axi_bram_ctrl_2
## 
## 
##   # Create instance: axi_bram_ctrl_3, and set properties
##   set axi_bram_ctrl_3 [ create_bd_cell -type ip -vlnv xilinx.com:ip:axi_bram_ctrl:4.1 axi_bram_ctrl_3 ]
##   set_property -dict [list \
##     CONFIG.READ_LATENCY {2} \
##     CONFIG.SINGLE_PORT_BRAM {1} \
##   ] $axi_bram_ctrl_3
## 
## 
##   # Create instance: axi_smc, and set properties
##   set axi_smc [ create_bd_cell -type ip -vlnv xilinx.com:ip:smartconnect:1.0 axi_smc ]
##   set_property -dict [list \
##     CONFIG.NUM_MI {5} \
##     CONFIG.NUM_SI {1} \
##   ] $axi_smc
## 
## 
##   # Create interface connections
##   connect_bd_intf_net -intf_net axi_bram_ctrl_0_BRAM_PORTA [get_bd_intf_ports BRAM_WEIGHT] [get_bd_intf_pins axi_bram_ctrl_0/BRAM_PORTA]
##   connect_bd_intf_net -intf_net axi_bram_ctrl_1_BRAM_PORTA [get_bd_intf_ports BRAM_SPK] [get_bd_intf_pins axi_bram_ctrl_1/BRAM_PORTA]
##   connect_bd_intf_net -intf_net axi_bram_ctrl_2_BRAM_PORTA [get_bd_intf_ports BRAM_INPUT] [get_bd_intf_pins axi_bram_ctrl_2/BRAM_PORTA]
##   connect_bd_intf_net -intf_net axi_bram_ctrl_3_BRAM_PORTA [get_bd_intf_ports BRAM_TILE_IDX] [get_bd_intf_pins axi_bram_ctrl_3/BRAM_PORTA]
##   connect_bd_intf_net -intf_net axi_smc_M00_AXI [get_bd_intf_pins axi_smc/M00_AXI] [get_bd_intf_pins axi_bram_ctrl_0/S_AXI]
##   connect_bd_intf_net -intf_net axi_smc_M01_AXI [get_bd_intf_pins axi_smc/M01_AXI] [get_bd_intf_pins axi_bram_ctrl_1/S_AXI]
##   connect_bd_intf_net -intf_net axi_smc_M02_AXI [get_bd_intf_pins axi_smc/M02_AXI] [get_bd_intf_pins axi_bram_ctrl_2/S_AXI]
##   connect_bd_intf_net -intf_net axi_smc_M03_AXI [get_bd_intf_pins axi_smc/M03_AXI] [get_bd_intf_pins axi_bram_ctrl_3/S_AXI]
##   connect_bd_intf_net -intf_net axi_smc_M04_AXI [get_bd_intf_pins axi_smc/M04_AXI] [get_bd_intf_pins axi_uartlite_0/S_AXI]
##   connect_bd_intf_net -intf_net axi_uartlite_0_UART [get_bd_intf_ports uart] [get_bd_intf_pins axi_uartlite_0/UART]
##   connect_bd_intf_net -intf_net microblaze_0_M_AXI_DP [get_bd_intf_pins microblaze_0/M_AXI_DP] [get_bd_intf_pins axi_smc/S00_AXI]
##   connect_bd_intf_net -intf_net microblaze_0_debug [get_bd_intf_pins mdm_1/MBDEBUG_0] [get_bd_intf_pins microblaze_0/DEBUG]
##   connect_bd_intf_net -intf_net microblaze_0_dlmb_1 [get_bd_intf_pins microblaze_0/DLMB] [get_bd_intf_pins microblaze_0_local_memory/DLMB]
##   connect_bd_intf_net -intf_net microblaze_0_ilmb_1 [get_bd_intf_pins microblaze_0/ILMB] [get_bd_intf_pins microblaze_0_local_memory/ILMB]
## 
##   # Create port connections
##   connect_bd_net -net clk_100MHz_1  [get_bd_ports clk] \
##   [get_bd_pins clk_wiz_0/clk_in1]
##   connect_bd_net -net clk_wiz_0_locked  [get_bd_pins clk_wiz_0/locked] \
##   [get_bd_pins rst_clk_wiz_0_100M/dcm_locked]
##   connect_bd_net -net mdm_1_debug_sys_rst  [get_bd_pins mdm_1/Debug_SYS_Rst] \
##   [get_bd_pins rst_clk_wiz_0_100M/mb_debug_sys_rst] \
##   [get_bd_pins clk_wiz_0/reset]
##   connect_bd_net -net microblaze_0_Clk  [get_bd_pins clk_wiz_0/clk_out1] \
##   [get_bd_pins microblaze_0/Clk] \
##   [get_bd_pins microblaze_0_local_memory/LMB_Clk] \
##   [get_bd_pins rst_clk_wiz_0_100M/slowest_sync_clk] \
##   [get_bd_pins axi_uartlite_0/s_axi_aclk] \
##   [get_bd_pins axi_bram_ctrl_0/s_axi_aclk] \
##   [get_bd_pins axi_bram_ctrl_1/s_axi_aclk] \
##   [get_bd_pins axi_bram_ctrl_2/s_axi_aclk] \
##   [get_bd_pins axi_bram_ctrl_3/s_axi_aclk] \
##   [get_bd_pins axi_smc/aclk]
##   connect_bd_net -net reset_rtl_0_1  [get_bd_ports rst] \
##   [get_bd_pins rst_clk_wiz_0_100M/ext_reset_in]
##   connect_bd_net -net rst_clk_wiz_0_100M_bus_struct_reset  [get_bd_pins rst_clk_wiz_0_100M/bus_struct_reset] \
##   [get_bd_pins microblaze_0_local_memory/SYS_Rst]
##   connect_bd_net -net rst_clk_wiz_0_100M_mb_reset  [get_bd_pins rst_clk_wiz_0_100M/mb_reset] \
##   [get_bd_pins microblaze_0/Reset]
##   connect_bd_net -net rst_clk_wiz_0_100M_peripheral_aresetn  [get_bd_pins rst_clk_wiz_0_100M/peripheral_aresetn] \
##   [get_bd_pins axi_uartlite_0/s_axi_aresetn] \
##   [get_bd_pins axi_bram_ctrl_0/s_axi_aresetn] \
##   [get_bd_pins axi_bram_ctrl_1/s_axi_aresetn] \
##   [get_bd_pins axi_bram_ctrl_2/s_axi_aresetn] \
##   [get_bd_pins axi_bram_ctrl_3/s_axi_aresetn] \
##   [get_bd_pins axi_smc/aresetn]
## 
##   # Create address segments
##   assign_bd_address -offset 0xC0000000 -range 0x00020000 -target_address_space [get_bd_addr_spaces microblaze_0/Data] [get_bd_addr_segs axi_bram_ctrl_0/S_AXI/Mem0] -force
##   assign_bd_address -offset 0xC2000000 -range 0x00002000 -target_address_space [get_bd_addr_spaces microblaze_0/Data] [get_bd_addr_segs axi_bram_ctrl_1/S_AXI/Mem0] -force
##   assign_bd_address -offset 0xC4000000 -range 0x00004000 -target_address_space [get_bd_addr_spaces microblaze_0/Data] [get_bd_addr_segs axi_bram_ctrl_2/S_AXI/Mem0] -force
##   assign_bd_address -offset 0xC6000000 -range 0x00002000 -target_address_space [get_bd_addr_spaces microblaze_0/Data] [get_bd_addr_segs axi_bram_ctrl_3/S_AXI/Mem0] -force
##   assign_bd_address -offset 0x40600000 -range 0x00010000 -target_address_space [get_bd_addr_spaces microblaze_0/Data] [get_bd_addr_segs axi_uartlite_0/S_AXI/Reg] -force
##   assign_bd_address -offset 0x00000000 -range 0x00010000 -target_address_space [get_bd_addr_spaces microblaze_0/Data] [get_bd_addr_segs microblaze_0_local_memory/dlmb_bram_if_cntlr/SLMB/Mem] -force
##   assign_bd_address -offset 0x00000000 -range 0x00010000 -target_address_space [get_bd_addr_spaces microblaze_0/Instruction] [get_bd_addr_segs microblaze_0_local_memory/ilmb_bram_if_cntlr/SLMB/Mem] -force
## 
## 
##   # Restore current instance
##   current_bd_instance $oldCurInst
## 
##   validate_bd_design
##   save_bd_design
## }
## create_root_design ""
INFO: [Device 21-403] Loading part xc7a35tcpg236-1
INFO: [xilinx.com:ip:axi_bram_ctrl:4.1-2] microblaze_axi_bram_ctrl_0_0: In IP Integrator, please note that memory depth value gets calculated based on the Data Width of the IP and Address range selected in the Address Editor.Incase a validation error occured on the range of this parameter, please check if the selected Data width and the Address Range are valid. For valid Data width and memory depth values, please refer to the AXI BRAM Controller Product Guide.
INFO: [xilinx.com:ip:axi_bram_ctrl:4.1-1] microblaze_axi_bram_ctrl_0_0: In IP Integrator, The Maximum address range supported is 2G. Selecting the address range more than 2G in the address editor may resets the value of Memory depth to default value (1024). please refer to the AXI BRAM Controller Product Guide.
INFO: [xilinx.com:ip:axi_bram_ctrl:4.1-2] microblaze_axi_bram_ctrl_0_0: In IP Integrator, please note that memory depth value gets calculated based on the Data Width of the IP and Address range selected in the Address Editor.Incase a validation error occured on the range of this parameter, please check if the selected Data width and the Address Range are valid. For valid Data width and memory depth values, please refer to the AXI BRAM Controller Product Guide.
INFO: [xilinx.com:ip:axi_bram_ctrl:4.1-1] microblaze_axi_bram_ctrl_0_0: In IP Integrator, The Maximum address range supported is 2G. Selecting the address range more than 2G in the address editor may resets the value of Memory depth to default value (1024). please refer to the AXI BRAM Controller Product Guide.
INFO: [xilinx.com:ip:axi_bram_ctrl:4.1-2] microblaze_axi_bram_ctrl_1_0: In IP Integrator, please note that memory depth value gets calculated based on the Data Width of the IP and Address range selected in the Address Editor.Incase a validation error occured on the range of this parameter, please check if the selected Data width and the Address Range are valid. For valid Data width and memory depth values, please refer to the AXI BRAM Controller Product Guide.
INFO: [xilinx.com:ip:axi_bram_ctrl:4.1-1] microblaze_axi_bram_ctrl_1_0: In IP Integrator, The Maximum address range supported is 2G. Selecting the address range more than 2G in the address editor may resets the value of Memory depth to default value (1024). please refer to the AXI BRAM Controller Product Guide.
INFO: [xilinx.com:ip:axi_bram_ctrl:4.1-2] microblaze_axi_bram_ctrl_2_0: In IP Integrator, please note that memory depth value gets calculated based on the Data Width of the IP and Address range selected in the Address Editor.Incase a validation error occured on the range of this parameter, please check if the selected Data width and the Address Range are valid. For valid Data width and memory depth values, please refer to the AXI BRAM Controller Product Guide.
INFO: [xilinx.com:ip:axi_bram_ctrl:4.1-1] microblaze_axi_bram_ctrl_2_0: In IP Integrator, The Maximum address range supported is 2G. Selecting the address range more than 2G in the address editor may resets the value of Memory depth to default value (1024). please refer to the AXI BRAM Controller Product Guide.
INFO: [xilinx.com:ip:axi_bram_ctrl:4.1-2] microblaze_axi_bram_ctrl_2_0: In IP Integrator, please note that memory depth value gets calculated based on the Data Width of the IP and Address range selected in the Address Editor.Incase a validation error occured on the range of this parameter, please check if the selected Data width and the Address Range are valid. For valid Data width and memory depth values, please refer to the AXI BRAM Controller Product Guide.
INFO: [xilinx.com:ip:axi_bram_ctrl:4.1-1] microblaze_axi_bram_ctrl_2_0: In IP Integrator, The Maximum address range supported is 2G. Selecting the address range more than 2G in the address editor may resets the value of Memory depth to default value (1024). please refer to the AXI BRAM Controller Product Guide.
INFO: [xilinx.com:ip:axi_bram_ctrl:4.1-2] microblaze_axi_bram_ctrl_3_0: In IP Integrator, please note that memory depth value gets calculated based on the Data Width of the IP and Address range selected in the Address Editor.Incase a validation error occured on the range of this parameter, please check if the selected Data width and the Address Range are valid. For valid Data width and memory depth values, please refer to the AXI BRAM Controller Product Guide.
INFO: [xilinx.com:ip:axi_bram_ctrl:4.1-1] microblaze_axi_bram_ctrl_3_0: In IP Integrator, The Maximum address range supported is 2G. Selecting the address range more than 2G in the address editor may resets the value of Memory depth to default value (1024). please refer to the AXI BRAM Controller Product Guide.
Slave segment '/axi_bram_ctrl_0/S_AXI/Mem0' is being assigned into address space '/microblaze_0/Data' at <0xC000_0000 [ 128K ]>.
Slave segment '/axi_bram_ctrl_1/S_AXI/Mem0' is being assigned into address space '/microblaze_0/Data' at <0xC200_0000 [ 8K ]>.
Slave segment '/axi_bram_ctrl_2/S_AXI/Mem0' is being assigned into address space '/microblaze_0/Data' at <0xC400_0000 [ 16K ]>.
Slave segment '/axi_bram_ctrl_3/S_AXI/Mem0' is being assigned into address space '/microblaze_0/Data' at <0xC600_0000 [ 8K ]>.
Slave segment '/axi_uartlite_0/S_AXI/Reg' is being assigned into address space '/microblaze_0/Data' at <0x4060_0000 [ 64K ]>.
Slave segment '/microblaze_0_local_memory/dlmb_bram_if_cntlr/SLMB/Mem' is being assigned into address space '/microblaze_0/Data' at <0x0000_0000 [ 64K ]>.
Slave segment '/microblaze_0_local_memory/ilmb_bram_if_cntlr/SLMB/Mem' is being assigned into address space '/microblaze_0/Instruction' at <0x0000_0000 [ 64K ]>.
INFO: [BD 5-943] Reserving offset range <0xC000_0000 [ 128K ]> from slave interface '/axi_smc/S00_AXI' to master interface '/axi_smc/M00_AXI'. This will be used by smartconnect on path for routing.
INFO: [BD 5-943] Reserving offset range <0xC200_0000 [ 8K ]> from slave interface '/axi_smc/S00_AXI' to master interface '/axi_smc/M01_AXI'. This will be used by smartconnect on path for routing.
INFO: [BD 5-943] Reserving offset range <0xC400_0000 [ 16K ]> from slave interface '/axi_smc/S00_AXI' to master interface '/axi_smc/M02_AXI'. This will be used by smartconnect on path for routing.
INFO: [BD 5-943] Reserving offset range <0xC600_0000 [ 8K ]> from slave interface '/axi_smc/S00_AXI' to master interface '/axi_smc/M03_AXI'. This will be used by smartconnect on path for routing.
INFO: [BD 5-943] Reserving offset range <0x4060_0000 [ 64K ]> from slave interface '/axi_smc/S00_AXI' to master interface '/axi_smc/M04_AXI'. This will be used by smartconnect on path for routing.
INFO: [xilinx.com:ip:smartconnect:1.0-1] microblaze_axi_smc_0: SmartConnect microblaze_axi_smc_0 is in High-performance Mode.
WARNING: [filemgmt 56-443] The ECC Algorithm string is empty. Setting the Memory Map to default ECC value to ECC_NONE.
INFO: [xilinx.com:ip:clk_wiz:6.0-1] /clk_wiz_0 clk_wiz propagate
INFO: [xilinx.com:ip:microblaze:11.0-9] /microblaze_0: Setting C_BASE_VECTORS to 0x00000000.
validate_bd_design: Time (s): cpu = 00:00:05 ; elapsed = 00:00:07 . Memory (MB): peak = 735.113 ; gain = 104.879
Wrote  : <C:\Users\andre\Desktop\snn-fpga\vivado\snn_fpga\snn_fpga.srcs\sources_1\bd\microblaze\microblaze.bd> 
# make_wrapper -files [get_files microblaze.bd] -top
INFO: [BD 41-1662] The design 'microblaze.bd' is already validated. Therefore parameter propagation will not be re-run.
WARNING: [filemgmt 56-443] The ECC Algorithm string is empty. Setting the Memory Map to default ECC value to ECC_NONE.
WARNING: [filemgmt 56-443] The ECC Algorithm string is empty. Setting the Memory Map to default ECC value to ECC_NONE.
Verilog Output written to : C:/Users/andre/Desktop/snn-fpga/vivado/snn_fpga/snn_fpga.gen/sources_1/bd/microblaze/synth/microblaze.v
Verilog Output written to : C:/Users/andre/Desktop/snn-fpga/vivado/snn_fpga/snn_fpga.gen/sources_1/bd/microblaze/sim/microblaze.v
Verilog Output written to : C:/Users/andre/Desktop/snn-fpga/vivado/snn_fpga/snn_fpga.gen/sources_1/bd/microblaze/hdl/microblaze_wrapper.v
# add_files -norecurse ./snn_fpga/snn_fpga.gen/sources_1/bd/microblaze/hdl/microblaze_wrapper.v
# set_property include_dirs {../src/hdl/ ../src/hdl/bram ../src/hdl/snn ../src/hdl/fifo ../src/hdl/bram/mem} [current_fileset]
# set_property top top_microblaze [current_fileset]
Vivado% start_gui
update_compile_order -fileset sources_1
generate_target Simulation [get_files C:/Users/andre/Desktop/snn-fpga/vivado/snn_fpga/snn_fpga.srcs/sources_1/bd/microblaze/microblaze.bd]
INFO: [BD 41-1662] The design 'microblaze.bd' is already validated. Therefore parameter propagation will not be re-run.
WARNING: [filemgmt 56-443] The ECC Algorithm string is empty. Setting the Memory Map to default ECC value to ECC_NONE.
WARNING: [filemgmt 56-443] The ECC Algorithm string is empty. Setting the Memory Map to default ECC value to ECC_NONE.
Wrote  : <C:/Users/andre/Desktop/snn-fpga/vivado/snn_fpga/snn_fpga.srcs/sources_1/bd/microblaze/ui/bd_65fc89de.ui> 
Verilog Output written to : C:/Users/andre/Desktop/snn-fpga/vivado/snn_fpga/snn_fpga.gen/sources_1/bd/microblaze/synth/microblaze.v
Verilog Output written to : C:/Users/andre/Desktop/snn-fpga/vivado/snn_fpga/snn_fpga.gen/sources_1/bd/microblaze/sim/microblaze.v
Verilog Output written to : C:/Users/andre/Desktop/snn-fpga/vivado/snn_fpga/snn_fpga.gen/sources_1/bd/microblaze/hdl/microblaze_wrapper.v
INFO: [BD 41-1029] Generation completed for the IP Integrator block clk_wiz_0 .
INFO: [BD 41-1029] Generation completed for the IP Integrator block axi_uartlite_0 .
INFO: [BD 41-1029] Generation completed for the IP Integrator block microblaze_0 .
INFO: [BD 41-1029] Generation completed for the IP Integrator block microblaze_0_local_memory/dlmb_v10 .
INFO: [BD 41-1029] Generation completed for the IP Integrator block microblaze_0_local_memory/ilmb_v10 .
INFO: [BD 41-1029] Generation completed for the IP Integrator block microblaze_0_local_memory/dlmb_bram_if_cntlr .
INFO: [BD 41-1029] Generation completed for the IP Integrator block microblaze_0_local_memory/ilmb_bram_if_cntlr .
INFO: [BD 41-1029] Generation completed for the IP Integrator block microblaze_0_local_memory/lmb_bram .
INFO: [BD 41-1029] Generation completed for the IP Integrator block mdm_1 .
INFO: [BD 41-1029] Generation completed for the IP Integrator block rst_clk_wiz_0_100M .
INFO: [BD 41-1029] Generation completed for the IP Integrator block axi_bram_ctrl_0 .
INFO: [BD 41-1029] Generation completed for the IP Integrator block axi_bram_ctrl_1 .
INFO: [BD 41-1029] Generation completed for the IP Integrator block axi_bram_ctrl_2 .
INFO: [BD 41-1029] Generation completed for the IP Integrator block axi_bram_ctrl_3 .
Exporting to file c:/Users/andre/Desktop/snn-fpga/vivado/snn_fpga/snn_fpga.gen/sources_1/bd/microblaze/ip/microblaze_axi_smc_0/bd_0/hw_handoff/microblaze_axi_smc_0.hwh
Generated Hardware Definition File c:/Users/andre/Desktop/snn-fpga/vivado/snn_fpga/snn_fpga.gen/sources_1/bd/microblaze/ip/microblaze_axi_smc_0/bd_0/synth/microblaze_axi_smc_0.hwdef
INFO: [BD 41-1029] Generation completed for the IP Integrator block axi_smc .
Exporting to file C:/Users/andre/Desktop/snn-fpga/vivado/snn_fpga/snn_fpga.gen/sources_1/bd/microblaze/hw_handoff/microblaze.hwh
Generated Hardware Definition File C:/Users/andre/Desktop/snn-fpga/vivado/snn_fpga/snn_fpga.gen/sources_1/bd/microblaze/synth/microblaze.hwdef
generate_target: Time (s): cpu = 00:00:22 ; elapsed = 00:00:16 . Memory (MB): peak = 1638.906 ; gain = 71.301
export_ip_user_files -of_objects [get_files C:/Users/andre/Desktop/snn-fpga/vivado/snn_fpga/snn_fpga.srcs/sources_1/bd/microblaze/microblaze.bd] -no_script -sync -force -quiet
export_simulation -of_objects [get_files C:/Users/andre/Desktop/snn-fpga/vivado/snn_fpga/snn_fpga.srcs/sources_1/bd/microblaze/microblaze.bd] -directory C:/Users/andre/Desktop/snn-fpga/vivado/snn_fpga/snn_fpga.ip_user_files/sim_scripts -ip_user_files_dir C:/Users/andre/Desktop/snn-fpga/vivado/snn_fpga/snn_fpga.ip_user_files -ipstatic_source_dir C:/Users/andre/Desktop/snn-fpga/vivado/snn_fpga/snn_fpga.ip_user_files/ipstatic -lib_map_path [list {modelsim=C:/Users/andre/Desktop/snn-fpga/vivado/snn_fpga/snn_fpga.cache/compile_simlib/modelsim} {questa=C:/Users/andre/Desktop/snn-fpga/vivado/snn_fpga/snn_fpga.cache/compile_simlib/questa} {riviera=C:/Users/andre/Desktop/snn-fpga/vivado/snn_fpga/snn_fpga.cache/compile_simlib/riviera} {activehdl=C:/Users/andre/Desktop/snn-fpga/vivado/snn_fpga/snn_fpga.cache/compile_simlib/activehdl}] -use_ip_compiled_libs -force -quiet
launch_simulation
Command: launch_simulation 
INFO: [Vivado 12-12493] Simulation top is 'top_microblaze'
WARNING: [Vivado 12-13340] Unable to auto find GCC executables from simulator install path! (path not set)
Generating merged BMM file for the design top 'top_microblaze'...
INFO: [Vivado 12-5682] Launching behavioral simulation in 'C:/Users/andre/Desktop/snn-fpga/vivado/snn_fpga/snn_fpga.sim/sim_1/behav/xsim'
INFO: [Vivado 12-13660] Precompiled IP simulation library mode is enabled (default). The design IP libraries will be referenced from the compiled library path. Please note that if the precompiled version of the library is not found from the path or the IP is in locked state, then the library source files for these IPs will be compiled locally as part of the compile order.
INFO: [Vivado 12-4795] Using compiled simulation libraries for IPs
INFO: [SIM-utils-51] Simulation object is 'sim_1'
INFO: [SIM-utils-72] Using boost library from 'C:/Xilinx/Vivado/2024.2/tps/boost_1_72_0'
INFO: [USF-XSim-7] Finding pre-compiled libraries...
INFO: [USF-XSim-11] File 'C:/Xilinx/Vivado/2024.2/data/xsim/xsim.ini' copied to run dir:'C:/Users/andre/Desktop/snn-fpga/vivado/snn_fpga/snn_fpga.sim/sim_1/behav/xsim'
INFO: [SIM-utils-50] Design contains embedded sources, generating MEM files for simulation...
Generating merged BMM file for the design top 'top_microblaze'...
Generating merged BMM file for the design top 'top_microblaze'...
INFO: [SIM-utils-54] Inspecting design source files for 'top_microblaze' in fileset 'sim_1'...
INFO: [SIM-utils-43] Exported 'C:/Users/andre/Desktop/snn-fpga/vivado/snn_fpga/snn_fpga.sim/sim_1/behav/xsim/sc_xtlm_microblaze_axi_smc_0.mem'
INFO: [SIM-utils-43] Exported 'C:/Users/andre/Desktop/snn-fpga/vivado/snn_fpga/snn_fpga.sim/sim_1/behav/xsim/input_bram.mem'
INFO: [SIM-utils-43] Exported 'C:/Users/andre/Desktop/snn-fpga/vivado/snn_fpga/snn_fpga.sim/sim_1/behav/xsim/mem_bram.mem'
INFO: [SIM-utils-43] Exported 'C:/Users/andre/Desktop/snn-fpga/vivado/snn_fpga/snn_fpga.sim/sim_1/behav/xsim/spk_in_bram.mem'
INFO: [SIM-utils-43] Exported 'C:/Users/andre/Desktop/snn-fpga/vivado/snn_fpga/snn_fpga.sim/sim_1/behav/xsim/weight_bram.mem'
INFO: [SIM-utils-43] Exported 'C:/Users/andre/Desktop/snn-fpga/vivado/snn_fpga/snn_fpga.sim/sim_1/behav/xsim/tile_idx_bram.mem'
INFO: [USF-XSim-97] Finding global include files...
INFO: [USF-XSim-98] Fetching design files from 'sim_1'...
INFO: [USF-XSim-2] XSim::Compile design
INFO: [USF-XSim-61] Executing 'COMPILE and ANALYZE' step in 'C:/Users/andre/Desktop/snn-fpga/vivado/snn_fpga/snn_fpga.sim/sim_1/behav/xsim'
"xvlog --incr --relax -L uvm -L axi_vip_v1_1_19 -L smartconnect_v1_0 -L xilinx_vip -prj top_microblaze_vlog.prj"
INFO: [VRFC 10-2263] Analyzing Verilog file "C:/Users/andre/Desktop/snn-fpga/vivado/snn_fpga/snn_fpga.ip_user_files/bd/microblaze/ip/microblaze_clk_wiz_0_0/microblaze_clk_wiz_0_0_clk_wiz.v" into library xil_defaultlib
INFO: [VRFC 10-311] analyzing module microblaze_clk_wiz_0_0_clk_wiz
INFO: [VRFC 10-2263] Analyzing Verilog file "C:/Users/andre/Desktop/snn-fpga/vivado/snn_fpga/snn_fpga.ip_user_files/bd/microblaze/ip/microblaze_clk_wiz_0_0/microblaze_clk_wiz_0_0.v" into library xil_defaultlib
INFO: [VRFC 10-311] analyzing module microblaze_clk_wiz_0_0
INFO: [VRFC 10-2263] Analyzing Verilog file "C:/Users/andre/Desktop/snn-fpga/vivado/snn_fpga/snn_fpga.ip_user_files/bd/microblaze/ip/microblaze_lmb_bram_0/sim/microblaze_lmb_bram_0.v" into library xil_defaultlib
INFO: [VRFC 10-311] analyzing module microblaze_lmb_bram_0
INFO: [VRFC 10-2263] Analyzing Verilog file "C:/Users/andre/Desktop/snn-fpga/vivado/snn_fpga/snn_fpga.ip_user_files/bd/microblaze/ip/microblaze_axi_smc_0/bd_0/ip/ip_0/sim/bd_87ec_one_0.v" into library xil_defaultlib
INFO: [VRFC 10-311] analyzing module bd_87ec_one_0
INFO: [VRFC 10-2263] Analyzing SystemVerilog file "C:/Users/andre/Desktop/snn-fpga/vivado/snn_fpga/snn_fpga.ip_user_files/bd/microblaze/ip/microblaze_axi_smc_0/bd_0/ip/ip_2/sim/bd_87ec_arsw_0.sv" into library xil_defaultlib
INFO: [VRFC 10-311] analyzing module bd_87ec_arsw_0
WARNING: [VRFC 10-8772] attribute 'X_INTERFACE_MODE' is already specified; last one will take precedence [C:/Users/andre/Desktop/snn-fpga/vivado/snn_fpga/snn_fpga.ip_user_files/bd/microblaze/ip/microblaze_axi_smc_0/bd_0/ip/ip_2/sim/bd_87ec_arsw_0.sv:93]
WARNING: [VRFC 10-8772] attribute 'X_INTERFACE_MODE' is already specified; last one will take precedence [C:/Users/andre/Desktop/snn-fpga/vivado/snn_fpga/snn_fpga.ip_user_files/bd/microblaze/ip/microblaze_axi_smc_0/bd_0/ip/ip_2/sim/bd_87ec_arsw_0.sv:94]
WARNING: [VRFC 10-8772] attribute 'X_INTERFACE_MODE' is already specified; last one will take precedence [C:/Users/andre/Desktop/snn-fpga/vivado/snn_fpga/snn_fpga.ip_user_files/bd/microblaze/ip/microblaze_axi_smc_0/bd_0/ip/ip_2/sim/bd_87ec_arsw_0.sv:95]
WARNING: [VRFC 10-8772] attribute 'X_INTERFACE_MODE' is already specified; last one will take precedence [C:/Users/andre/Desktop/snn-fpga/vivado/snn_fpga/snn_fpga.ip_user_files/bd/microblaze/ip/microblaze_axi_smc_0/bd_0/ip/ip_2/sim/bd_87ec_arsw_0.sv:96]
INFO: [VRFC 10-2263] Analyzing SystemVerilog file "C:/Users/andre/Desktop/snn-fpga/vivado/snn_fpga/snn_fpga.ip_user_files/bd/microblaze/ip/microblaze_axi_smc_0/bd_0/ip/ip_3/sim/bd_87ec_rsw_0.sv" into library xil_defaultlib
INFO: [VRFC 10-311] analyzing module bd_87ec_rsw_0
WARNING: [VRFC 10-8772] attribute 'X_INTERFACE_MODE' is already specified; last one will take precedence [C:/Users/andre/Desktop/snn-fpga/vivado/snn_fpga/snn_fpga.ip_user_files/bd/microblaze/ip/microblaze_axi_smc_0/bd_0/ip/ip_3/sim/bd_87ec_rsw_0.sv:82]
WARNING: [VRFC 10-8772] attribute 'X_INTERFACE_PARAMETER' is already specified; last one will take precedence [C:/Users/andre/Desktop/snn-fpga/vivado/snn_fpga/snn_fpga.ip_user_files/bd/microblaze/ip/microblaze_axi_smc_0/bd_0/ip/ip_3/sim/bd_87ec_rsw_0.sv:83]
WARNING: [VRFC 10-8772] attribute 'X_INTERFACE_MODE' is already specified; last one will take precedence [C:/Users/andre/Desktop/snn-fpga/vivado/snn_fpga/snn_fpga.ip_user_files/bd/microblaze/ip/microblaze_axi_smc_0/bd_0/ip/ip_3/sim/bd_87ec_rsw_0.sv:84]
WARNING: [VRFC 10-8772] attribute 'X_INTERFACE_PARAMETER' is already specified; last one will take precedence [C:/Users/andre/Desktop/snn-fpga/vivado/snn_fpga/snn_fpga.ip_user_files/bd/microblaze/ip/microblaze_axi_smc_0/bd_0/ip/ip_3/sim/bd_87ec_rsw_0.sv:85]
WARNING: [VRFC 10-8772] attribute 'X_INTERFACE_MODE' is already specified; last one will take precedence [C:/Users/andre/Desktop/snn-fpga/vivado/snn_fpga/snn_fpga.ip_user_files/bd/microblaze/ip/microblaze_axi_smc_0/bd_0/ip/ip_3/sim/bd_87ec_rsw_0.sv:86]
WARNING: [VRFC 10-8772] attribute 'X_INTERFACE_PARAMETER' is already specified; last one will take precedence [C:/Users/andre/Desktop/snn-fpga/vivado/snn_fpga/snn_fpga.ip_user_files/bd/microblaze/ip/microblaze_axi_smc_0/bd_0/ip/ip_3/sim/bd_87ec_rsw_0.sv:87]
WARNING: [VRFC 10-8772] attribute 'X_INTERFACE_MODE' is already specified; last one will take precedence [C:/Users/andre/Desktop/snn-fpga/vivado/snn_fpga/snn_fpga.ip_user_files/bd/microblaze/ip/microblaze_axi_smc_0/bd_0/ip/ip_3/sim/bd_87ec_rsw_0.sv:88]
WARNING: [VRFC 10-8772] attribute 'X_INTERFACE_PARAMETER' is already specified; last one will take precedence [C:/Users/andre/Desktop/snn-fpga/vivado/snn_fpga/snn_fpga.ip_user_files/bd/microblaze/ip/microblaze_axi_smc_0/bd_0/ip/ip_3/sim/bd_87ec_rsw_0.sv:89]
INFO: [VRFC 10-2263] Analyzing SystemVerilog file "C:/Users/andre/Desktop/snn-fpga/vivado/snn_fpga/snn_fpga.ip_user_files/bd/microblaze/ip/microblaze_axi_smc_0/bd_0/ip/ip_4/sim/bd_87ec_awsw_0.sv" into library xil_defaultlib
INFO: [VRFC 10-311] analyzing module bd_87ec_awsw_0
WARNING: [VRFC 10-8772] attribute 'X_INTERFACE_MODE' is already specified; last one will take precedence [C:/Users/andre/Desktop/snn-fpga/vivado/snn_fpga/snn_fpga.ip_user_files/bd/microblaze/ip/microblaze_axi_smc_0/bd_0/ip/ip_4/sim/bd_87ec_awsw_0.sv:93]
WARNING: [VRFC 10-8772] attribute 'X_INTERFACE_MODE' is already specified; last one will take precedence [C:/Users/andre/Desktop/snn-fpga/vivado/snn_fpga/snn_fpga.ip_user_files/bd/microblaze/ip/microblaze_axi_smc_0/bd_0/ip/ip_4/sim/bd_87ec_awsw_0.sv:94]
WARNING: [VRFC 10-8772] attribute 'X_INTERFACE_MODE' is already specified; last one will take precedence [C:/Users/andre/Desktop/snn-fpga/vivado/snn_fpga/snn_fpga.ip_user_files/bd/microblaze/ip/microblaze_axi_smc_0/bd_0/ip/ip_4/sim/bd_87ec_awsw_0.sv:95]
WARNING: [VRFC 10-8772] attribute 'X_INTERFACE_MODE' is already specified; last one will take precedence [C:/Users/andre/Desktop/snn-fpga/vivado/snn_fpga/snn_fpga.ip_user_files/bd/microblaze/ip/microblaze_axi_smc_0/bd_0/ip/ip_4/sim/bd_87ec_awsw_0.sv:96]
INFO: [VRFC 10-2263] Analyzing SystemVerilog file "C:/Users/andre/Desktop/snn-fpga/vivado/snn_fpga/snn_fpga.ip_user_files/bd/microblaze/ip/microblaze_axi_smc_0/bd_0/ip/ip_5/sim/bd_87ec_wsw_0.sv" into library xil_defaultlib
INFO: [VRFC 10-311] analyzing module bd_87ec_wsw_0
WARNING: [VRFC 10-8772] attribute 'X_INTERFACE_MODE' is already specified; last one will take precedence [C:/Users/andre/Desktop/snn-fpga/vivado/snn_fpga/snn_fpga.ip_user_files/bd/microblaze/ip/microblaze_axi_smc_0/bd_0/ip/ip_5/sim/bd_87ec_wsw_0.sv:93]
WARNING: [VRFC 10-8772] attribute 'X_INTERFACE_MODE' is already specified; last one will take precedence [C:/Users/andre/Desktop/snn-fpga/vivado/snn_fpga/snn_fpga.ip_user_files/bd/microblaze/ip/microblaze_axi_smc_0/bd_0/ip/ip_5/sim/bd_87ec_wsw_0.sv:94]
WARNING: [VRFC 10-8772] attribute 'X_INTERFACE_MODE' is already specified; last one will take precedence [C:/Users/andre/Desktop/snn-fpga/vivado/snn_fpga/snn_fpga.ip_user_files/bd/microblaze/ip/microblaze_axi_smc_0/bd_0/ip/ip_5/sim/bd_87ec_wsw_0.sv:95]
WARNING: [VRFC 10-8772] attribute 'X_INTERFACE_MODE' is already specified; last one will take precedence [C:/Users/andre/Desktop/snn-fpga/vivado/snn_fpga/snn_fpga.ip_user_files/bd/microblaze/ip/microblaze_axi_smc_0/bd_0/ip/ip_5/sim/bd_87ec_wsw_0.sv:96]
INFO: [VRFC 10-2263] Analyzing SystemVerilog file "C:/Users/andre/Desktop/snn-fpga/vivado/snn_fpga/snn_fpga.ip_user_files/bd/microblaze/ip/microblaze_axi_smc_0/bd_0/ip/ip_6/sim/bd_87ec_bsw_0.sv" into library xil_defaultlib
INFO: [VRFC 10-311] analyzing module bd_87ec_bsw_0
WARNING: [VRFC 10-8772] attribute 'X_INTERFACE_MODE' is already specified; last one will take precedence [C:/Users/andre/Desktop/snn-fpga/vivado/snn_fpga/snn_fpga.ip_user_files/bd/microblaze/ip/microblaze_axi_smc_0/bd_0/ip/ip_6/sim/bd_87ec_bsw_0.sv:82]
WARNING: [VRFC 10-8772] attribute 'X_INTERFACE_PARAMETER' is already specified; last one will take precedence [C:/Users/andre/Desktop/snn-fpga/vivado/snn_fpga/snn_fpga.ip_user_files/bd/microblaze/ip/microblaze_axi_smc_0/bd_0/ip/ip_6/sim/bd_87ec_bsw_0.sv:83]
WARNING: [VRFC 10-8772] attribute 'X_INTERFACE_MODE' is already specified; last one will take precedence [C:/Users/andre/Desktop/snn-fpga/vivado/snn_fpga/snn_fpga.ip_user_files/bd/microblaze/ip/microblaze_axi_smc_0/bd_0/ip/ip_6/sim/bd_87ec_bsw_0.sv:84]
WARNING: [VRFC 10-8772] attribute 'X_INTERFACE_PARAMETER' is already specified; last one will take precedence [C:/Users/andre/Desktop/snn-fpga/vivado/snn_fpga/snn_fpga.ip_user_files/bd/microblaze/ip/microblaze_axi_smc_0/bd_0/ip/ip_6/sim/bd_87ec_bsw_0.sv:85]
WARNING: [VRFC 10-8772] attribute 'X_INTERFACE_MODE' is already specified; last one will take precedence [C:/Users/andre/Desktop/snn-fpga/vivado/snn_fpga/snn_fpga.ip_user_files/bd/microblaze/ip/microblaze_axi_smc_0/bd_0/ip/ip_6/sim/bd_87ec_bsw_0.sv:86]
WARNING: [VRFC 10-8772] attribute 'X_INTERFACE_PARAMETER' is already specified; last one will take precedence [C:/Users/andre/Desktop/snn-fpga/vivado/snn_fpga/snn_fpga.ip_user_files/bd/microblaze/ip/microblaze_axi_smc_0/bd_0/ip/ip_6/sim/bd_87ec_bsw_0.sv:87]
WARNING: [VRFC 10-8772] attribute 'X_INTERFACE_MODE' is already specified; last one will take precedence [C:/Users/andre/Desktop/snn-fpga/vivado/snn_fpga/snn_fpga.ip_user_files/bd/microblaze/ip/microblaze_axi_smc_0/bd_0/ip/ip_6/sim/bd_87ec_bsw_0.sv:88]
WARNING: [VRFC 10-8772] attribute 'X_INTERFACE_PARAMETER' is already specified; last one will take precedence [C:/Users/andre/Desktop/snn-fpga/vivado/snn_fpga/snn_fpga.ip_user_files/bd/microblaze/ip/microblaze_axi_smc_0/bd_0/ip/ip_6/sim/bd_87ec_bsw_0.sv:89]
INFO: [VRFC 10-2263] Analyzing SystemVerilog file "C:/Users/andre/Desktop/snn-fpga/vivado/snn_fpga/snn_fpga.ip_user_files/bd/microblaze/ip/microblaze_axi_smc_0/bd_0/ip/ip_7/sim/bd_87ec_s00mmu_0.sv" into library xil_defaultlib
INFO: [VRFC 10-311] analyzing module bd_87ec_s00mmu_0
INFO: [VRFC 10-2263] Analyzing SystemVerilog file "C:/Users/andre/Desktop/snn-fpga/vivado/snn_fpga/snn_fpga.ip_user_files/bd/microblaze/ip/microblaze_axi_smc_0/bd_0/ip/ip_8/sim/bd_87ec_s00tr_0.sv" into library xil_defaultlib
INFO: [VRFC 10-311] analyzing module bd_87ec_s00tr_0
INFO: [VRFC 10-2263] Analyzing SystemVerilog file "C:/Users/andre/Desktop/snn-fpga/vivado/snn_fpga/snn_fpga.ip_user_files/bd/microblaze/ip/microblaze_axi_smc_0/bd_0/ip/ip_9/sim/bd_87ec_s00sic_0.sv" into library xil_defaultlib
INFO: [VRFC 10-311] analyzing module bd_87ec_s00sic_0
INFO: [VRFC 10-2263] Analyzing SystemVerilog file "C:/Users/andre/Desktop/snn-fpga/vivado/snn_fpga/snn_fpga.ip_user_files/bd/microblaze/ip/microblaze_axi_smc_0/bd_0/ip/ip_10/sim/bd_87ec_s00a2s_0.sv" into library xil_defaultlib
INFO: [VRFC 10-311] analyzing module bd_87ec_s00a2s_0
INFO: [VRFC 10-2263] Analyzing SystemVerilog file "C:/Users/andre/Desktop/snn-fpga/vivado/snn_fpga/snn_fpga.ip_user_files/bd/microblaze/ip/microblaze_axi_smc_0/bd_0/ip/ip_11/sim/bd_87ec_sarn_0.sv" into library xil_defaultlib
INFO: [VRFC 10-311] analyzing module bd_87ec_sarn_0
INFO: [VRFC 10-2263] Analyzing SystemVerilog file "C:/Users/andre/Desktop/snn-fpga/vivado/snn_fpga/snn_fpga.ip_user_files/bd/microblaze/ip/microblaze_axi_smc_0/bd_0/ip/ip_12/sim/bd_87ec_srn_0.sv" into library xil_defaultlib
INFO: [VRFC 10-311] analyzing module bd_87ec_srn_0
INFO: [VRFC 10-2263] Analyzing SystemVerilog file "C:/Users/andre/Desktop/snn-fpga/vivado/snn_fpga/snn_fpga.ip_user_files/bd/microblaze/ip/microblaze_axi_smc_0/bd_0/ip/ip_13/sim/bd_87ec_sawn_0.sv" into library xil_defaultlib
INFO: [VRFC 10-311] analyzing module bd_87ec_sawn_0
INFO: [VRFC 10-2263] Analyzing SystemVerilog file "C:/Users/andre/Desktop/snn-fpga/vivado/snn_fpga/snn_fpga.ip_user_files/bd/microblaze/ip/microblaze_axi_smc_0/bd_0/ip/ip_14/sim/bd_87ec_swn_0.sv" into library xil_defaultlib
INFO: [VRFC 10-311] analyzing module bd_87ec_swn_0
INFO: [VRFC 10-2263] Analyzing SystemVerilog file "C:/Users/andre/Desktop/snn-fpga/vivado/snn_fpga/snn_fpga.ip_user_files/bd/microblaze/ip/microblaze_axi_smc_0/bd_0/ip/ip_15/sim/bd_87ec_sbn_0.sv" into library xil_defaultlib
INFO: [VRFC 10-311] analyzing module bd_87ec_sbn_0
INFO: [VRFC 10-2263] Analyzing SystemVerilog file "C:/Users/andre/Desktop/snn-fpga/vivado/snn_fpga/snn_fpga.ip_user_files/bd/microblaze/ip/microblaze_axi_smc_0/bd_0/ip/ip_16/sim/bd_87ec_m00s2a_0.sv" into library xil_defaultlib
INFO: [VRFC 10-311] analyzing module bd_87ec_m00s2a_0
INFO: [VRFC 10-2263] Analyzing SystemVerilog file "C:/Users/andre/Desktop/snn-fpga/vivado/snn_fpga/snn_fpga.ip_user_files/bd/microblaze/ip/microblaze_axi_smc_0/bd_0/ip/ip_17/sim/bd_87ec_m00arn_0.sv" into library xil_defaultlib
INFO: [VRFC 10-311] analyzing module bd_87ec_m00arn_0
INFO: [VRFC 10-2263] Analyzing SystemVerilog file "C:/Users/andre/Desktop/snn-fpga/vivado/snn_fpga/snn_fpga.ip_user_files/bd/microblaze/ip/microblaze_axi_smc_0/bd_0/ip/ip_18/sim/bd_87ec_m00rn_0.sv" into library xil_defaultlib
INFO: [VRFC 10-311] analyzing module bd_87ec_m00rn_0
INFO: [VRFC 10-2263] Analyzing SystemVerilog file "C:/Users/andre/Desktop/snn-fpga/vivado/snn_fpga/snn_fpga.ip_user_files/bd/microblaze/ip/microblaze_axi_smc_0/bd_0/ip/ip_19/sim/bd_87ec_m00awn_0.sv" into library xil_defaultlib
INFO: [VRFC 10-311] analyzing module bd_87ec_m00awn_0
INFO: [VRFC 10-2263] Analyzing SystemVerilog file "C:/Users/andre/Desktop/snn-fpga/vivado/snn_fpga/snn_fpga.ip_user_files/bd/microblaze/ip/microblaze_axi_smc_0/bd_0/ip/ip_20/sim/bd_87ec_m00wn_0.sv" into library xil_defaultlib
INFO: [VRFC 10-311] analyzing module bd_87ec_m00wn_0
INFO: [VRFC 10-2263] Analyzing SystemVerilog file "C:/Users/andre/Desktop/snn-fpga/vivado/snn_fpga/snn_fpga.ip_user_files/bd/microblaze/ip/microblaze_axi_smc_0/bd_0/ip/ip_21/sim/bd_87ec_m00bn_0.sv" into library xil_defaultlib
INFO: [VRFC 10-311] analyzing module bd_87ec_m00bn_0
INFO: [VRFC 10-2263] Analyzing SystemVerilog file "C:/Users/andre/Desktop/snn-fpga/vivado/snn_fpga/snn_fpga.ip_user_files/bd/microblaze/ip/microblaze_axi_smc_0/bd_0/ip/ip_22/sim/bd_87ec_m00e_0.sv" into library xil_defaultlib
INFO: [VRFC 10-311] analyzing module bd_87ec_m00e_0
INFO: [VRFC 10-2263] Analyzing SystemVerilog file "C:/Users/andre/Desktop/snn-fpga/vivado/snn_fpga/snn_fpga.ip_user_files/bd/microblaze/ip/microblaze_axi_smc_0/bd_0/ip/ip_23/sim/bd_87ec_m01s2a_0.sv" into library xil_defaultlib
INFO: [VRFC 10-311] analyzing module bd_87ec_m01s2a_0
INFO: [VRFC 10-2263] Analyzing SystemVerilog file "C:/Users/andre/Desktop/snn-fpga/vivado/snn_fpga/snn_fpga.ip_user_files/bd/microblaze/ip/microblaze_axi_smc_0/bd_0/ip/ip_24/sim/bd_87ec_m01arn_0.sv" into library xil_defaultlib
INFO: [VRFC 10-311] analyzing module bd_87ec_m01arn_0
INFO: [VRFC 10-2263] Analyzing SystemVerilog file "C:/Users/andre/Desktop/snn-fpga/vivado/snn_fpga/snn_fpga.ip_user_files/bd/microblaze/ip/microblaze_axi_smc_0/bd_0/ip/ip_25/sim/bd_87ec_m01rn_0.sv" into library xil_defaultlib
INFO: [VRFC 10-311] analyzing module bd_87ec_m01rn_0
INFO: [VRFC 10-2263] Analyzing SystemVerilog file "C:/Users/andre/Desktop/snn-fpga/vivado/snn_fpga/snn_fpga.ip_user_files/bd/microblaze/ip/microblaze_axi_smc_0/bd_0/ip/ip_26/sim/bd_87ec_m01awn_0.sv" into library xil_defaultlib
INFO: [VRFC 10-311] analyzing module bd_87ec_m01awn_0
INFO: [VRFC 10-2263] Analyzing SystemVerilog file "C:/Users/andre/Desktop/snn-fpga/vivado/snn_fpga/snn_fpga.ip_user_files/bd/microblaze/ip/microblaze_axi_smc_0/bd_0/ip/ip_27/sim/bd_87ec_m01wn_0.sv" into library xil_defaultlib
INFO: [VRFC 10-311] analyzing module bd_87ec_m01wn_0
INFO: [VRFC 10-2263] Analyzing SystemVerilog file "C:/Users/andre/Desktop/snn-fpga/vivado/snn_fpga/snn_fpga.ip_user_files/bd/microblaze/ip/microblaze_axi_smc_0/bd_0/ip/ip_28/sim/bd_87ec_m01bn_0.sv" into library xil_defaultlib
INFO: [VRFC 10-311] analyzing module bd_87ec_m01bn_0
INFO: [VRFC 10-2263] Analyzing SystemVerilog file "C:/Users/andre/Desktop/snn-fpga/vivado/snn_fpga/snn_fpga.ip_user_files/bd/microblaze/ip/microblaze_axi_smc_0/bd_0/ip/ip_29/sim/bd_87ec_m01e_0.sv" into library xil_defaultlib
INFO: [VRFC 10-311] analyzing module bd_87ec_m01e_0
INFO: [VRFC 10-2263] Analyzing SystemVerilog file "C:/Users/andre/Desktop/snn-fpga/vivado/snn_fpga/snn_fpga.ip_user_files/bd/microblaze/ip/microblaze_axi_smc_0/bd_0/ip/ip_30/sim/bd_87ec_m02s2a_0.sv" into library xil_defaultlib
INFO: [VRFC 10-311] analyzing module bd_87ec_m02s2a_0
INFO: [VRFC 10-2263] Analyzing SystemVerilog file "C:/Users/andre/Desktop/snn-fpga/vivado/snn_fpga/snn_fpga.ip_user_files/bd/microblaze/ip/microblaze_axi_smc_0/bd_0/ip/ip_31/sim/bd_87ec_m02arn_0.sv" into library xil_defaultlib
INFO: [VRFC 10-311] analyzing module bd_87ec_m02arn_0
INFO: [VRFC 10-2263] Analyzing SystemVerilog file "C:/Users/andre/Desktop/snn-fpga/vivado/snn_fpga/snn_fpga.ip_user_files/bd/microblaze/ip/microblaze_axi_smc_0/bd_0/ip/ip_32/sim/bd_87ec_m02rn_0.sv" into library xil_defaultlib
INFO: [VRFC 10-311] analyzing module bd_87ec_m02rn_0
INFO: [VRFC 10-2263] Analyzing SystemVerilog file "C:/Users/andre/Desktop/snn-fpga/vivado/snn_fpga/snn_fpga.ip_user_files/bd/microblaze/ip/microblaze_axi_smc_0/bd_0/ip/ip_33/sim/bd_87ec_m02awn_0.sv" into library xil_defaultlib
INFO: [VRFC 10-311] analyzing module bd_87ec_m02awn_0
INFO: [VRFC 10-2263] Analyzing SystemVerilog file "C:/Users/andre/Desktop/snn-fpga/vivado/snn_fpga/snn_fpga.ip_user_files/bd/microblaze/ip/microblaze_axi_smc_0/bd_0/ip/ip_34/sim/bd_87ec_m02wn_0.sv" into library xil_defaultlib
INFO: [VRFC 10-311] analyzing module bd_87ec_m02wn_0
INFO: [VRFC 10-2263] Analyzing SystemVerilog file "C:/Users/andre/Desktop/snn-fpga/vivado/snn_fpga/snn_fpga.ip_user_files/bd/microblaze/ip/microblaze_axi_smc_0/bd_0/ip/ip_35/sim/bd_87ec_m02bn_0.sv" into library xil_defaultlib
INFO: [VRFC 10-311] analyzing module bd_87ec_m02bn_0
INFO: [VRFC 10-2263] Analyzing SystemVerilog file "C:/Users/andre/Desktop/snn-fpga/vivado/snn_fpga/snn_fpga.ip_user_files/bd/microblaze/ip/microblaze_axi_smc_0/bd_0/ip/ip_36/sim/bd_87ec_m02e_0.sv" into library xil_defaultlib
INFO: [VRFC 10-311] analyzing module bd_87ec_m02e_0
INFO: [VRFC 10-2263] Analyzing SystemVerilog file "C:/Users/andre/Desktop/snn-fpga/vivado/snn_fpga/snn_fpga.ip_user_files/bd/microblaze/ip/microblaze_axi_smc_0/bd_0/ip/ip_37/sim/bd_87ec_m03s2a_0.sv" into library xil_defaultlib
INFO: [VRFC 10-311] analyzing module bd_87ec_m03s2a_0
INFO: [VRFC 10-2263] Analyzing SystemVerilog file "C:/Users/andre/Desktop/snn-fpga/vivado/snn_fpga/snn_fpga.ip_user_files/bd/microblaze/ip/microblaze_axi_smc_0/bd_0/ip/ip_38/sim/bd_87ec_m03arn_0.sv" into library xil_defaultlib
INFO: [VRFC 10-311] analyzing module bd_87ec_m03arn_0
INFO: [VRFC 10-2263] Analyzing SystemVerilog file "C:/Users/andre/Desktop/snn-fpga/vivado/snn_fpga/snn_fpga.ip_user_files/bd/microblaze/ip/microblaze_axi_smc_0/bd_0/ip/ip_39/sim/bd_87ec_m03rn_0.sv" into library xil_defaultlib
INFO: [VRFC 10-311] analyzing module bd_87ec_m03rn_0
INFO: [VRFC 10-2263] Analyzing SystemVerilog file "C:/Users/andre/Desktop/snn-fpga/vivado/snn_fpga/snn_fpga.ip_user_files/bd/microblaze/ip/microblaze_axi_smc_0/bd_0/ip/ip_40/sim/bd_87ec_m03awn_0.sv" into library xil_defaultlib
INFO: [VRFC 10-311] analyzing module bd_87ec_m03awn_0
INFO: [VRFC 10-2263] Analyzing SystemVerilog file "C:/Users/andre/Desktop/snn-fpga/vivado/snn_fpga/snn_fpga.ip_user_files/bd/microblaze/ip/microblaze_axi_smc_0/bd_0/ip/ip_41/sim/bd_87ec_m03wn_0.sv" into library xil_defaultlib
INFO: [VRFC 10-311] analyzing module bd_87ec_m03wn_0
INFO: [VRFC 10-2263] Analyzing SystemVerilog file "C:/Users/andre/Desktop/snn-fpga/vivado/snn_fpga/snn_fpga.ip_user_files/bd/microblaze/ip/microblaze_axi_smc_0/bd_0/ip/ip_42/sim/bd_87ec_m03bn_0.sv" into library xil_defaultlib
INFO: [VRFC 10-311] analyzing module bd_87ec_m03bn_0
INFO: [VRFC 10-2263] Analyzing SystemVerilog file "C:/Users/andre/Desktop/snn-fpga/vivado/snn_fpga/snn_fpga.ip_user_files/bd/microblaze/ip/microblaze_axi_smc_0/bd_0/ip/ip_43/sim/bd_87ec_m03e_0.sv" into library xil_defaultlib
INFO: [VRFC 10-311] analyzing module bd_87ec_m03e_0
INFO: [VRFC 10-2263] Analyzing SystemVerilog file "C:/Users/andre/Desktop/snn-fpga/vivado/snn_fpga/snn_fpga.ip_user_files/bd/microblaze/ip/microblaze_axi_smc_0/bd_0/ip/ip_44/sim/bd_87ec_m04s2a_0.sv" into library xil_defaultlib
INFO: [VRFC 10-311] analyzing module bd_87ec_m04s2a_0
INFO: [VRFC 10-2263] Analyzing SystemVerilog file "C:/Users/andre/Desktop/snn-fpga/vivado/snn_fpga/snn_fpga.ip_user_files/bd/microblaze/ip/microblaze_axi_smc_0/bd_0/ip/ip_45/sim/bd_87ec_m04arn_0.sv" into library xil_defaultlib
INFO: [VRFC 10-311] analyzing module bd_87ec_m04arn_0
INFO: [VRFC 10-2263] Analyzing SystemVerilog file "C:/Users/andre/Desktop/snn-fpga/vivado/snn_fpga/snn_fpga.ip_user_files/bd/microblaze/ip/microblaze_axi_smc_0/bd_0/ip/ip_46/sim/bd_87ec_m04rn_0.sv" into library xil_defaultlib
INFO: [VRFC 10-311] analyzing module bd_87ec_m04rn_0
INFO: [VRFC 10-2263] Analyzing SystemVerilog file "C:/Users/andre/Desktop/snn-fpga/vivado/snn_fpga/snn_fpga.ip_user_files/bd/microblaze/ip/microblaze_axi_smc_0/bd_0/ip/ip_47/sim/bd_87ec_m04awn_0.sv" into library xil_defaultlib
INFO: [VRFC 10-311] analyzing module bd_87ec_m04awn_0
INFO: [VRFC 10-2263] Analyzing SystemVerilog file "C:/Users/andre/Desktop/snn-fpga/vivado/snn_fpga/snn_fpga.ip_user_files/bd/microblaze/ip/microblaze_axi_smc_0/bd_0/ip/ip_48/sim/bd_87ec_m04wn_0.sv" into library xil_defaultlib
INFO: [VRFC 10-311] analyzing module bd_87ec_m04wn_0
INFO: [VRFC 10-2263] Analyzing SystemVerilog file "C:/Users/andre/Desktop/snn-fpga/vivado/snn_fpga/snn_fpga.ip_user_files/bd/microblaze/ip/microblaze_axi_smc_0/bd_0/ip/ip_49/sim/bd_87ec_m04bn_0.sv" into library xil_defaultlib
INFO: [VRFC 10-311] analyzing module bd_87ec_m04bn_0
INFO: [VRFC 10-2263] Analyzing SystemVerilog file "C:/Users/andre/Desktop/snn-fpga/vivado/snn_fpga/snn_fpga.ip_user_files/bd/microblaze/ip/microblaze_axi_smc_0/bd_0/ip/ip_50/sim/bd_87ec_m04e_0.sv" into library xil_defaultlib
INFO: [VRFC 10-311] analyzing module bd_87ec_m04e_0
INFO: [VRFC 10-2263] Analyzing Verilog file "C:/Users/andre/Desktop/snn-fpga/vivado/snn_fpga/snn_fpga.ip_user_files/bd/microblaze/ip/microblaze_axi_smc_0/bd_0/sim/bd_87ec.v" into library xil_defaultlib
INFO: [VRFC 10-311] analyzing module bd_87ec
INFO: [VRFC 10-311] analyzing module clk_map_imp_1VHI8M9
INFO: [VRFC 10-311] analyzing module m00_exit_pipeline_imp_37R7QY
INFO: [VRFC 10-311] analyzing module m00_nodes_imp_PFD712
INFO: [VRFC 10-311] analyzing module m01_exit_pipeline_imp_7Z4OXM
INFO: [VRFC 10-311] analyzing module m01_nodes_imp_1J4HI8W
INFO: [VRFC 10-311] analyzing module m02_exit_pipeline_imp_AHBRZU
INFO: [VRFC 10-311] analyzing module m02_nodes_imp_1FTWJGB
INFO: [VRFC 10-311] analyzing module m03_exit_pipeline_imp_E4Q6KA
INFO: [VRFC 10-311] analyzing module m03_nodes_imp_B15ZWT
INFO: [VRFC 10-311] analyzing module m04_exit_pipeline_imp_O7648Q
INFO: [VRFC 10-311] analyzing module m04_nodes_imp_IBURBH
INFO: [VRFC 10-311] analyzing module s00_entry_pipeline_imp_11XXIWP
INFO: [VRFC 10-311] analyzing module s00_nodes_imp_17KGUSJ
INFO: [VRFC 10-311] analyzing module switchboards_imp_1WING1J
INFO: [VRFC 10-2263] Analyzing Verilog file "C:/Users/andre/Desktop/snn-fpga/vivado/snn_fpga/snn_fpga.ip_user_files/bd/microblaze/ip/microblaze_axi_smc_0/sim/microblaze_axi_smc_0.v" into library xil_defaultlib
INFO: [VRFC 10-311] analyzing module microblaze_axi_smc_0
INFO: [VRFC 10-2263] Analyzing Verilog file "C:/Users/andre/Desktop/snn-fpga/vivado/snn_fpga/snn_fpga.ip_user_files/bd/microblaze/sim/microblaze.v" into library xil_defaultlib
INFO: [VRFC 10-311] analyzing module microblaze
INFO: [VRFC 10-311] analyzing module microblaze_0_local_memory_imp_HPR3PZ
INFO: [VRFC 10-2263] Analyzing Verilog file "C:/Users/andre/Desktop/snn-fpga/vivado/snn_fpga/snn_fpga.gen/sources_1/bd/microblaze/hdl/microblaze_wrapper.v" into library xil_defaultlib
INFO: [VRFC 10-311] analyzing module microblaze_wrapper
INFO: [VRFC 10-2263] Analyzing SystemVerilog file "C:/Users/andre/Desktop/snn-fpga/src/hdl/top_microblaze.sv" into library xil_defaultlib
INFO: [VRFC 10-311] analyzing module dual_port_bram
INFO: [VRFC 10-311] analyzing module spk_in_bram
INFO: [VRFC 10-311] analyzing module tile_idx_bram
INFO: [VRFC 10-311] analyzing module weight_bram
INFO: [VRFC 10-311] analyzing module input_bram
INFO: [VRFC 10-311] analyzing module lif_bram
INFO: [VRFC 10-311] analyzing module simple_dual_port_bram
INFO: [VRFC 10-311] analyzing module bram_streamer
INFO: [VRFC 10-311] analyzing module buff_idx_controller
INFO: [VRFC 10-311] analyzing module weight_fifo
INFO: [VRFC 10-311] analyzing module spk_in_fifo
INFO: [VRFC 10-311] analyzing module tile_idx_fifo
INFO: [VRFC 10-311] analyzing module mem_fifo
INFO: [VRFC 10-311] analyzing module lif_scheduler
INFO: [VRFC 10-311] analyzing module xbar_scheduler
INFO: [VRFC 10-311] analyzing module synapse
INFO: [VRFC 10-311] analyzing module synapse_array
INFO: [VRFC 10-311] analyzing module lif
INFO: [VRFC 10-311] analyzing module lif_array
INFO: [VRFC 10-311] analyzing module led_controller
INFO: [VRFC 10-311] analyzing module top
INFO: [VRFC 10-311] analyzing module top_microblaze
INFO: [VRFC 10-2263] Analyzing Verilog file "C:/Users/andre/Desktop/snn-fpga/vivado/snn_fpga/snn_fpga.sim/sim_1/behav/xsim/glbl.v" into library xil_defaultlib
INFO: [VRFC 10-311] analyzing module glbl
"xvhdl --incr --relax -prj top_microblaze_vhdl.prj"
INFO: [VRFC 10-163] Analyzing VHDL file "C:/Users/andre/Desktop/snn-fpga/vivado/snn_fpga/snn_fpga.ip_user_files/bd/microblaze/ip/microblaze_axi_uartlite_0_0/sim/microblaze_axi_uartlite_0_0.vhd" into library xil_defaultlib
INFO: [VRFC 10-3107] analyzing entity 'microblaze_axi_uartlite_0_0'
INFO: [VRFC 10-163] Analyzing VHDL file "C:/Users/andre/Desktop/snn-fpga/vivado/snn_fpga/snn_fpga.ip_user_files/bd/microblaze/ip/microblaze_microblaze_0_0/sim/microblaze_microblaze_0_0.vhd" into library xil_defaultlib
INFO: [VRFC 10-3107] analyzing entity 'microblaze_microblaze_0_0'
INFO: [VRFC 10-163] Analyzing VHDL file "C:/Users/andre/Desktop/snn-fpga/vivado/snn_fpga/snn_fpga.ip_user_files/bd/microblaze/ip/microblaze_dlmb_v10_0/sim/microblaze_dlmb_v10_0.vhd" into library xil_defaultlib
INFO: [VRFC 10-3107] analyzing entity 'microblaze_dlmb_v10_0'
INFO: [VRFC 10-163] Analyzing VHDL file "C:/Users/andre/Desktop/snn-fpga/vivado/snn_fpga/snn_fpga.ip_user_files/bd/microblaze/ip/microblaze_ilmb_v10_0/sim/microblaze_ilmb_v10_0.vhd" into library xil_defaultlib
INFO: [VRFC 10-3107] analyzing entity 'microblaze_ilmb_v10_0'
INFO: [VRFC 10-163] Analyzing VHDL file "C:/Users/andre/Desktop/snn-fpga/vivado/snn_fpga/snn_fpga.ip_user_files/bd/microblaze/ip/microblaze_dlmb_bram_if_cntlr_0/sim/microblaze_dlmb_bram_if_cntlr_0.vhd" into library xil_defaultlib
INFO: [VRFC 10-3107] analyzing entity 'microblaze_dlmb_bram_if_cntlr_0'
INFO: [VRFC 10-163] Analyzing VHDL file "C:/Users/andre/Desktop/snn-fpga/vivado/snn_fpga/snn_fpga.ip_user_files/bd/microblaze/ip/microblaze_ilmb_bram_if_cntlr_0/sim/microblaze_ilmb_bram_if_cntlr_0.vhd" into library xil_defaultlib
INFO: [VRFC 10-3107] analyzing entity 'microblaze_ilmb_bram_if_cntlr_0'
INFO: [VRFC 10-163] Analyzing VHDL file "C:/Users/andre/Desktop/snn-fpga/vivado/snn_fpga/snn_fpga.ip_user_files/bd/microblaze/ip/microblaze_mdm_1_0/sim/microblaze_mdm_1_0.vhd" into library xil_defaultlib
INFO: [VRFC 10-3107] analyzing entity 'microblaze_mdm_1_0'
INFO: [VRFC 10-163] Analyzing VHDL file "C:/Users/andre/Desktop/snn-fpga/vivado/snn_fpga/snn_fpga.ip_user_files/bd/microblaze/ip/microblaze_rst_clk_wiz_0_100M_0/sim/microblaze_rst_clk_wiz_0_100M_0.vhd" into library xil_defaultlib
INFO: [VRFC 10-3107] analyzing entity 'microblaze_rst_clk_wiz_0_100M_0'
INFO: [VRFC 10-163] Analyzing VHDL file "C:/Users/andre/Desktop/snn-fpga/vivado/snn_fpga/snn_fpga.ip_user_files/bd/microblaze/ip/microblaze_axi_bram_ctrl_0_0/sim/microblaze_axi_bram_ctrl_0_0.vhd" into library xil_defaultlib
INFO: [VRFC 10-3107] analyzing entity 'microblaze_axi_bram_ctrl_0_0'
INFO: [VRFC 10-163] Analyzing VHDL file "C:/Users/andre/Desktop/snn-fpga/vivado/snn_fpga/snn_fpga.ip_user_files/bd/microblaze/ip/microblaze_axi_bram_ctrl_1_0/sim/microblaze_axi_bram_ctrl_1_0.vhd" into library xil_defaultlib
INFO: [VRFC 10-3107] analyzing entity 'microblaze_axi_bram_ctrl_1_0'
INFO: [VRFC 10-163] Analyzing VHDL file "C:/Users/andre/Desktop/snn-fpga/vivado/snn_fpga/snn_fpga.ip_user_files/bd/microblaze/ip/microblaze_axi_bram_ctrl_2_0/sim/microblaze_axi_bram_ctrl_2_0.vhd" into library xil_defaultlib
INFO: [VRFC 10-3107] analyzing entity 'microblaze_axi_bram_ctrl_2_0'
INFO: [VRFC 10-163] Analyzing VHDL file "C:/Users/andre/Desktop/snn-fpga/vivado/snn_fpga/snn_fpga.ip_user_files/bd/microblaze/ip/microblaze_axi_bram_ctrl_3_0/sim/microblaze_axi_bram_ctrl_3_0.vhd" into library xil_defaultlib
INFO: [VRFC 10-3107] analyzing entity 'microblaze_axi_bram_ctrl_3_0'
INFO: [VRFC 10-163] Analyzing VHDL file "C:/Users/andre/Desktop/snn-fpga/vivado/snn_fpga/snn_fpga.ip_user_files/bd/microblaze/ip/microblaze_axi_smc_0/bd_0/ip/ip_1/sim/bd_87ec_psr_aclk_0.vhd" into library xil_defaultlib
INFO: [VRFC 10-3107] analyzing entity 'bd_87ec_psr_aclk_0'
run_program: Time (s): cpu = 00:00:01 ; elapsed = 00:00:15 . Memory (MB): peak = 1638.906 ; gain = 0.000
INFO: [USF-XSim-69] 'compile' step finished in '15' seconds
INFO: [USF-XSim-3] XSim::Elaborate design
INFO: [USF-XSim-61] Executing 'ELABORATE' step in 'C:/Users/andre/Desktop/snn-fpga/vivado/snn_fpga/snn_fpga.sim/sim_1/behav/xsim'
"xelab --incr --debug typical --relax --mt 2 -L xil_defaultlib -L axi_lite_ipif_v3_0_4 -L lib_pkg_v1_0_4 -L lib_srl_fifo_v1_0_4 -L lib_cdc_v1_0_3 -L axi_uartlite_v2_0_37 -L microblaze_v11_0_14 -L lmb_v10_v3_0_14 -L lmb_bram_if_cntlr_v4_0_25 -L blk_mem_gen_v8_4_9 -L mdm_v3_2_27 -L proc_sys_reset_v5_0_16 -L axi_bram_ctrl_v4_1_11 -L xlconstant_v1_1_9 -L smartconnect_v1_0 -L axi_infrastructure_v1_1_0 -L axi_register_slice_v2_1_33 -L axi_vip_v1_1_19 -L uvm -L xilinx_vip -L unisims_ver -L unimacro_ver -L secureip -L xpm --snapshot top_microblaze_behav xil_defaultlib.top_microblaze xil_defaultlib.glbl -log elaborate.log"
Vivado Simulator v2024.2.0
Copyright 1986-2022 Xilinx, Inc. All Rights Reserved.
Copyright 2022-2024 Advanced Micro Devices, Inc. All Rights Reserved.
Running: C:/Xilinx/Vivado/2024.2/bin/unwrapped/win64.o/xelab.exe --incr --debug typical --relax --mt 2 -L xil_defaultlib -L axi_lite_ipif_v3_0_4 -L lib_pkg_v1_0_4 -L lib_srl_fifo_v1_0_4 -L lib_cdc_v1_0_3 -L axi_uartlite_v2_0_37 -L microblaze_v11_0_14 -L lmb_v10_v3_0_14 -L lmb_bram_if_cntlr_v4_0_25 -L blk_mem_gen_v8_4_9 -L mdm_v3_2_27 -L proc_sys_reset_v5_0_16 -L axi_bram_ctrl_v4_1_11 -L xlconstant_v1_1_9 -L smartconnect_v1_0 -L axi_infrastructure_v1_1_0 -L axi_register_slice_v2_1_33 -L axi_vip_v1_1_19 -L uvm -L xilinx_vip -L unisims_ver -L unimacro_ver -L secureip -L xpm --snapshot top_microblaze_behav xil_defaultlib.top_microblaze xil_defaultlib.glbl -log elaborate.log 
Using 2 slave threads.
Starting static elaboration
Pass Through NonSizing Optimizer
WARNING: [VRFC 10-3091] actual bit length 1 differs from formal bit length 4 for port 'wea' [../../../../../../src/hdl/bram/bram_streamer.sv:211]
WARNING: [VRFC 10-3091] actual bit length 32 differs from formal bit length 1 for port 'clkb' [../../../../../../src/hdl/bram/bram_streamer.sv:296]
WARNING: [VRFC 10-3091] actual bit length 32 differs from formal bit length 16 for port 'addrb' [../../../../../../src/hdl/bram/bram_streamer.sv:297]
WARNING: [VRFC 10-3091] actual bit length 32 differs from formal bit length 128 for port 'dinb' [../../../../../../src/hdl/bram/bram_streamer.sv:298]
WARNING: [VRFC 10-3091] actual bit length 32 differs from formal bit length 16 for port 'web' [../../../../../../src/hdl/bram/bram_streamer.sv:300]
WARNING: [VRFC 10-3091] actual bit length 32 differs from formal bit length 1 for port 'enb' [../../../../../../src/hdl/bram/bram_streamer.sv:301]
WARNING: [VRFC 10-3091] actual bit length 32 differs from formal bit length 1 for port 'rst' [C:/Users/andre/Desktop/snn-fpga/src/hdl/top_microblaze.sv:84]
WARNING: [VRFC 10-3091] actual bit length 16 differs from formal bit length 13 for port 'BRAM_TILE_IDX_addr' [C:/Users/andre/Desktop/snn-fpga/src/hdl/top_microblaze.sv:88]
WARNING: [VRFC 10-3091] actual bit length 16 differs from formal bit length 17 for port 'BRAM_WEIGHT_addr' [C:/Users/andre/Desktop/snn-fpga/src/hdl/top_microblaze.sv:94]
WARNING: [VRFC 10-3091] actual bit length 16 differs from formal bit length 14 for port 'BRAM_INPUT_addr' [C:/Users/andre/Desktop/snn-fpga/src/hdl/top_microblaze.sv:100]
WARNING: [VRFC 10-3091] actual bit length 16 differs from formal bit length 13 for port 'BRAM_SPK_addr' [C:/Users/andre/Desktop/snn-fpga/src/hdl/top_microblaze.sv:106]
WARNING: [VRFC 10-3091] actual bit length 16 differs from formal bit length 32 for port 'BRAM_SPK_din' [C:/Users/andre/Desktop/snn-fpga/src/hdl/top_microblaze.sv:107]
WARNING: [VRFC 10-3091] actual bit length 16 differs from formal bit length 32 for port 'BRAM_SPK_dout' [C:/Users/andre/Desktop/snn-fpga/src/hdl/top_microblaze.sv:108]
WARNING: [VRFC 10-3091] actual bit length 2 differs from formal bit length 4 for port 'BRAM_SPK_we' [C:/Users/andre/Desktop/snn-fpga/src/hdl/top_microblaze.sv:110]
WARNING: [VRFC 10-5021] port 'tile_use_input' is not connected on this instance [../../../../../../src/hdl/bram/bram_streamer.sv:383]
WARNING: [VRFC 10-5021] port 'interrupt' is not connected on this instance [C:/Users/andre/Desktop/snn-fpga/vivado/snn_fpga/snn_fpga.ip_user_files/bd/microblaze/sim/microblaze.v:634]
WARNING: [VRFC 10-5021] port 'interrupt_ack' is not connected on this instance [C:/Users/andre/Desktop/snn-fpga/vivado/snn_fpga/snn_fpga.ip_user_files/bd/microblaze/sim/microblaze.v:672]
WARNING: [VRFC 10-5021] port 'peripheral_reset' is not connected on this instance [C:/Users/andre/Desktop/snn-fpga/vivado/snn_fpga/snn_fpga.ip_user_files/bd/microblaze/sim/microblaze.v:748]
WARNING: [VRFC 10-5021] port 'mb_reset' is not connected on this instance [C:/Users/andre/Desktop/snn-fpga/vivado/snn_fpga/snn_fpga.ip_user_files/bd/microblaze/ip/microblaze_axi_smc_0/bd_0/sim/bd_87ec.v:2438]
WARNING: [VRFC 10-5021] port 'lmb_rst' is not connected on this instance [C:/Users/andre/Desktop/snn-fpga/vivado/snn_fpga/snn_fpga.ip_user_files/bd/microblaze/sim/microblaze.v:884]
WARNING: [VRFC 10-5021] port 'lmb_rst' is not connected on this instance [C:/Users/andre/Desktop/snn-fpga/vivado/snn_fpga/snn_fpga.ip_user_files/bd/microblaze/sim/microblaze.v:930]
Completed static elaboration
Starting simulation data flow analysis
Completed simulation data flow analysis
Time Resolution for simulation is 1ps
Compiling package std.standard
Compiling package std.textio
Compiling package ieee.std_logic_1164
Compiling package ieee.numeric_std
Compiling package ieee.std_logic_arith
Compiling package xpm.vcomponents
Compiling package axi_bram_ctrl_v4_1_11.axi_bram_ctrl_funcs
Compiling package ieee.vital_timing
Compiling package ieee.vital_primitives
Compiling package unisim.vpkg
Compiling package unisim.vcomponents
Compiling package synopsys.attributes
Compiling package ieee.std_logic_misc
Compiling package ieee.std_logic_unsigned
Compiling package axi_lite_ipif_v3_0_4.ipif_pkg
Compiling package lib_pkg_v1_0_4.lib_pkg
Compiling package mdm_v3_2_27.mdm_funcs
Compiling package microblaze_v11_0_14.microblaze_types
Compiling package microblaze_v11_0_14.microblaze_isa
Compiling package microblaze_v11_0_14.mmu_types
Compiling package lmb_bram_if_cntlr_v4_0_25.lmb_bram_if_funcs
Compiling package smartconnect_v1_0.sc_util_v1_0_4_pkg
Compiling module xil_defaultlib.led_controller
Compiling module xil_defaultlib.buff_idx_controller(MAX_NEURONS=...
Compiling module xil_defaultlib.dual_port_bram(BRAM_DATA_WIDTH=3...
Compiling module xil_defaultlib.dual_port_bram(BRAM_DATA_WIDTH=1...
Compiling module xil_defaultlib.dual_port_bram(BRAM_DATA_WIDTH=1...
Compiling module xil_defaultlib.dual_port_bram(BRAM_DATA_WIDTH=1...
Compiling module xil_defaultlib.dual_port_bram(BRAM_DATA_WIDTH=1...
Compiling module xil_defaultlib.tile_idx_bram(BRAM_ADDR_WIDTH=16...
Compiling module xil_defaultlib.weight_bram(BRAM_ADDR_WIDTH=16,B...
Compiling module xil_defaultlib.spk_in_bram(BRAM_ADDR_WIDTH=16,B...
Compiling module xil_defaultlib.input_bram(BRAM_ADDR_WIDTH=16,BR...
Compiling module xil_defaultlib.lif_bram(BRAM_ADDR_WIDTH=16,NETW...
Compiling module xil_defaultlib.bram_streamer(BRAM_ADDR_WIDTH=16...
Compiling module xil_defaultlib.weight_fifo(CROSSBAR_NEURONS=16,...
Compiling module xil_defaultlib.spk_in_fifo(CROSSBAR_NEURONS=16,...
Compiling module xil_defaultlib.tile_idx_fifo(CROSSBAR_NEURONS=1...
Compiling module xil_defaultlib.mem_fifo(CROSSBAR_NEURONS=16,BRA...
Compiling module xil_defaultlib.lif_scheduler
Compiling module xil_defaultlib.xbar_scheduler
Compiling module xil_defaultlib.synapse(NETWORK_WIDTH=8)
Compiling module xil_defaultlib.synapse_array(CROSSBAR_NEURONS=1...
Compiling module xil_defaultlib.lif(THRESH=32,NETWORK_WIDTH=8)
Compiling module xil_defaultlib.lif_array(CROSSBAR_NEURONS=16,TH...
Compiling module xil_defaultlib.top_default
Compiling architecture implementation of entity axi_bram_ctrl_v4_1_11.sng_port_arb [\sng_port_arb(c_s_axi_addr_width...]
Compiling architecture implementation of entity axi_bram_ctrl_v4_1_11.wrap_brst [\wrap_brst(c_axi_addr_width=17,c...]
Compiling architecture muxcy_v of entity unisim.MUXCY [muxcy_default]
Compiling architecture muxcy_l_v of entity unisim.MUXCY_L [muxcy_l_default]
Compiling architecture xorcy_v of entity unisim.XORCY [xorcy_default]
Compiling architecture srl16e_v of entity unisim.SRL16E [\SRL16E(0,15)\]
Compiling architecture fdre_v of entity unisim.FDRE [fdre_default]
Compiling architecture fdr_v of entity unisim.FDR [fdr_default]
Compiling architecture imp of entity axi_bram_ctrl_v4_1_11.SRL_FIFO [\SRL_FIFO(c_data_bits=1,c_depth=...]
Compiling architecture implementation of entity axi_bram_ctrl_v4_1_11.wr_chnl [\wr_chnl(c_axi_addr_width=17,c_b...]
Compiling architecture implementation of entity axi_bram_ctrl_v4_1_11.rd_chnl [\rd_chnl(c_axi_addr_width=17,c_b...]
Compiling architecture implementation of entity axi_bram_ctrl_v4_1_11.full_axi [\full_axi(c_s_axi_addr_width=17,...]
Compiling architecture implementation of entity axi_bram_ctrl_v4_1_11.axi_bram_ctrl_top [\axi_bram_ctrl_top(c_bram_addr_w...]
Compiling architecture implementation of entity axi_bram_ctrl_v4_1_11.axi_bram_ctrl [\axi_bram_ctrl(c_memory_depth=10...]
Compiling architecture microblaze_axi_bram_ctrl_0_0_arch of entity xil_defaultlib.microblaze_axi_bram_ctrl_0_0 [microblaze_axi_bram_ctrl_0_0_def...]
Compiling architecture implementation of entity axi_bram_ctrl_v4_1_11.sng_port_arb [\sng_port_arb(c_s_axi_addr_width...]
Compiling architecture implementation of entity axi_bram_ctrl_v4_1_11.wrap_brst [\wrap_brst(c_axi_addr_width=13,c...]
Compiling architecture implementation of entity axi_bram_ctrl_v4_1_11.wr_chnl [\wr_chnl(c_axi_addr_width=13,c_a...]
Compiling architecture implementation of entity axi_bram_ctrl_v4_1_11.rd_chnl [\rd_chnl(c_axi_addr_width=13,c_a...]
Compiling architecture implementation of entity axi_bram_ctrl_v4_1_11.full_axi [\full_axi(c_s_axi_addr_width=13,...]
Compiling architecture implementation of entity axi_bram_ctrl_v4_1_11.axi_bram_ctrl_top [\axi_bram_ctrl_top(c_bram_addr_w...]
Compiling architecture implementation of entity axi_bram_ctrl_v4_1_11.axi_bram_ctrl [\axi_bram_ctrl(c_memory_depth=20...]
Compiling architecture microblaze_axi_bram_ctrl_1_0_arch of entity xil_defaultlib.microblaze_axi_bram_ctrl_1_0 [microblaze_axi_bram_ctrl_1_0_def...]
Compiling architecture implementation of entity axi_bram_ctrl_v4_1_11.sng_port_arb [\sng_port_arb(c_s_axi_addr_width...]
Compiling architecture implementation of entity axi_bram_ctrl_v4_1_11.wrap_brst [\wrap_brst(c_axi_addr_width=14,c...]
Compiling architecture implementation of entity axi_bram_ctrl_v4_1_11.wr_chnl [\wr_chnl(c_axi_addr_width=14,c_b...]
Compiling architecture implementation of entity axi_bram_ctrl_v4_1_11.rd_chnl [\rd_chnl(c_axi_addr_width=14,c_b...]
Compiling architecture implementation of entity axi_bram_ctrl_v4_1_11.full_axi [\full_axi(c_s_axi_addr_width=14,...]
Compiling architecture implementation of entity axi_bram_ctrl_v4_1_11.axi_bram_ctrl_top [\axi_bram_ctrl_top(c_bram_addr_w...]
Compiling architecture implementation of entity axi_bram_ctrl_v4_1_11.axi_bram_ctrl [\axi_bram_ctrl(c_memory_depth=10...]
Compiling architecture microblaze_axi_bram_ctrl_2_0_arch of entity xil_defaultlib.microblaze_axi_bram_ctrl_2_0 [microblaze_axi_bram_ctrl_2_0_def...]
Compiling architecture microblaze_axi_bram_ctrl_3_0_arch of entity xil_defaultlib.microblaze_axi_bram_ctrl_3_0 [microblaze_axi_bram_ctrl_3_0_def...]
Compiling module xlconstant_v1_1_9.xlconstant_v1_1_9_xlconstant(CON...
Compiling module xil_defaultlib.bd_87ec_one_0
Compiling architecture fdre_v of entity unisim.FDRE [\FDRE(init='1')\]
Compiling architecture implementation of entity lib_cdc_v1_0_3.cdc_sync [\cdc_sync(c_vector_width=2,c_mtb...]
Compiling architecture srl16e_v of entity unisim.SRL16E [\SRL16E(init="1111111111111111")...]
Compiling architecture srl16_v of entity unisim.SRL16 [\SRL16(init="1111111111111111")(...]
Compiling architecture imp of entity proc_sys_reset_v5_0_16.lpf [\lpf(c_ext_rst_width=4,c_aux_rst...]
Compiling architecture imp of entity proc_sys_reset_v5_0_16.upcnt_n [\upcnt_n(c_size=6)\]
Compiling architecture imp of entity proc_sys_reset_v5_0_16.sequence_psr [sequence_psr_default]
Compiling architecture imp of entity proc_sys_reset_v5_0_16.proc_sys_reset [\proc_sys_reset(c_family="artix7...]
Compiling architecture bd_87ec_psr_aclk_0_arch of entity xil_defaultlib.bd_87ec_psr_aclk_0 [bd_87ec_psr_aclk_0_default]
Compiling module xil_defaultlib.clk_map_imp_1VHI8M9
Compiling module xpm.xpm_cdc_async_rst(DEST_SYNC_FF=3...
Compiling module xil_defaultlib.bd_87ec_m00e_0
Compiling module xil_defaultlib.m00_exit_pipeline_imp_37R7QY
Compiling module xpm.xpm_memory_base(MEMORY_TYPE=1,ME...
Compiling module xpm.xpm_memory_sdpram(MEMORY_SIZE=32...
Compiling module xpm.xpm_memory_base(MEMORY_TYPE=1,ME...
Compiling module xpm.xpm_memory_sdpram(MEMORY_SIZE=51...
Compiling module xil_defaultlib.bd_87ec_m00arn_0
Compiling module xil_defaultlib.bd_87ec_m00awn_0
Compiling module xpm.xpm_memory_base(MEMORY_TYPE=1,ME...
Compiling module xpm.xpm_memory_sdpram(MEMORY_SIZE=57...
Compiling module xpm.xpm_memory_base(MEMORY_TYPE=1,ME...
Compiling module xpm.xpm_memory_sdpram(MEMORY_SIZE=16...
Compiling module xil_defaultlib.bd_87ec_m00bn_0
Compiling module xpm.xpm_memory_base(MEMORY_TYPE=1,ME...
Compiling module xpm.xpm_memory_sdpram(MEMORY_SIZE=55...
Compiling module xpm.xpm_memory_base(MEMORY_TYPE=1,ME...
Compiling module xpm.xpm_memory_sdpram(MEMORY_SIZE=55...
Compiling module xil_defaultlib.bd_87ec_m00rn_0
Compiling module xpm.xpm_memory_base(MEMORY_TYPE=1,ME...
Compiling module xpm.xpm_memory_sdpram(MEMORY_SIZE=63...
Compiling module xpm.xpm_memory_base(MEMORY_TYPE=1,ME...
Compiling module xpm.xpm_memory_sdpram(MEMORY_SIZE=62...
Compiling module xil_defaultlib.bd_87ec_m00wn_0
Compiling module xil_defaultlib.m00_nodes_imp_PFD712
Compiling module xil_defaultlib.bd_87ec_m00s2a_0
Compiling module xil_defaultlib.bd_87ec_m01e_0
Compiling module xil_defaultlib.m01_exit_pipeline_imp_7Z4OXM
Compiling module xil_defaultlib.bd_87ec_m01arn_0
Compiling module xil_defaultlib.bd_87ec_m01awn_0
Compiling module xil_defaultlib.bd_87ec_m01bn_0
Compiling module xil_defaultlib.bd_87ec_m01rn_0
Compiling module xil_defaultlib.bd_87ec_m01wn_0
Compiling module xil_defaultlib.m01_nodes_imp_1J4HI8W
Compiling module xil_defaultlib.bd_87ec_m01s2a_0
Compiling module xil_defaultlib.bd_87ec_m02e_0
Compiling module xil_defaultlib.m02_exit_pipeline_imp_AHBRZU
Compiling module xil_defaultlib.bd_87ec_m02arn_0
Compiling module xil_defaultlib.bd_87ec_m02awn_0
Compiling module xil_defaultlib.bd_87ec_m02bn_0
Compiling module xil_defaultlib.bd_87ec_m02rn_0
Compiling module xpm.xpm_memory_base(MEMORY_TYPE=1,ME...
Compiling module xpm.xpm_memory_sdpram(MEMORY_SIZE=63...
Compiling module xil_defaultlib.bd_87ec_m02wn_0
Compiling module xil_defaultlib.m02_nodes_imp_1FTWJGB
Compiling module xil_defaultlib.bd_87ec_m02s2a_0
Compiling module xil_defaultlib.bd_87ec_m03e_0
Compiling module xil_defaultlib.m03_exit_pipeline_imp_E4Q6KA
Compiling module xil_defaultlib.bd_87ec_m03arn_0
Compiling module xil_defaultlib.bd_87ec_m03awn_0
Compiling module xil_defaultlib.bd_87ec_m03bn_0
Compiling module xil_defaultlib.bd_87ec_m03rn_0
Compiling module xil_defaultlib.bd_87ec_m03wn_0
Compiling module xil_defaultlib.m03_nodes_imp_B15ZWT
Compiling module xil_defaultlib.bd_87ec_m03s2a_0
Compiling module xil_defaultlib.bd_87ec_m04e_0
Compiling module xil_defaultlib.m04_exit_pipeline_imp_O7648Q
Compiling module xil_defaultlib.bd_87ec_m04arn_0
Compiling module xil_defaultlib.bd_87ec_m04awn_0
Compiling module xil_defaultlib.bd_87ec_m04bn_0
Compiling module xil_defaultlib.bd_87ec_m04rn_0
Compiling module xil_defaultlib.bd_87ec_m04wn_0
Compiling module xil_defaultlib.m04_nodes_imp_IBURBH
Compiling module xil_defaultlib.bd_87ec_m04s2a_0
Compiling module xil_defaultlib.bd_87ec_s00a2s_0
Compiling module xil_defaultlib.bd_87ec_s00mmu_0
Compiling module xil_defaultlib.bd_87ec_s00sic_0
Compiling module xil_defaultlib.bd_87ec_s00tr_0
Compiling module xil_defaultlib.s00_entry_pipeline_imp_11XXIWP
Compiling module xpm.xpm_memory_base(MEMORY_TYPE=1,ME...
Compiling module xpm.xpm_memory_sdpram(MEMORY_SIZE=70...
Compiling module xpm.xpm_memory_base(MEMORY_TYPE=1,ME...
Compiling module xpm.xpm_memory_sdpram(MEMORY_SIZE=45...
Compiling module xil_defaultlib.bd_87ec_sarn_0
Compiling module xil_defaultlib.bd_87ec_sawn_0
Compiling module xpm.xpm_memory_base(MEMORY_TYPE=1,ME...
Compiling module xpm.xpm_memory_sdpram(MEMORY_SIZE=80...
Compiling module xil_defaultlib.bd_87ec_sbn_0
Compiling module xpm.xpm_memory_base(MEMORY_TYPE=1,ME...
Compiling module xpm.xpm_memory_sdpram(MEMORY_SIZE=56...
Compiling module xpm.xpm_memory_base(MEMORY_TYPE=1,ME...
Compiling module xpm.xpm_memory_sdpram(MEMORY_SIZE=56...
Compiling module xil_defaultlib.bd_87ec_srn_0
Compiling module xpm.xpm_memory_base(MEMORY_TYPE=1,ME...
Compiling module xpm.xpm_memory_sdpram(MEMORY_SIZE=62...
Compiling module xpm.xpm_memory_base(MEMORY_TYPE=1,ME...
Compiling module xpm.xpm_memory_sdpram(MEMORY_SIZE=61...
Compiling module xil_defaultlib.bd_87ec_swn_0
Compiling module xil_defaultlib.s00_nodes_imp_17KGUSJ
Compiling module xil_defaultlib.bd_87ec_arsw_0
Compiling module xil_defaultlib.bd_87ec_awsw_0
Compiling module xil_defaultlib.bd_87ec_bsw_0
Compiling module xil_defaultlib.bd_87ec_rsw_0
Compiling module xil_defaultlib.bd_87ec_wsw_0
Compiling module xil_defaultlib.switchboards_imp_1WING1J
Compiling module xil_defaultlib.bd_87ec
Compiling module xil_defaultlib.microblaze_axi_smc_0
Compiling architecture rtl of entity axi_uartlite_v2_0_37.baudrate [\baudrate(c_ratio=651)\]
Compiling architecture implementation of entity lib_cdc_v1_0_3.cdc_sync [\cdc_sync(c_mtbf_stages=4)\]
Compiling architecture imp of entity lib_srl_fifo_v1_0_4.cntr_incr_decr_addn_f [\cntr_incr_decr_addn_f(c_size=5,...]
Compiling architecture behavioral of entity lib_srl_fifo_v1_0_4.dynshreg_f [\dynshreg_f(c_depth=16,c_dwidth=...]
Compiling architecture imp of entity lib_srl_fifo_v1_0_4.srl_fifo_rbu_f [\srl_fifo_rbu_f(c_dwidth=8,c_fam...]
Compiling architecture imp of entity lib_srl_fifo_v1_0_4.srl_fifo_f [\srl_fifo_f(c_dwidth=8,c_family=...]
Compiling architecture rtl of entity axi_uartlite_v2_0_37.uartlite_rx [\uartlite_rx(c_family="artix7")(...]
Compiling architecture rtl of entity axi_uartlite_v2_0_37.uartlite_tx [\uartlite_tx(c_family="artix7")(...]
Compiling architecture rtl of entity axi_uartlite_v2_0_37.uartlite_core [\uartlite_core(c_family="artix7"...]
Compiling architecture imp of entity axi_lite_ipif_v3_0_4.pselect_f [\pselect_f(c_ab=2,c_aw=2,c_bar="...]
Compiling architecture imp of entity axi_lite_ipif_v3_0_4.pselect_f [\pselect_f(c_ab=2,c_aw=2,c_bar="...]
Compiling architecture imp of entity axi_lite_ipif_v3_0_4.pselect_f [\pselect_f(c_ab=2,c_aw=2,c_bar="...]
Compiling architecture imp of entity axi_lite_ipif_v3_0_4.pselect_f [\pselect_f(c_ab=2,c_aw=2,c_bar="...]
Compiling architecture imp of entity axi_lite_ipif_v3_0_4.address_decoder [\address_decoder(c_bus_awidth=4,...]
Compiling architecture imp of entity axi_lite_ipif_v3_0_4.slave_attachment [\slave_attachment(c_ard_addr_ran...]
Compiling architecture imp of entity axi_lite_ipif_v3_0_4.axi_lite_ipif [\axi_lite_ipif(c_s_axi_addr_widt...]
Compiling architecture rtl of entity axi_uartlite_v2_0_37.axi_uartlite [\axi_uartlite(c_family="artix7")...]
Compiling architecture microblaze_axi_uartlite_0_0_arch of entity xil_defaultlib.microblaze_axi_uartlite_0_0 [microblaze_axi_uartlite_0_0_defa...]
Compiling module unisims_ver.IBUF
Compiling module unisims_ver.MMCME2_ADV(CLKFBOUT_MULT_F=10.0,...
Compiling module unisims_ver.BUFG
Compiling module xil_defaultlib.microblaze_clk_wiz_0_0_clk_wiz
Compiling module xil_defaultlib.microblaze_clk_wiz_0_0
Compiling architecture bscane2_v of entity unisim.BSCANE2 [\BSCANE2(jtag_chain=2)(1,5)\]
Compiling architecture imp of entity mdm_v3_2_27.MB_BSCANE2 [\MB_BSCANE2(c_target=artix7,jtag...]
Compiling architecture lut1_v of entity unisim.LUT1 [\LUT1(init="10")(0,1)\]
Compiling architecture imp of entity mdm_v3_2_27.MB_LUT1 [\MB_LUT1(c_target=artix7,init="1...]
Compiling architecture bufg_v of entity unisim.BUFG [bufg_default]
Compiling architecture imp of entity mdm_v3_2_27.MB_BUFG [\MB_BUFG(c_target=artix7)\]
Compiling architecture imp of entity mdm_v3_2_27.xil_scan_reset_control [xil_scan_reset_control_default]
Compiling architecture fdce_v of entity unisim.FDCE [fdce_default]
Compiling architecture fdc_1_v of entity unisim.FDC_1 [fdc_1_default]
Compiling architecture imp of entity mdm_v3_2_27.MB_FDC_1 [\MB_FDC_1(c_target=artix7)\]
Compiling architecture fdre_1_v of entity unisim.FDRE_1 [fdre_1_default]
Compiling architecture imp of entity mdm_v3_2_27.MB_FDRE_1 [\MB_FDRE_1(c_target=artix7)\]
Compiling architecture srl16e_v of entity unisim.SRL16E [\SRL16E(init="0000000101100111")...]
Compiling architecture imp of entity mdm_v3_2_27.MB_SRL16E [\MB_SRL16E(c_target=artix7,c_sta...]
Compiling architecture srl16e_v of entity unisim.SRL16E [\SRL16E(init="0100001010000111")...]
Compiling architecture imp of entity mdm_v3_2_27.MB_SRL16E [\MB_SRL16E(c_target=artix7,c_sta...]
Compiling architecture srl16e_v of entity unisim.SRL16E [\SRL16E(init="0100010001000011")...]
Compiling architecture imp of entity mdm_v3_2_27.MB_SRL16E [\MB_SRL16E(c_target=artix7,c_sta...]
Compiling architecture srl16e_v of entity unisim.SRL16E [\SRL16E(init="0101100001001101")...]
Compiling architecture imp of entity mdm_v3_2_27.MB_SRL16E [\MB_SRL16E(c_target=artix7,c_sta...]
Compiling architecture imp of entity mdm_v3_2_27.JTAG_CONTROL [\JTAG_CONTROL(c_target=artix7,c_...]
Compiling architecture imp of entity mdm_v3_2_27.MDM_Core [\MDM_Core(c_target=artix7,c_jtag...]
Compiling architecture imp of entity mdm_v3_2_27.MDM [\MDM(c_family="artix7",c_device=...]
Compiling architecture microblaze_mdm_1_0_arch of entity xil_defaultlib.microblaze_mdm_1_0 [microblaze_mdm_1_0_default]
Compiling architecture imp of entity microblaze_v11_0_14.mb_sync_bit [mb_sync_bit_default]
Compiling architecture imp of entity microblaze_v11_0_14.DAXI_interface [\DAXI_interface(c_data_size=32,c...]
Compiling architecture and2b1l_v of entity unisim.AND2B1L [and2b1l_default]
Compiling architecture imp of entity microblaze_v11_0_14.MB_AND2B1L [\MB_AND2B1L(c_target=artix7)\]
Compiling architecture srl16e_v of entity unisim.SRL16E [\SRL16E(init="1111111111111111")...]
Compiling architecture imp of entity microblaze_v11_0_14.MB_SRL16E [\MB_SRL16E(c_target=artix7,c_use...]
Compiling architecture srl16e_v of entity unisim.SRL16E [\SRL16E(init="0011111111111111")...]
Compiling architecture imp of entity microblaze_v11_0_14.MB_SRL16E [\MB_SRL16E(c_target=artix7,c_use...]
Compiling architecture srl16e_v of entity unisim.SRL16E [\SRL16E(init="0000000000011011")...]
Compiling architecture imp of entity microblaze_v11_0_14.MB_SRL16E [\MB_SRL16E(c_target=artix7,c_use...]
Compiling architecture srl16e_v of entity unisim.SRL16E [\SRL16E(15,0)\]
Compiling architecture imp of entity microblaze_v11_0_14.MB_SRL16E [\MB_SRL16E(c_target=artix7,c_use...]
Compiling architecture srl16e_v of entity unisim.SRL16E [\SRL16E(init="0000000001100100")...]
Compiling architecture imp of entity microblaze_v11_0_14.MB_SRL16E [\MB_SRL16E(c_target=artix7,c_use...]
Compiling architecture srl16e_v of entity unisim.SRL16E [\SRL16E(init="0010010100000000")...]
Compiling architecture imp of entity microblaze_v11_0_14.MB_SRL16E [\MB_SRL16E(c_target=artix7,c_use...]
Compiling architecture imp of entity microblaze_v11_0_14.mb_sync_bit [\mb_sync_bit(c_levels=1,c_reset_...]
Compiling architecture imp of entity microblaze_v11_0_14.mb_sync_vec [\mb_sync_vec(c_levels=1,c_reset_...]
Compiling architecture imp of entity microblaze_v11_0_14.mb_sync_bit [\mb_sync_bit(c_levels=1)\]
Compiling architecture imp of entity microblaze_v11_0_14.mb_sync_vec [\mb_sync_vec(c_width=10)\]
Compiling architecture srlc16e_v of entity unisim.SRLC16E [\SRLC16E(0,15)\]
Compiling architecture imp of entity microblaze_v11_0_14.MB_SRLC16E [\MB_SRLC16E(c_target=artix7,c_us...]
Compiling architecture imp of entity microblaze_v11_0_14.address_hit [\address_hit(c_target=artix7,c_u...]
Compiling architecture imp of entity microblaze_v11_0_14.xil_scan_reset_control [xil_scan_reset_control_default]
Compiling architecture imp of entity microblaze_v11_0_14.Debug [\Debug(c_data_size=32,c_instr_si...]
Compiling architecture imp of entity microblaze_v11_0_14.interrupt_mode_converter [\interrupt_mode_converter(c_edge...]
Compiling architecture lut6_v of entity unisim.LUT6 [\LUT6(init="10010000000010010000...]
Compiling architecture imp of entity microblaze_v11_0_14.MB_LUT6 [\MB_LUT6(c_target=artix7,init="1...]
Compiling architecture lut6_v of entity unisim.LUT6 [\LUT6(init="10010000000010010000...]
Compiling architecture imp of entity microblaze_v11_0_14.MB_LUT6 [\MB_LUT6(c_target=artix7,init="1...]
Compiling architecture imp of entity microblaze_v11_0_14.MB_FDRE [\MB_FDRE(c_target=artix7)\]
Compiling architecture imp of entity microblaze_v11_0_14.MB_MUXCY_XORCY [\MB_MUXCY_XORCY(c_target=artix7)...]
Compiling architecture muxf7_v of entity unisim.MUXF7 [muxf7_default]
Compiling architecture imp of entity microblaze_v11_0_14.MB_MUXF7 [\MB_MUXF7(c_target=artix7)\]
Compiling architecture imp of entity microblaze_v11_0_14.MB_FDR [\MB_FDR(c_target=artix7)\]
Compiling architecture imp of entity microblaze_v11_0_14.PC_Module_gti [\PC_Module_gti(c_data_size=32,c_...]
Compiling architecture lut6_v of entity unisim.LUT6 [\LUT6(init="00000000000000000000...]
Compiling architecture imp of entity microblaze_v11_0_14.MB_LUT6 [\MB_LUT6(c_target=artix7,init="0...]
Compiling architecture lut6_v of entity unisim.LUT6 [\LUT6(init="00000000000000001111...]
Compiling architecture imp of entity microblaze_v11_0_14.MB_LUT6 [\MB_LUT6(c_target=artix7,init="0...]
Compiling architecture lut6_v of entity unisim.LUT6 [\LUT6(init="11111111000000001111...]
Compiling architecture imp of entity microblaze_v11_0_14.MB_LUT6 [\MB_LUT6(c_target=artix7,init="1...]
Compiling architecture fdse_v of entity unisim.FDSE [fdse_default]
Compiling architecture fds_v of entity unisim.FDS [fds_default]
Compiling architecture imp of entity microblaze_v11_0_14.MB_FDS [\MB_FDS(c_target=artix7)\]
Compiling architecture lut6_v of entity unisim.LUT6 [\LUT6(init="00000000111111110000...]
Compiling architecture imp of entity microblaze_v11_0_14.MB_LUT6 [\MB_LUT6(c_target=artix7,init="0...]
Compiling architecture imp of entity microblaze_v11_0_14.PreFetch_Buffer_gti [\PreFetch_Buffer_gti(c_instr_siz...]
Compiling architecture imp of entity microblaze_v11_0_14.MB_MUXCY [\MB_MUXCY(c_target=artix7)\]
Compiling architecture imp of entity microblaze_v11_0_14.carry_and [\carry_and(c_target=artix7)\]
Compiling architecture imp of entity microblaze_v11_0_14.jump_logic [\jump_logic(c_instr_size=32,c_ta...]
Compiling architecture imp of entity microblaze_v11_0_14.carry_or [\carry_or(c_target=artix7)\]
Compiling architecture imp of entity microblaze_v11_0_14.Decode_gti [\Decode_gti(c_data_size=32,c_ins...]
Compiling architecture lut6_2_v of entity unisim.LUT6_2 [\LUT6_2(init="000000001111111100...]
Compiling architecture imp of entity microblaze_v11_0_14.MB_LUT6_2 [\MB_LUT6_2(c_target=artix7,init=...]
Compiling architecture ram32m_v of entity unisim.RAM32M [ram32m_default]
Compiling architecture imp of entity microblaze_v11_0_14.MB_RAM32M [\MB_RAM32M(c_target=artix7,c_use...]
Compiling architecture imp of entity microblaze_v11_0_14.Register_File_gti [\Register_File_gti(c_data_size=3...]
Compiling architecture imp of entity microblaze_v11_0_14.Operand_Select_gti [\Operand_Select_gti(c_data_size=...]
Compiling architecture lut6_2_v of entity unisim.LUT6_2 [\LUT6_2(init="011000000111101010...]
Compiling architecture imp of entity microblaze_v11_0_14.MB_LUT6_2 [\MB_LUT6_2(c_target=artix7,init=...]
Compiling architecture imp of entity microblaze_v11_0_14.ALU_Bit [\ALU_Bit(c_target=artix7,c_allow...]
Compiling architecture lut6_v of entity unisim.LUT6 [\LUT6(init="01100000011110101010...]
Compiling architecture imp of entity microblaze_v11_0_14.MB_LUT6 [\MB_LUT6(c_target=artix7,init="0...]
Compiling architecture lut4_v of entity unisim.LUT4 [\LUT4(init="1111101000001010")(0...]
Compiling architecture imp of entity microblaze_v11_0_14.MB_LUT4 [\MB_LUT4(c_target=artix7,init="1...]
Compiling architecture lut2_v of entity unisim.LUT2 [\LUT2(init="1000")(0,3)\]
Compiling architecture mult_and_v of entity unisim.MULT_AND [mult_and_default]
Compiling architecture imp of entity microblaze_v11_0_14.MB_MULT_AND [\MB_MULT_AND(c_target=artix7)\]
Compiling architecture imp of entity microblaze_v11_0_14.ALU_Bit [\ALU_Bit(c_target=artix7,c_allow...]
Compiling architecture imp of entity microblaze_v11_0_14.ALU [\ALU(c_data_size=32,c_allow_lut6...]
Compiling architecture imp of entity microblaze_v11_0_14.MB_LUT6 [\MB_LUT6(c_target=rtl,init="1100...]
Compiling architecture imp of entity microblaze_v11_0_14.MB_LUT6 [\MB_LUT6(c_target=rtl,init="1100...]
Compiling architecture imp of entity microblaze_v11_0_14.MB_LUT6 [\MB_LUT6(c_target=rtl,init="1100...]
Compiling architecture imp of entity microblaze_v11_0_14.Shift_Logic_Module_gti [\Shift_Logic_Module_gti(c_data_s...]
Compiling architecture imp of entity microblaze_v11_0_14.mul_unit [\mul_unit(c_data_size=32,c_targe...]
Compiling architecture imp of entity microblaze_v11_0_14.Barrel_Shifter_gti [\Barrel_Shifter_gti(c_data_size=...]
Compiling architecture imp of entity microblaze_v11_0_14.WB_Mux_Bit [\WB_Mux_Bit(c_target=artix7,c_lu...]
Compiling architecture imp of entity microblaze_v11_0_14.WB_Mux [\WB_Mux(c_data_size=32,c_daddr_s...]
Compiling architecture imp of entity microblaze_v11_0_14.Zero_Detect_gti [\Zero_Detect_gti(c_data_size=32,...]
Compiling architecture imp of entity microblaze_v11_0_14.Byte_Doublet_Handle_gti [\Byte_Doublet_Handle_gti(c_data_...]
Compiling architecture imp of entity microblaze_v11_0_14.Data_Flow_Logic [\Data_Flow_Logic(c_data_size=32,...]
Compiling architecture msr_reg of entity microblaze_v11_0_14.msr_reg_gti [\msr_reg_gti(c_data_size=32,c_ta...]
Compiling architecture lut6_2_v of entity unisim.LUT6_2 [\LUT6_2(init="111111110000000011...]
Compiling architecture imp of entity microblaze_v11_0_14.MB_LUT6_2 [\MB_LUT6_2(c_target=artix7,init=...]
Compiling architecture imp of entity microblaze_v11_0_14.mux_bus [\mux_bus(c_target=artix7,c_allow...]
Compiling architecture lut6_2_v of entity unisim.LUT6_2 [\LUT6_2(init="100101101001011010...]
Compiling architecture imp of entity microblaze_v11_0_14.MB_LUT6_2 [\MB_LUT6_2(c_target=artix7,init=...]
Compiling architecture imp of entity microblaze_v11_0_14.exception_registers_gti [\exception_registers_gti(c_data_...]
Compiling architecture imp of entity microblaze_v11_0_14.Fpu [\Fpu(c_data_size=32,c_target=art...]
Compiling architecture imp of entity microblaze_v11_0_14.PVR [\PVR(c_data_size=32,c_daddr_size...]
Compiling architecture imp of entity microblaze_v11_0_14.Data_Flow_gti [\Data_Flow_gti(c_data_size=32,c_...]
Compiling architecture imp of entity microblaze_v11_0_14.read_data_mux [\read_data_mux(c_data_size=32,c_...]
Compiling architecture imp of entity microblaze_v11_0_14.instr_mux [\instr_mux(c_instr_size=32,c_lmb...]
Compiling architecture imp of entity microblaze_v11_0_14.MMU [\MMU(c_data_size=32,c_daddr_size...]
Compiling architecture imp of entity microblaze_v11_0_14.MicroBlaze_GTi [\MicroBlaze_GTi(c_num_sync_ff_cl...]
Compiling architecture imp of entity microblaze_v11_0_14.mb_sync_bit [\mb_sync_bit(c_reset_value='1')\]
Compiling architecture imp of entity microblaze_v11_0_14.MicroBlaze_Core [\MicroBlaze_Core(c_freq=10000000...]
Compiling architecture imp of entity microblaze_v11_0_14.MicroBlaze [\MicroBlaze(c_freq=100000000,c_e...]
Compiling architecture microblaze_microblaze_0_0_arch of entity xil_defaultlib.microblaze_microblaze_0_0 [microblaze_microblaze_0_0_defaul...]
Compiling architecture imp of entity lmb_bram_if_cntlr_v4_0_25.pselect_mask [\pselect_mask(c_bar="00000000000...]
Compiling architecture imp of entity lmb_bram_if_cntlr_v4_0_25.lmb_mux [\lmb_mux(c_target=artix7,c_basea...]
Compiling architecture imp of entity lmb_bram_if_cntlr_v4_0_25.lmb_bram_if_cntlr [\lmb_bram_if_cntlr(c_family="art...]
Compiling architecture microblaze_dlmb_bram_if_cntlr_0_arch of entity xil_defaultlib.microblaze_dlmb_bram_if_cntlr_0 [microblaze_dlmb_bram_if_cntlr_0_...]
Compiling architecture imp of entity lmb_v10_v3_0_14.lmb_v10 [\lmb_v10(c_lmb_num_slaves=1)\]
Compiling architecture microblaze_dlmb_v10_0_arch of entity xil_defaultlib.microblaze_dlmb_v10_0 [microblaze_dlmb_v10_0_default]
Compiling architecture imp of entity lmb_bram_if_cntlr_v4_0_25.pselect_mask [\pselect_mask(c_bar="00000000000...]
Compiling architecture imp of entity lmb_bram_if_cntlr_v4_0_25.lmb_mux [\lmb_mux(c_target=artix7,c_basea...]
Compiling architecture imp of entity lmb_bram_if_cntlr_v4_0_25.lmb_bram_if_cntlr [\lmb_bram_if_cntlr(c_family="art...]
Compiling architecture microblaze_ilmb_bram_if_cntlr_0_arch of entity xil_defaultlib.microblaze_ilmb_bram_if_cntlr_0 [microblaze_ilmb_bram_if_cntlr_0_...]
Compiling architecture microblaze_ilmb_v10_0_arch of entity xil_defaultlib.microblaze_ilmb_v10_0 [microblaze_ilmb_v10_0_default]
Compiling module blk_mem_gen_v8_4_9.blk_mem_gen_v8_4_9_output_stage(...
Compiling module blk_mem_gen_v8_4_9.blk_mem_gen_v8_4_9_softecc_outpu...
Compiling module blk_mem_gen_v8_4_9.blk_mem_gen_v8_4_9_mem_module(C_...
Compiling module blk_mem_gen_v8_4_9.blk_mem_gen_v8_4_9(C_FAMILY="art...
Compiling module xil_defaultlib.microblaze_lmb_bram_0
Compiling module xil_defaultlib.microblaze_0_local_memory_imp_HP...
Compiling architecture imp of entity proc_sys_reset_v5_0_16.lpf [\lpf(c_ext_rst_width=4,c_aux_rst...]
Compiling architecture imp of entity proc_sys_reset_v5_0_16.proc_sys_reset [\proc_sys_reset(c_family="artix7...]
Compiling architecture microblaze_rst_clk_wiz_0_100m_0_arch of entity xil_defaultlib.microblaze_rst_clk_wiz_0_100M_0 [microblaze_rst_clk_wiz_0_100m_0_...]
Compiling module xil_defaultlib.microblaze
Compiling module xil_defaultlib.microblaze_wrapper
Compiling module xil_defaultlib.top_microblaze
Compiling module xil_defaultlib.glbl
Built simulation snapshot top_microblaze_behav
run_program: Time (s): cpu = 00:00:03 ; elapsed = 00:01:02 . Memory (MB): peak = 1638.906 ; gain = 0.000
INFO: [USF-XSim-69] 'elaborate' step finished in '62' seconds
INFO: [USF-XSim-4] XSim::Simulate design
INFO: [USF-XSim-61] Executing 'SIMULATE' step in 'C:/Users/andre/Desktop/snn-fpga/vivado/snn_fpga/snn_fpga.sim/sim_1/behav/xsim'
INFO: [USF-XSim-98] *** Running xsim
   with args "top_microblaze_behav -key {Behavioral:sim_1:Functional:top_microblaze} -tclbatch {top_microblaze.tcl} -protoinst "protoinst_files/bd_87ec.protoinst" -protoinst "protoinst_files/microblaze.protoinst" -log {simulate.log}"
INFO: [USF-XSim-8] Loading simulator feature
INFO: [Wavedata 42-565] Reading protoinst file protoinst_files/bd_87ec.protoinst
INFO: [Wavedata 42-564]   Found protocol instance at /top_microblaze/microblaze/microblaze_i/axi_smc/inst//m00_exit_pipeline/m00_exit/M_AXI
INFO: [Wavedata 42-564]   Found protocol instance at /top_microblaze/microblaze/microblaze_i/axi_smc/inst//m00_exit_pipeline/m00_exit/S_AXI
INFO: [Wavedata 42-564]   Found protocol instance at /top_microblaze/microblaze/microblaze_i/axi_smc/inst//m00_exit_pipeline/m_axi
INFO: [Wavedata 42-564]   Found protocol instance at /top_microblaze/microblaze/microblaze_i/axi_smc/inst//m00_exit_pipeline/s_axi
INFO: [Wavedata 42-564]   Found protocol instance at /top_microblaze/microblaze/microblaze_i/axi_smc/inst//m00_sc2axi/M_AXI
INFO: [Wavedata 42-564]   Found protocol instance at /top_microblaze/microblaze/microblaze_i/axi_smc/inst//m01_exit_pipeline/m01_exit/M_AXI
INFO: [Wavedata 42-564]   Found protocol instance at /top_microblaze/microblaze/microblaze_i/axi_smc/inst//m01_exit_pipeline/m01_exit/S_AXI
INFO: [Wavedata 42-564]   Found protocol instance at /top_microblaze/microblaze/microblaze_i/axi_smc/inst//m01_exit_pipeline/m_axi
INFO: [Wavedata 42-564]   Found protocol instance at /top_microblaze/microblaze/microblaze_i/axi_smc/inst//m01_exit_pipeline/s_axi
INFO: [Wavedata 42-564]   Found protocol instance at /top_microblaze/microblaze/microblaze_i/axi_smc/inst//m01_sc2axi/M_AXI
INFO: [Wavedata 42-564]   Found protocol instance at /top_microblaze/microblaze/microblaze_i/axi_smc/inst//m02_exit_pipeline/m02_exit/M_AXI
INFO: [Wavedata 42-564]   Found protocol instance at /top_microblaze/microblaze/microblaze_i/axi_smc/inst//m02_exit_pipeline/m02_exit/S_AXI
INFO: [Wavedata 42-564]   Found protocol instance at /top_microblaze/microblaze/microblaze_i/axi_smc/inst//m02_exit_pipeline/m_axi
INFO: [Wavedata 42-564]   Found protocol instance at /top_microblaze/microblaze/microblaze_i/axi_smc/inst//m02_exit_pipeline/s_axi
INFO: [Wavedata 42-564]   Found protocol instance at /top_microblaze/microblaze/microblaze_i/axi_smc/inst//m02_sc2axi/M_AXI
INFO: [Wavedata 42-564]   Found protocol instance at /top_microblaze/microblaze/microblaze_i/axi_smc/inst//m03_exit_pipeline/m03_exit/M_AXI
INFO: [Wavedata 42-564]   Found protocol instance at /top_microblaze/microblaze/microblaze_i/axi_smc/inst//m03_exit_pipeline/m03_exit/S_AXI
INFO: [Wavedata 42-564]   Found protocol instance at /top_microblaze/microblaze/microblaze_i/axi_smc/inst//m03_exit_pipeline/m_axi
INFO: [Wavedata 42-564]   Found protocol instance at /top_microblaze/microblaze/microblaze_i/axi_smc/inst//m03_exit_pipeline/s_axi
INFO: [Wavedata 42-564]   Found protocol instance at /top_microblaze/microblaze/microblaze_i/axi_smc/inst//m03_sc2axi/M_AXI
INFO: [Wavedata 42-564]   Found protocol instance at /top_microblaze/microblaze/microblaze_i/axi_smc/inst//m04_exit_pipeline/m04_exit/M_AXI
INFO: [Wavedata 42-564]   Found protocol instance at /top_microblaze/microblaze/microblaze_i/axi_smc/inst//m04_exit_pipeline/m04_exit/S_AXI
INFO: [Wavedata 42-564]   Found protocol instance at /top_microblaze/microblaze/microblaze_i/axi_smc/inst//m04_exit_pipeline/m_axi
INFO: [Wavedata 42-564]   Found protocol instance at /top_microblaze/microblaze/microblaze_i/axi_smc/inst//m04_exit_pipeline/s_axi
INFO: [Wavedata 42-564]   Found protocol instance at /top_microblaze/microblaze/microblaze_i/axi_smc/inst//m04_sc2axi/M_AXI
INFO: [Wavedata 42-564]   Found protocol instance at /top_microblaze/microblaze/microblaze_i/axi_smc/inst//s00_axi2sc/S_AXI
INFO: [Wavedata 42-564]   Found protocol instance at /top_microblaze/microblaze/microblaze_i/axi_smc/inst//s00_entry_pipeline/m_axi
INFO: [Wavedata 42-564]   Found protocol instance at /top_microblaze/microblaze/microblaze_i/axi_smc/inst//s00_entry_pipeline/s00_mmu/M_AXI
INFO: [Wavedata 42-564]   Found protocol instance at /top_microblaze/microblaze/microblaze_i/axi_smc/inst//s00_entry_pipeline/s00_mmu/S_AXI
INFO: [Wavedata 42-564]   Found protocol instance at /top_microblaze/microblaze/microblaze_i/axi_smc/inst//s00_entry_pipeline/s00_si_converter/M_AXI
INFO: [Wavedata 42-564]   Found protocol instance at /top_microblaze/microblaze/microblaze_i/axi_smc/inst//s00_entry_pipeline/s00_si_converter/S_AXI
INFO: [Wavedata 42-564]   Found protocol instance at /top_microblaze/microblaze/microblaze_i/axi_smc/inst//s00_entry_pipeline/s00_transaction_regulator/M_AXI
INFO: [Wavedata 42-564]   Found protocol instance at /top_microblaze/microblaze/microblaze_i/axi_smc/inst//s00_entry_pipeline/s00_transaction_regulator/S_AXI
INFO: [Wavedata 42-564]   Found protocol instance at /top_microblaze/microblaze/microblaze_i/axi_smc/inst//s00_entry_pipeline/s_axi
INFO: [Wavedata 42-565] Reading protoinst file protoinst_files/microblaze.protoinst
INFO: [Wavedata 42-564]   Found protocol instance at /top_microblaze/microblaze/microblaze_i//axi_bram_ctrl_0/S_AXI
INFO: [Wavedata 42-564]   Found protocol instance at /top_microblaze/microblaze/microblaze_i//axi_bram_ctrl_1/S_AXI
INFO: [Wavedata 42-564]   Found protocol instance at /top_microblaze/microblaze/microblaze_i//axi_bram_ctrl_2/S_AXI
INFO: [Wavedata 42-564]   Found protocol instance at /top_microblaze/microblaze/microblaze_i//axi_bram_ctrl_3/S_AXI
INFO: [Wavedata 42-564]   Found protocol instance at /top_microblaze/microblaze/microblaze_i//axi_smc/M00_AXI
INFO: [Wavedata 42-564]   Found protocol instance at /top_microblaze/microblaze/microblaze_i//axi_smc/M01_AXI
INFO: [Wavedata 42-564]   Found protocol instance at /top_microblaze/microblaze/microblaze_i//axi_smc/M02_AXI
INFO: [Wavedata 42-564]   Found protocol instance at /top_microblaze/microblaze/microblaze_i//axi_smc/M03_AXI
INFO: [Wavedata 42-564]   Found protocol instance at /top_microblaze/microblaze/microblaze_i//axi_smc/M04_AXI
INFO: [Wavedata 42-564]   Found protocol instance at /top_microblaze/microblaze/microblaze_i//axi_smc/S00_AXI
INFO: [Wavedata 42-564]   Found protocol instance at /top_microblaze/microblaze/microblaze_i//axi_uartlite_0/S_AXI
INFO: [Wavedata 42-564]   Found protocol instance at /top_microblaze/microblaze/microblaze_i//microblaze_0/M_AXI_DP
Time resolution is 1 ps
source top_microblaze.tcl
reading C:/Users/andre/Desktop/snn-fpga/src/hdl/bram/mem/tile_idx_bram.mem
WARNING: Too many words specified in data file C:/Users/andre/Desktop/snn-fpga/src/hdl/bram/mem/tile_idx_bram.mem
reading C:/Users/andre/Desktop/snn-fpga/src/hdl/bram/mem/spk_in_bram.mem
reading C:/Users/andre/Desktop/snn-fpga/src/hdl/bram/mem/weight_bram.mem
WARNING: Too many words specified in data file C:/Users/andre/Desktop/snn-fpga/src/hdl/bram/mem/weight_bram.mem
reading C:/Users/andre/Desktop/snn-fpga/src/hdl/bram/mem/input_bram.mem
reading C:/Users/andre/Desktop/snn-fpga/src/hdl/bram/mem/mem_bram.mem
reading C:/Users/andre/Desktop/snn-fpga/src/hdl/bram/mem/spk_in_bram.mem
Block Memory Generator module top_microblaze.microblaze.microblaze_i.microblaze_0_local_memory.lmb_bram.inst.native_mem_mapped_module.blk_mem_gen_v8_4_9_inst is using a behavioral model for simulation which will not precisely model memory collision behavior.
INFO: [USF-XSim-96] XSim completed. Design snapshot 'top_microblaze_behav' loaded.
INFO: [USF-XSim-97] XSim simulation ran for 1000ns
launch_simulation: Time (s): cpu = 00:00:15 ; elapsed = 00:01:27 . Memory (MB): peak = 1638.906 ; gain = 0.000
restart
INFO: [Wavedata 42-604] Simulation restarted
add_force {/top_microblaze/clk} -radix hex {0 0ns} {1 5000ps} -repeat_every 10000ps
add_force {/top_microblaze/sw} -radix hex {0 0ns}
run 50 us
reading C:/Users/andre/Desktop/snn-fpga/src/hdl/bram/mem/tile_idx_bram.mem
WARNING: Too many words specified in data file C:/Users/andre/Desktop/snn-fpga/src/hdl/bram/mem/tile_idx_bram.mem
reading C:/Users/andre/Desktop/snn-fpga/src/hdl/bram/mem/spk_in_bram.mem
reading C:/Users/andre/Desktop/snn-fpga/src/hdl/bram/mem/weight_bram.mem
WARNING: Too many words specified in data file C:/Users/andre/Desktop/snn-fpga/src/hdl/bram/mem/weight_bram.mem
reading C:/Users/andre/Desktop/snn-fpga/src/hdl/bram/mem/input_bram.mem
reading C:/Users/andre/Desktop/snn-fpga/src/hdl/bram/mem/mem_bram.mem
reading C:/Users/andre/Desktop/snn-fpga/src/hdl/bram/mem/spk_in_bram.mem
Block Memory Generator module top_microblaze.microblaze.microblaze_i.microblaze_0_local_memory.lmb_bram.inst.native_mem_mapped_module.blk_mem_gen_v8_4_9_inst is using a behavioral model for simulation which will not precisely model memory collision behavior.
run: Time (s): cpu = 00:00:02 ; elapsed = 00:00:05 . Memory (MB): peak = 1648.254 ; gain = 0.000
add_force {/top_microblaze/sw} -radix hex {1 0ns}
run 50 us
run: Time (s): cpu = 00:00:02 ; elapsed = 00:00:05 . Memory (MB): peak = 1648.254 ; gain = 0.000
add_force {/top_microblaze/sw} -radix hex {0 0ns}
run 50 us
run: Time (s): cpu = 00:00:02 ; elapsed = 00:00:06 . Memory (MB): peak = 1648.254 ; gain = 0.000
add_force {/top_microblaze/led} -radix hex {1 0ns}
run 50 us
run: Time (s): cpu = 00:00:01 ; elapsed = 00:00:06 . Memory (MB): peak = 1648.254 ; gain = 0.000
remove_forces { {/top_microblaze/led} }
add_force {/top_microblaze/sw} -radix hex {1 0ns}
run 50 us
run: Time (s): cpu = 00:00:02 ; elapsed = 00:00:06 . Memory (MB): peak = 1648.254 ; gain = 0.000
launch_runs impl_1 -to_step write_bitstream -jobs 8
INFO: [BD 41-1029] Generation completed for the IP Integrator block clk_wiz_0 .
WARNING: [IP_Flow 19-4994] Overwriting existing constraint file 'c:/Users/andre/Desktop/snn-fpga/vivado/snn_fpga/snn_fpga.gen/sources_1/bd/microblaze/ip/microblaze_axi_uartlite_0_0/microblaze_axi_uartlite_0_0_ooc.xdc'
INFO: [BD 41-1029] Generation completed for the IP Integrator block axi_uartlite_0 .
INFO: [BD 41-1029] Generation completed for the IP Integrator block microblaze_0 .
INFO: [BD 41-1029] Generation completed for the IP Integrator block microblaze_0_local_memory/dlmb_v10 .
INFO: [BD 41-1029] Generation completed for the IP Integrator block microblaze_0_local_memory/ilmb_v10 .
INFO: [BD 41-1029] Generation completed for the IP Integrator block microblaze_0_local_memory/dlmb_bram_if_cntlr .
INFO: [BD 41-1029] Generation completed for the IP Integrator block microblaze_0_local_memory/ilmb_bram_if_cntlr .
INFO: [BD 41-1029] Generation completed for the IP Integrator block microblaze_0_local_memory/lmb_bram .
INFO: [BD 41-1029] Generation completed for the IP Integrator block mdm_1 .
INFO: [BD 41-1029] Generation completed for the IP Integrator block rst_clk_wiz_0_100M .
INFO: [BD 41-1029] Generation completed for the IP Integrator block axi_bram_ctrl_0 .
INFO: [BD 41-1029] Generation completed for the IP Integrator block axi_bram_ctrl_1 .
INFO: [BD 41-1029] Generation completed for the IP Integrator block axi_bram_ctrl_2 .
INFO: [BD 41-1029] Generation completed for the IP Integrator block axi_bram_ctrl_3 .
Exporting to file c:/Users/andre/Desktop/snn-fpga/vivado/snn_fpga/snn_fpga.gen/sources_1/bd/microblaze/ip/microblaze_axi_smc_0/bd_0/hw_handoff/microblaze_axi_smc_0.hwh
Generated Hardware Definition File c:/Users/andre/Desktop/snn-fpga/vivado/snn_fpga/snn_fpga.gen/sources_1/bd/microblaze/ip/microblaze_axi_smc_0/bd_0/synth/microblaze_axi_smc_0.hwdef
INFO: [BD 41-1029] Generation completed for the IP Integrator block axi_smc .
INFO: [IP_Flow 19-6930] IPCACHE: runCacheChecks() number of threads = 8
INFO: [IP_Flow 19-6921] IPCACHE: Adding cache check func to thread queue for IP microblaze_axi_bram_ctrl_0_0
INFO: [IP_Flow 19-6921] IPCACHE: Adding cache check func to thread queue for IP microblaze_axi_bram_ctrl_1_0
INFO: [IP_Flow 19-6921] IPCACHE: Adding cache check func to thread queue for IP microblaze_axi_bram_ctrl_2_0
INFO: [IP_Flow 19-6921] IPCACHE: Adding cache check func to thread queue for IP microblaze_axi_bram_ctrl_3_0
INFO: [IP_Flow 19-6921] IPCACHE: Adding cache check func to thread queue for IP microblaze_axi_smc_0
INFO: [IP_Flow 19-6921] IPCACHE: Adding cache check func to thread queue for IP microblaze_axi_uartlite_0_0
INFO: [IP_Flow 19-6921] IPCACHE: Adding cache check func to thread queue for IP microblaze_clk_wiz_0_0
INFO: [IP_Flow 19-6921] IPCACHE: Adding cache check func to thread queue for IP microblaze_dlmb_bram_if_cntlr_0
INFO: [IP_Flow 19-6921] IPCACHE: Adding cache check func to thread queue for IP microblaze_dlmb_v10_0
INFO: [IP_Flow 19-6921] IPCACHE: Adding cache check func to thread queue for IP microblaze_ilmb_bram_if_cntlr_0
INFO: [IP_Flow 19-6921] IPCACHE: Adding cache check func to thread queue for IP microblaze_ilmb_v10_0
INFO: [IP_Flow 19-6921] IPCACHE: Adding cache check func to thread queue for IP microblaze_lmb_bram_0
INFO: [IP_Flow 19-6921] IPCACHE: Adding cache check func to thread queue for IP microblaze_mdm_1_0
INFO: [IP_Flow 19-6921] IPCACHE: Adding cache check func to thread queue for IP microblaze_microblaze_0_0
INFO: [IP_Flow 19-6921] IPCACHE: Adding cache check func to thread queue for IP microblaze_rst_clk_wiz_0_100M_0
INFO: [IP_Flow 19-8020] IPCACHE: runCacheChecks() calling threadPool finishWork()
INFO: [IP_Flow 19-6924] IPCACHE: Running cache check for IP inst: microblaze_axi_bram_ctrl_0_0
INFO: [IP_Flow 19-6924] IPCACHE: Running cache check for IP inst: microblaze_axi_bram_ctrl_1_0
INFO: [IP_Flow 19-6924] IPCACHE: Running cache check for IP inst: microblaze_axi_bram_ctrl_2_0
INFO: [IP_Flow 19-6924] IPCACHE: Running cache check for IP inst: microblaze_mdm_1_0
INFO: [IP_Flow 19-6924] IPCACHE: Running cache check for IP inst: microblaze_axi_bram_ctrl_3_0
INFO: [IP_Flow 19-6924] IPCACHE: Running cache check for IP inst: microblaze_axi_smc_0
INFO: [IP_Flow 19-6924] IPCACHE: Running cache check for IP inst: microblaze_axi_uartlite_0_0
INFO: [IP_Flow 19-6924] IPCACHE: Running cache check for IP inst: microblaze_clk_wiz_0_0
INFO: [IP_Flow 19-6924] IPCACHE: Running cache check for IP inst: microblaze_dlmb_v10_0
INFO: [IP_Flow 19-6924] IPCACHE: Running cache check for IP inst: microblaze_ilmb_v10_0
INFO: [IP_Flow 19-6924] IPCACHE: Running cache check for IP inst: microblaze_dlmb_bram_if_cntlr_0
INFO: [IP_Flow 19-6924] IPCACHE: Running cache check for IP inst: microblaze_ilmb_bram_if_cntlr_0
INFO: [IP_Flow 19-6924] IPCACHE: Running cache check for IP inst: microblaze_lmb_bram_0
INFO: [IP_Flow 19-6924] IPCACHE: Running cache check for IP inst: microblaze_microblaze_0_0
INFO: [IP_Flow 19-6924] IPCACHE: Running cache check for IP inst: microblaze_rst_clk_wiz_0_100M_0
[Sun Dec 22 17:57:25 2024] Launched microblaze_ilmb_v10_0_synth_1, microblaze_dlmb_bram_if_cntlr_0_synth_1, microblaze_microblaze_0_0_synth_1, microblaze_clk_wiz_0_0_synth_1, microblaze_dlmb_v10_0_synth_1, microblaze_axi_uartlite_0_0_synth_1, microblaze_axi_smc_0_synth_1, microblaze_mdm_1_0_synth_1, microblaze_ilmb_bram_if_cntlr_0_synth_1, microblaze_axi_bram_ctrl_0_0_synth_1, microblaze_rst_clk_wiz_0_100M_0_synth_1, microblaze_axi_bram_ctrl_3_0_synth_1, microblaze_axi_bram_ctrl_2_0_synth_1, microblaze_axi_bram_ctrl_1_0_synth_1, microblaze_lmb_bram_0_synth_1, synth_1...
Run output will be captured here:
microblaze_ilmb_v10_0_synth_1: C:/Users/andre/Desktop/snn-fpga/vivado/snn_fpga/snn_fpga.runs/microblaze_ilmb_v10_0_synth_1/runme.log
microblaze_dlmb_bram_if_cntlr_0_synth_1: C:/Users/andre/Desktop/snn-fpga/vivado/snn_fpga/snn_fpga.runs/microblaze_dlmb_bram_if_cntlr_0_synth_1/runme.log
microblaze_microblaze_0_0_synth_1: C:/Users/andre/Desktop/snn-fpga/vivado/snn_fpga/snn_fpga.runs/microblaze_microblaze_0_0_synth_1/runme.log
microblaze_clk_wiz_0_0_synth_1: C:/Users/andre/Desktop/snn-fpga/vivado/snn_fpga/snn_fpga.runs/microblaze_clk_wiz_0_0_synth_1/runme.log
microblaze_dlmb_v10_0_synth_1: C:/Users/andre/Desktop/snn-fpga/vivado/snn_fpga/snn_fpga.runs/microblaze_dlmb_v10_0_synth_1/runme.log
microblaze_axi_uartlite_0_0_synth_1: C:/Users/andre/Desktop/snn-fpga/vivado/snn_fpga/snn_fpga.runs/microblaze_axi_uartlite_0_0_synth_1/runme.log
microblaze_axi_smc_0_synth_1: C:/Users/andre/Desktop/snn-fpga/vivado/snn_fpga/snn_fpga.runs/microblaze_axi_smc_0_synth_1/runme.log
microblaze_mdm_1_0_synth_1: C:/Users/andre/Desktop/snn-fpga/vivado/snn_fpga/snn_fpga.runs/microblaze_mdm_1_0_synth_1/runme.log
microblaze_ilmb_bram_if_cntlr_0_synth_1: C:/Users/andre/Desktop/snn-fpga/vivado/snn_fpga/snn_fpga.runs/microblaze_ilmb_bram_if_cntlr_0_synth_1/runme.log
microblaze_axi_bram_ctrl_0_0_synth_1: C:/Users/andre/Desktop/snn-fpga/vivado/snn_fpga/snn_fpga.runs/microblaze_axi_bram_ctrl_0_0_synth_1/runme.log
microblaze_rst_clk_wiz_0_100M_0_synth_1: C:/Users/andre/Desktop/snn-fpga/vivado/snn_fpga/snn_fpga.runs/microblaze_rst_clk_wiz_0_100M_0_synth_1/runme.log
microblaze_axi_bram_ctrl_3_0_synth_1: C:/Users/andre/Desktop/snn-fpga/vivado/snn_fpga/snn_fpga.runs/microblaze_axi_bram_ctrl_3_0_synth_1/runme.log
microblaze_axi_bram_ctrl_2_0_synth_1: C:/Users/andre/Desktop/snn-fpga/vivado/snn_fpga/snn_fpga.runs/microblaze_axi_bram_ctrl_2_0_synth_1/runme.log
microblaze_axi_bram_ctrl_1_0_synth_1: C:/Users/andre/Desktop/snn-fpga/vivado/snn_fpga/snn_fpga.runs/microblaze_axi_bram_ctrl_1_0_synth_1/runme.log
microblaze_lmb_bram_0_synth_1: C:/Users/andre/Desktop/snn-fpga/vivado/snn_fpga/snn_fpga.runs/microblaze_lmb_bram_0_synth_1/runme.log
synth_1: C:/Users/andre/Desktop/snn-fpga/vivado/snn_fpga/snn_fpga.runs/synth_1/runme.log
[Sun Dec 22 17:57:26 2024] Launched impl_1...
Run output will be captured here: C:/Users/andre/Desktop/snn-fpga/vivado/snn_fpga/snn_fpga.runs/impl_1/runme.log
launch_runs: Time (s): cpu = 00:00:27 ; elapsed = 00:00:27 . Memory (MB): peak = 1714.488 ; gain = 66.234
add_files -norecurse C:/Users/andre/Desktop/snn-fpga/src/hdl/bram/dual_port_bram.sv
update_compile_order -fileset sources_1
add_files -norecurse C:/Users/andre/Desktop/snn-fpga/src/hdl/bram/tile_idx_bram.sv
update_compile_order -fileset sources_1
set_property include_dirs {../src/hdl/ ../src/hdl/bram ../src/hdl/snn ../src/hdl/fifo ../src/hdl/bram/mem} [current_fileset]
add_files ../src/hdl/fifo/spk_in_fifo.sv
c:/Users/andre/Desktop/snn-fpga/src/hdl/fifo/spk_in_fifo.sv
add_files ../src/hdl/fifo/tile_idx_fifo.sv
c:/Users/andre/Desktop/snn-fpga/src/hdl/fifo/tile_idx_fifo.sv
add_files ../src/hdl/fifo/weight_fifo.sv
c:/Users/andre/Desktop/snn-fpga/src/hdl/fifo/weight_fifo.sv
add_files ../src/hdl/fifo/mem_fifo.sv
c:/Users/andre/Desktop/snn-fpga/src/hdl/fifo/mem_fifo.sv
#
add_files ../src/hdl/snn/lif_array.sv
c:/Users/andre/Desktop/snn-fpga/src/hdl/snn/lif_array.sv
add_files ../src/hdl/snn/lif.sv
c:/Users/andre/Desktop/snn-fpga/src/hdl/snn/lif.sv
add_files ../src/hdl/snn/synapse_array.sv
c:/Users/andre/Desktop/snn-fpga/src/hdl/snn/synapse_array.sv
add_files ../src/hdl/snn/synapse.sv
c:/Users/andre/Desktop/snn-fpga/src/hdl/snn/synapse.sv
#
add_files ../src/hdl/bram/dual_port_bram.sv
WARNING: [filemgmt 56-12] File 'c:/Users/andre/Desktop/snn-fpga/src/hdl/bram/dual_port_bram.sv' cannot be added to the project because it already exists in the project, skipping this file
add_files ../src/hdl/bram/tile_idx_bram.sv
WARNING: [filemgmt 56-12] File 'c:/Users/andre/Desktop/snn-fpga/src/hdl/bram/tile_idx_bram.sv' cannot be added to the project because it already exists in the project, skipping this file
add_files ../src/hdl/bram/input_bram.sv
c:/Users/andre/Desktop/snn-fpga/src/hdl/bram/input_bram.sv
add_files ../src/hdl/bram/lif_bram.sv
c:/Users/andre/Desktop/snn-fpga/src/hdl/bram/lif_bram.sv
add_files ../src/hdl/bram/spk_in_bram.sv
c:/Users/andre/Desktop/snn-fpga/src/hdl/bram/spk_in_bram.sv
add_files ../src/hdl/bram/weight_bram.sv
c:/Users/andre/Desktop/snn-fpga/src/hdl/bram/weight_bram.sv
#
add_files ../src/hdl/bram/mem/input_bram.mem
WARNING: [filemgmt 56-12] File 'c:/Users/andre/Desktop/snn-fpga/src/hdl/bram/mem/input_bram.mem' cannot be added to the project because it already exists in the project, skipping this file
add_files ../src/hdl/bram/mem/mem_bram.mem
WARNING: [filemgmt 56-12] File 'c:/Users/andre/Desktop/snn-fpga/src/hdl/bram/mem/mem_bram.mem' cannot be added to the project because it already exists in the project, skipping this file
add_files ../src/hdl/bram/mem/spk_in_bram.mem
WARNING: [filemgmt 56-12] File 'c:/Users/andre/Desktop/snn-fpga/src/hdl/bram/mem/spk_in_bram.mem' cannot be added to the project because it already exists in the project, skipping this file
add_files ../src/hdl/bram/mem/weight_bram.mem
WARNING: [filemgmt 56-12] File 'c:/Users/andre/Desktop/snn-fpga/src/hdl/bram/mem/weight_bram.mem' cannot be added to the project because it already exists in the project, skipping this file
add_files ../src/hdl/bram/mem/tile_idx_bram.mem
WARNING: [filemgmt 56-12] File 'c:/Users/andre/Desktop/snn-fpga/src/hdl/bram/mem/tile_idx_bram.mem' cannot be added to the project because it already exists in the project, skipping this file
add_files ../src/hdl/scheduler/lif_scheduler.sv
c:/Users/andre/Desktop/snn-fpga/src/hdl/scheduler/lif_scheduler.sv
add_files ../src/hdl/scheduler/xbar_scheduler.sv
c:/Users/andre/Desktop/snn-fpga/src/hdl/scheduler/xbar_scheduler.sv
add_files ../src/hdl/top.sv
c:/Users/andre/Desktop/snn-fpga/src/hdl/top.sv
add_files ../src/hdl/top_microblaze.sv
WARNING: [filemgmt 56-12] File 'c:/Users/andre/Desktop/snn-fpga/src/hdl/top_microblaze.sv' cannot be added to the project because it already exists in the project, skipping this file
add_files ../src/hdl/basys3-constraints.xdc
WARNING: [filemgmt 56-12] File 'c:/Users/andre/Desktop/snn-fpga/src/hdl/basys3-constraints.xdc' cannot be added to the project because it already exists in the project, skipping this file
add_files ../src/hdl/bram/dual_port_bram.sv
WARNING: [filemgmt 56-12] File 'c:/Users/andre/Desktop/snn-fpga/src/hdl/bram/dual_port_bram.sv' cannot be added to the project because it already exists in the project, skipping this file
add_files ../src/hdl/bram/tile_idx_bram.sv
WARNING: [filemgmt 56-12] File 'c:/Users/andre/Desktop/snn-fpga/src/hdl/bram/tile_idx_bram.sv' cannot be added to the project because it already exists in the project, skipping this file
add_files ../src/hdl/bram/input_bram.sv
WARNING: [filemgmt 56-12] File 'c:/Users/andre/Desktop/snn-fpga/src/hdl/bram/input_bram.sv' cannot be added to the project because it already exists in the project, skipping this file
add_files ../src/hdl/bram/lif_bram.sv
WARNING: [filemgmt 56-12] File 'c:/Users/andre/Desktop/snn-fpga/src/hdl/bram/lif_bram.sv' cannot be added to the project because it already exists in the project, skipping this file
add_files ../src/hdl/bram/spk_in_bram.sv
WARNING: [filemgmt 56-12] File 'c:/Users/andre/Desktop/snn-fpga/src/hdl/bram/spk_in_bram.sv' cannot be added to the project because it already exists in the project, skipping this file
add_files ../src/hdl/bram/weight_bram.sv
WARNING: [filemgmt 56-12] File 'c:/Users/andre/Desktop/snn-fpga/src/hdl/bram/weight_bram.sv' cannot be added to the project because it already exists in the project, skipping this file
add_files ../src/hdl/fifo/spk_in_fifo.sv
WARNING: [filemgmt 56-12] File 'c:/Users/andre/Desktop/snn-fpga/src/hdl/fifo/spk_in_fifo.sv' cannot be added to the project because it already exists in the project, skipping this file
add_files ../src/hdl/fifo/tile_idx_fifo.sv
WARNING: [filemgmt 56-12] File 'c:/Users/andre/Desktop/snn-fpga/src/hdl/fifo/tile_idx_fifo.sv' cannot be added to the project because it already exists in the project, skipping this file
add_files ../src/hdl/fifo/weight_fifo.sv
WARNING: [filemgmt 56-12] File 'c:/Users/andre/Desktop/snn-fpga/src/hdl/fifo/weight_fifo.sv' cannot be added to the project because it already exists in the project, skipping this file
add_files ../src/hdl/fifo/mem_fifo.sv
WARNING: [filemgmt 56-12] File 'c:/Users/andre/Desktop/snn-fpga/src/hdl/fifo/mem_fifo.sv' cannot be added to the project because it already exists in the project, skipping this file
close_sim
INFO: xsimkernel Simulation Memory Usage: 67896 KB (Peak: 67896 KB), Simulation CPU Usage: 28984 ms
INFO: [Simtcl 6-16] Simulation closed
exit
INFO: [Common 17-206] Exiting Vivado at Sun Dec 22 18:15:51 2024...
